This is LuaHBTeX, Version 1.22.0 (TeX Live 2025)  (format=lualatex 2025.9.22)  1 NOV 2025 13:45
 restricted system commands enabled.
**extending-aphantasia-essay.tex
(./extending-aphantasia-essay.tex
LaTeX2e <2025-06-01> patch level 1
L3 programming layer <2025-09-02>
Lua module: luaotfload 2024-12-03 v3.29 Lua based OpenType font support
Lua module: lualibs 2023-07-13 v2.76 ConTeXt Lua standard libraries.
Lua module: lualibs-extended 2023-07-13 v2.76 ConTeXt Lua libraries -- extended 
collection.
luaotfload | conf : Root cache directory is "/home/bonobo/.texlive2025/texmf-var
/luatex-cache/generic/names".
luaotfload | init : Loading fontloader "fontloader-2023-12-28.lua" from kpse-res
olved path "/usr/local/texlive/2025/texmf-dist/tex/luatex/luaotfload/fontloader-
2023-12-28.lua".
Lua-only attribute luaotfload@noligature = 1
luaotfload | init : Context OpenType loader version 3.134
Inserting `luaotfload.node_processor' in `pre_linebreak_filter'.
Inserting `luaotfload.node_processor' in `hpack_filter'.
Inserting `luaotfload.glyph_stream' in `glyph_stream_provider'.
Inserting `luaotfload.define_font' in `define_font'.
Lua-only attribute luaotfload_color_attribute = 2
luaotfload | conf : Root cache directory is "/home/bonobo/.texlive2025/texmf-var
/luatex-cache/generic/names".
Inserting `luaotfload.harf.strip_prefix' in `find_opentype_file'.
Inserting `luaotfload.harf.strip_prefix' in `find_truetype_file'.
Removing  `luaotfload.glyph_stream' from `glyph_stream_provider'.
Inserting `luaotfload.harf.glyphstream' in `glyph_stream_provider'.
Inserting `luaotfload.harf.finalize_vlist' in `post_linebreak_filter'.
Inserting `luaotfload.harf.finalize_hlist' in `hpack_filter'.
Inserting `luaotfload.cleanup_files' in `wrapup_run'.
Inserting `luaotfload.harf.finalize_unicode' in `finish_pdffile'.
Inserting `luaotfload.glyphinfo' in `glyph_info'.
Lua-only attribute luaotfload.letterspace_done = 3
Inserting `luaotfload.aux.set_sscale_dimens' in `luaotfload.patch_font'.
Inserting `luaotfload.aux.set_font_index' in `luaotfload.patch_font'.
Inserting `luaotfload.aux.patch_cambria_domh' in `luaotfload.patch_font'.
Inserting `luaotfload.aux.fixup_fontdata' in `luaotfload.patch_font_unsafe'.
Inserting `luaotfload.aux.set_capheight' in `luaotfload.patch_font'.
Inserting `luaotfload.aux.set_xheight' in `luaotfload.patch_font'.
Inserting `luaotfload.rewrite_fontname' in `luaotfload.patch_font'.
Inserting `tracingstacklevels' in `input_level_string'. (/usr/local/texlive/202
5/texmf-dist/tex/latex/base/article.cls
Document Class: article 2025/01/22 v1.4n Standard LaTeX document class
(/usr/local/texlive/2025/texmf-dist/tex/latex/base/size12.clo
File: size12.clo 2025/01/22 v1.4n Standard LaTeX file (size option)
luaotfload | db : Font names database loaded from /home/bonobo/.texlive2025/texm
f-var/luatex-cache/generic/names/luaotfload-names.luc.gz)
\c@part=\count273
\c@section=\count274
\c@subsection=\count275
\c@subsubsection=\count276
\c@paragraph=\count277
\c@subparagraph=\count278
\c@figure=\count279
\c@table=\count280
\abovecaptionskip=\skip49
\belowcaptionskip=\skip50
\bibindent=\dimen147
)
(/usr/local/texlive/2025/texmf-dist/tex/latex/fontspec/fontspec.sty
(/usr/local/texlive/2025/texmf-dist/tex/latex/l3packages/xparse/xparse.sty
(/usr/local/texlive/2025/texmf-dist/tex/latex/l3kernel/expl3.sty
Package: expl3 2025-09-02 L3 programming layer (loader) 

(/usr/local/texlive/2025/texmf-dist/tex/latex/l3backend/l3backend-luatex.def
File: l3backend-luatex.def 2025-06-09 L3 backend support: PDF output (LuaTeX)
\l__color_backend_stack_int=\count281
Inserting `l3color' in `luaotfload.parse_color'.))
Package: xparse 2024-08-16 L3 Experimental document command parser
)
Package: fontspec 2024/05/11 v2.9e Font selection for XeLaTeX and LuaLaTeX
Lua module: fontspec 2024/05/11 v2.9e Font selection for XeLaTeX and LuaLaTeX (/usr/local/texlive/2025/texmf-dist/tex/latex/fontspec/fontspec-luatex.sty
Package: fontspec-luatex 2024/05/11 v2.9e Font selection for XeLaTeX and LuaLaT
eX
\l__fontspec_script_int=\count282
\l__fontspec_language_int=\count283
\l__fontspec_strnum_int=\count284
\l__fontspec_tmp_int=\count285
\l__fontspec_tmpa_int=\count286
\l__fontspec_tmpb_int=\count287
\l__fontspec_tmpc_int=\count288
\l__fontspec_em_int=\count289
\l__fontspec_emdef_int=\count290
\l__fontspec_strong_int=\count291
\l__fontspec_strongdef_int=\count292
\l__fontspec_tmpa_dim=\dimen148
\l__fontspec_tmpb_dim=\dimen149
\l__fontspec_tmpc_dim=\dimen150

(/usr/local/texlive/2025/texmf-dist/tex/latex/base/fontenc.sty
Package: fontenc 2024/12/21 v2.1c Standard LaTeX package
)
(/usr/local/texlive/2025/texmf-dist/tex/latex/fontspec/fontspec.cfg)))
luaotfload | cache : Lookup cache loaded from /home/bonobo/.texlive2025/texmf-va
r/luatex-cache/generic/names/luaotfload-lookup-cache.luc.

Package fontspec Info: 
(fontspec)             Font family 'TeXGyreTermes(0)' created for font 'TeX
(fontspec)             Gyre Termes' with options [Ligatures=TeX].
(fontspec)              
(fontspec)              This font family consists of the following NFSS
(fontspec)             series/shapes:
(fontspec)              
(fontspec)             - 'normal' (m/n) with NFSS spec.: <->"name:TeX Gyre
(fontspec)             Termes:mode=node;script=latn;language=dflt;+tlig;"
(fontspec)             - 'small caps'  (m/sc) with NFSS spec.: <->"name:TeX
(fontspec)             Gyre
(fontspec)             Termes:mode=node;script=latn;language=dflt;+tlig;+smcp;"

(fontspec)             - 'bold' (b/n) with NFSS spec.: <->"name:TeX Gyre
(fontspec)             Termes/B:mode=node;script=latn;language=dflt;+tlig;"
(fontspec)             - 'bold small caps'  (b/sc) with NFSS spec.:
(fontspec)             <->"name:TeX Gyre
(fontspec)             Termes/B:mode=node;script=latn;language=dflt;+tlig;+smcp
;"
(fontspec)             - 'italic' (m/it) with NFSS spec.: <->"name:TeX Gyre
(fontspec)             Termes/I:mode=node;script=latn;language=dflt;+tlig;"
(fontspec)             - 'italic small caps'  (m/scit) with NFSS spec.:
(fontspec)             <->"name:TeX Gyre
(fontspec)             Termes/I:mode=node;script=latn;language=dflt;+tlig;+smcp
;"
(fontspec)             - 'bold italic' (b/it) with NFSS spec.: <->"name:TeX
(fontspec)             Gyre
(fontspec)             Termes/BI:mode=node;script=latn;language=dflt;+tlig;"
(fontspec)             - 'bold italic small caps'  (b/scit) with NFSS spec.:
(fontspec)             <->"name:TeX Gyre
(fontspec)             Termes/BI:mode=node;script=latn;language=dflt;+tlig;+smc
p;"


(/usr/local/texlive/2025/texmf-dist/tex/latex/microtype/microtype.sty
Package: microtype 2025/07/09 v3.2b Micro-typographical refinements (RS)

(/usr/local/texlive/2025/texmf-dist/tex/latex/graphics/keyval.sty
Package: keyval 2022/05/29 v1.15 key=value parser (DPC)
\KV@toks@=\toks17
)
(/usr/local/texlive/2025/texmf-dist/tex/latex/etoolbox/etoolbox.sty
Package: etoolbox 2025/02/11 v2.5l e-TeX tools for LaTeX (JAW)
\etb@tempcnta=\count293
)
\MT@toks=\toks18
\MT@tempbox=\box53
\MT@count=\count294
LaTeX Info: Redefining \noprotrusionifhmode on input line 1087.
LaTeX Info: Redefining \leftprotrusion on input line 1088.
\MT@prot@toks=\toks19
LaTeX Info: Redefining \rightprotrusion on input line 1107.
LaTeX Info: Redefining \textls on input line 1449.
\MT@outer@kern=\dimen151
LaTeX Info: Redefining \microtypecontext on input line 2053.
LaTeX Info: Redefining \textmicrotypecontext on input line 2070.
\MT@listname@count=\count295

(/usr/local/texlive/2025/texmf-dist/tex/latex/microtype/microtype-luatex.def
File: microtype-luatex.def 2025/07/09 v3.2b Definitions specific to luatex (RS)

Lua module: microtype 2025/07/09 v3.2b microtype module.
Module microtype Info: overwriting function `keepligature' on input line 63
LaTeX Info: Redefining \lsstyle on input line 779.
LaTeX Info: Redefining \lslig on input line 779.
\MT@outer@space=\skip51
)
Package microtype Info: Loading configuration file microtype.cfg.

(/usr/local/texlive/2025/texmf-dist/tex/latex/microtype/microtype.cfg
File: microtype.cfg 2025/07/09 v3.2b microtype main configuration file (RS)
)
LaTeX Info: Redefining \microtypesetup on input line 3065.
)
(/usr/local/texlive/2025/texmf-dist/tex/latex/geometry/geometry.sty
Package: geometry 2020/01/02 v5.9 Page Geometry

(/usr/local/texlive/2025/texmf-dist/tex/generic/iftex/ifvtex.sty
Package: ifvtex 2019/10/25 v1.7 ifvtex legacy package. Use iftex instead.

(/usr/local/texlive/2025/texmf-dist/tex/generic/iftex/iftex.sty
Package: iftex 2024/12/12 v1.0g TeX engine tests
))
\Gm@cnth=\count296
\Gm@cntv=\count297
\c@Gm@tempcnt=\count298
\Gm@bindingoffset=\dimen152
\Gm@wd@mp=\dimen153
\Gm@odd@mp=\dimen154
\Gm@even@mp=\dimen155
\Gm@layoutwidth=\dimen156
\Gm@layoutheight=\dimen157
\Gm@layouthoffset=\dimen158
\Gm@layoutvoffset=\dimen159
\Gm@dimlist=\toks20
)
(/usr/local/texlive/2025/texmf-dist/tex/latex/setspace/setspace.sty
Package: setspace 2022/12/04 v6.7b set line spacing
)
(/usr/local/texlive/2025/texmf-dist/tex/latex/parskip/parskip.sty
Package: parskip 2021-03-14 v2.0h non-zero parskip adjustments

(/usr/local/texlive/2025/texmf-dist/tex/latex/kvoptions/kvoptions.sty
Package: kvoptions 2022-06-15 v3.15 Key value format for package options (HO)

(/usr/local/texlive/2025/texmf-dist/tex/generic/ltxcmds/ltxcmds.sty
Package: ltxcmds 2023-12-04 v1.26 LaTeX kernel commands for general use (HO)
)
(/usr/local/texlive/2025/texmf-dist/tex/latex/kvsetkeys/kvsetkeys.sty
Package: kvsetkeys 2022-10-05 v1.19 Key value parser (HO)
)))
(/usr/local/texlive/2025/texmf-dist/tex/latex/titlesec/titlesec.sty
Package: titlesec 2025/01/04 v2.17 Sectioning titles
\ttl@box=\box54
\beforetitleunit=\skip52
\aftertitleunit=\skip53
\ttl@plus=\dimen160
\ttl@minus=\dimen161
\ttl@toksa=\toks21
\titlewidth=\dimen162
\titlewidthlast=\dimen163
\titlewidthfirst=\dimen164
)
(/usr/local/texlive/2025/texmf-dist/tex/latex/amsmath/amsmath.sty
Package: amsmath 2025/06/16 v2.17y AMS math features
\@mathmargin=\skip54

For additional information on amsmath, use the `?' option.
(/usr/local/texlive/2025/texmf-dist/tex/latex/amsmath/amstext.sty
Package: amstext 2024/11/17 v2.01 AMS text

(/usr/local/texlive/2025/texmf-dist/tex/latex/amsmath/amsgen.sty
File: amsgen.sty 1999/11/30 v2.0 generic functions
\@emptytoks=\toks22
\ex@=\dimen165
))
(/usr/local/texlive/2025/texmf-dist/tex/latex/amsmath/amsbsy.sty
Package: amsbsy 1999/11/29 v1.2d Bold Symbols
\pmbraise@=\dimen166
)
(/usr/local/texlive/2025/texmf-dist/tex/latex/amsmath/amsopn.sty
Package: amsopn 2022/04/08 v2.04 operator names
)
\inf@bad=\count299
LaTeX Info: Redefining \frac on input line 235.
\uproot@=\count300
\leftroot@=\count301
LaTeX Info: Redefining \overline on input line 398.
LaTeX Info: Redefining \colon on input line 409.
\classnum@=\count302
\DOTSCASE@=\count303
LaTeX Info: Redefining \ldots on input line 495.
LaTeX Info: Redefining \dots on input line 498.
LaTeX Info: Redefining \cdots on input line 619.
\Mathstrutbox@=\box55
\strutbox@=\box56
LaTeX Info: Redefining \big on input line 721.
LaTeX Info: Redefining \Big on input line 722.
LaTeX Info: Redefining \bigg on input line 723.
LaTeX Info: Redefining \Bigg on input line 724.
\big@size=\dimen167
LaTeX Font Info:    Redeclaring font encoding OML on input line 742.
LaTeX Font Info:    Redeclaring font encoding OMS on input line 743.
\macc@depth=\count304
LaTeX Info: Redefining \bmod on input line 904.
LaTeX Info: Redefining \pmod on input line 909.
LaTeX Info: Redefining \smash on input line 939.
LaTeX Info: Redefining \relbar on input line 969.
LaTeX Info: Redefining \Relbar on input line 970.
\c@MaxMatrixCols=\count305
\dotsspace@=\muskip17
\c@parentequation=\count306
\dspbrk@lvl=\count307
\tag@help=\toks23
\row@=\count308
\column@=\count309
\maxfields@=\count310
\andhelp@=\toks24
\eqnshift@=\dimen168
\alignsep@=\dimen169
\tagshift@=\dimen170
\tagwidth@=\dimen171
\totwidth@=\dimen172
\lineht@=\dimen173
\@envbody=\toks25
\multlinegap=\skip55
\multlinetaggap=\skip56
\mathdisplay@stack=\toks26
LaTeX Info: Redefining \[ on input line 2949.
LaTeX Info: Redefining \] on input line 2950.
)
(/usr/local/texlive/2025/texmf-dist/tex/latex/amsfonts/amssymb.sty
Package: amssymb 2013/01/14 v3.01 AMS font symbols

(/usr/local/texlive/2025/texmf-dist/tex/latex/amsfonts/amsfonts.sty
Package: amsfonts 2013/01/14 v3.01 Basic AMSFonts support
\symAMSa=\mathgroup4
\symAMSb=\mathgroup5
LaTeX Font Info:    Redeclaring math symbol \hbar on input line 98.
LaTeX Font Info:    Overwriting math alphabet `\mathfrak' in version `bold'
(Font)                  U/euf/m/n --> U/euf/b/n on input line 106.
))
(/usr/local/texlive/2025/texmf-dist/tex/latex/amscls/amsthm.sty
Package: amsthm 2020/05/29 v2.20.6
\thm@style=\toks27
\thm@bodyfont=\toks28
\thm@headfont=\toks29
\thm@notefont=\toks30
\thm@headpunct=\toks31
\thm@preskip=\skip57
\thm@postskip=\skip58
\thm@headsep=\skip59
\dth@everypar=\toks32
)
(/usr/local/texlive/2025/texmf-dist/tex/latex/tools/bm.sty
Package: bm 2023/12/19 v1.2f Bold Symbol Support (DPC/FMi)
\symboldoperators=\mathgroup6
\symboldletters=\mathgroup7
\symboldsymbols=\mathgroup8
Package bm Info: No bold for \OMX/cmex/m/n, using \pmb.
Package bm Info: No bold for \U/msa/m/n, using \pmb.
Package bm Info: No bold for \U/msb/m/n, using \pmb.
LaTeX Font Info:    Redeclaring math alphabet \mathbf on input line 149.
)
(/usr/local/texlive/2025/texmf-dist/tex/latex/hyperref/hyperref.sty
Package: hyperref 2025-07-12 v7.01o Hypertext links for LaTeX

(/usr/local/texlive/2025/texmf-dist/tex/generic/kvdefinekeys/kvdefinekeys.sty
Package: kvdefinekeys 2019-12-19 v1.6 Define keys (HO)
)
(/usr/local/texlive/2025/texmf-dist/tex/generic/pdfescape/pdfescape.sty
Package: pdfescape 2019/12/09 v1.15 Implements pdfTeX's escape features (HO)

(/usr/local/texlive/2025/texmf-dist/tex/generic/pdftexcmds/pdftexcmds.sty
Package: pdftexcmds 2020-06-27 v0.33 Utility functions of pdfTeX for LuaTeX (HO
)

(/usr/local/texlive/2025/texmf-dist/tex/generic/infwarerr/infwarerr.sty
Package: infwarerr 2019/12/03 v1.5 Providing info/warning/error messages (HO)
)
Package pdftexcmds Info: \pdf@primitive is available.
Package pdftexcmds Info: \pdf@ifprimitive is available.
Package pdftexcmds Info: \pdfdraftmode found.
\pdftexcmds@toks=\toks33
))
(/usr/local/texlive/2025/texmf-dist/tex/latex/hycolor/hycolor.sty
Package: hycolor 2020-01-27 v1.10 Color options for hyperref/bookmark (HO)
)
(/usr/local/texlive/2025/texmf-dist/tex/latex/hyperref/nameref.sty
Package: nameref 2025-06-21 v2.57 Cross-referencing by name of section

(/usr/local/texlive/2025/texmf-dist/tex/latex/refcount/refcount.sty
Package: refcount 2019/12/15 v3.6 Data extraction from label references (HO)
)
(/usr/local/texlive/2025/texmf-dist/tex/generic/gettitlestring/gettitlestring.s
ty
Package: gettitlestring 2019/12/15 v1.6 Cleanup title references (HO)
)
\c@section@level=\count311
) (/usr/local/texlive/2025/texmf-dist/tex/generic/stringenc/stringenc.sty
Package: stringenc 2019/11/29 v1.12 Convert strings between diff. encodings (HO
)
)
\@linkdim=\dimen174
\Hy@linkcounter=\count312
\Hy@pagecounter=\count313

(/usr/local/texlive/2025/texmf-dist/tex/latex/hyperref/pd1enc.def
File: pd1enc.def 2025-07-12 v7.01o Hyperref: PDFDocEncoding definition (HO)
)
(/usr/local/texlive/2025/texmf-dist/tex/generic/intcalc/intcalc.sty
Package: intcalc 2019/12/15 v1.3 Expandable calculations with integers (HO)
)
\Hy@SavedSpaceFactor=\count314

(/usr/local/texlive/2025/texmf-dist/tex/latex/hyperref/puenc.def
File: puenc.def 2025-07-12 v7.01o Hyperref: PDF Unicode definition (HO)
)
Package hyperref Info: Hyper figures OFF on input line 4195.
Package hyperref Info: Link nesting OFF on input line 4200.
Package hyperref Info: Hyper index ON on input line 4203.
Package hyperref Info: Plain pages OFF on input line 4210.
Package hyperref Info: Backreferencing OFF on input line 4215.
Package hyperref Info: Implicit mode ON; LaTeX internals redefined.
Package hyperref Info: Bookmarks ON on input line 4462.
\c@Hy@tempcnt=\count315

(/usr/local/texlive/2025/texmf-dist/tex/latex/url/url.sty
\Urlmuskip=\muskip18
Package: url 2013/09/16  ver 3.4  Verb mode for urls, etc.
)
LaTeX Info: Redefining \url on input line 4801.
\XeTeXLinkMargin=\dimen175

(/usr/local/texlive/2025/texmf-dist/tex/generic/bitset/bitset.sty
Package: bitset 2019/12/09 v1.3 Handle bit-vector datatype (HO)

(/usr/local/texlive/2025/texmf-dist/tex/generic/bigintcalc/bigintcalc.sty
Package: bigintcalc 2019/12/15 v1.5 Expandable calculations on big integers (HO
)
))
\Fld@menulength=\count316
\Field@Width=\dimen176
\Fld@charsize=\dimen177
Package hyperref Info: Hyper figures OFF on input line 6078.
Package hyperref Info: Link nesting OFF on input line 6083.
Package hyperref Info: Hyper index ON on input line 6086.
Package hyperref Info: backreferencing OFF on input line 6093.
Package hyperref Info: Link coloring OFF on input line 6098.
Package hyperref Info: Link coloring with OCG OFF on input line 6103.
Package hyperref Info: PDF/A mode OFF on input line 6108.
\Hy@abspage=\count317
\c@Item=\count318
\c@Hfootnote=\count319
)
Package hyperref Info: Driver (autodetected): hluatex.

(/usr/local/texlive/2025/texmf-dist/tex/latex/hyperref/hluatex.def
File: hluatex.def 2025-07-12 v7.01o Hyperref driver for luaTeX
\Fld@listcount=\count320
\c@bookmark@seq@number=\count321

(/usr/local/texlive/2025/texmf-dist/tex/latex/rerunfilecheck/rerunfilecheck.sty
Package: rerunfilecheck 2025-06-21 v1.11 Rerun checks for auxiliary files (HO)

(/usr/local/texlive/2025/texmf-dist/tex/generic/uniquecounter/uniquecounter.sty
Package: uniquecounter 2019/12/15 v1.4 Provide unlimited unique counter (HO)
)
Package uniquecounter Info: New unique counter `rerunfilecheck' on input line 2
84.
)
\Hy@SectionHShift=\skip60
) (/usr/local/texlive/2025/texmf-dist/tex/latex/graphics/graphicx.sty
Package: graphicx 2024/12/31 v1.2e Enhanced LaTeX Graphics (DPC,SPQR)

(/usr/local/texlive/2025/texmf-dist/tex/latex/graphics/graphics.sty
Package: graphics 2024/08/06 v1.4g Standard LaTeX Graphics (DPC,SPQR)

(/usr/local/texlive/2025/texmf-dist/tex/latex/graphics/trig.sty
Package: trig 2023/12/02 v1.11 sin cos tan (DPC)
)
(/usr/local/texlive/2025/texmf-dist/tex/latex/graphics-cfg/graphics.cfg
File: graphics.cfg 2016/06/04 v1.11 sample graphics configuration
)
Package graphics Info: Driver file: luatex.def on input line 106.

(/usr/local/texlive/2025/texmf-dist/tex/latex/graphics-def/luatex.def
File: luatex.def 2024/04/13 v1.2e Graphics/color driver for luatex
))
\Gin@req@height=\dimen178
\Gin@req@width=\dimen179
)
(/usr/local/texlive/2025/texmf-dist/tex/latex/was/upgreek.sty
Package: upgreek 2003/02/12 v2.0 (WaS)
Package upgreek Info: Using Euler Roman for upright Greek on input line 31.
\symugrf@m=\mathgroup9
LaTeX Font Info:    Overwriting symbol font `ugrf@m' in version `bold'
(Font)                  U/eur/m/n --> U/eur/b/n on input line 38.
)
(/usr/local/texlive/2025/texmf-dist/tex/latex/pgf/frontendlayer/tikz.sty
(/usr/local/texlive/2025/texmf-dist/tex/latex/pgf/basiclayer/pgf.sty
(/usr/local/texlive/2025/texmf-dist/tex/latex/pgf/utilities/pgfrcs.sty
(/usr/local/texlive/2025/texmf-dist/tex/generic/pgf/utilities/pgfutil-common.te
x
\pgfutil@everybye=\toks34
\pgfutil@tempdima=\dimen180
\pgfutil@tempdimb=\dimen181
)
(/usr/local/texlive/2025/texmf-dist/tex/generic/pgf/utilities/pgfutil-latex.def
\pgfutil@abb=\box57
) (/usr/local/texlive/2025/texmf-dist/tex/generic/pgf/utilities/pgfrcs.code.tex
(/usr/local/texlive/2025/texmf-dist/tex/generic/pgf/pgf.revision.tex)
Package: pgfrcs 2025-08-29 v3.1.11a (3.1.11a)
))
Package: pgf 2025-08-29 v3.1.11a (3.1.11a)

(/usr/local/texlive/2025/texmf-dist/tex/latex/pgf/basiclayer/pgfcore.sty
(/usr/local/texlive/2025/texmf-dist/tex/latex/pgf/systemlayer/pgfsys.sty
(/usr/local/texlive/2025/texmf-dist/tex/generic/pgf/systemlayer/pgfsys.code.tex
Package: pgfsys 2025-08-29 v3.1.11a (3.1.11a)
(/usr/local/texlive/2025/texmf-dist/tex/generic/pgf/utilities/pgfkeys.code.tex
\pgfkeys@pathtoks=\toks35
\pgfkeys@temptoks=\toks36

(/usr/local/texlive/2025/texmf-dist/tex/generic/pgf/utilities/pgfkeyslibraryfil
tered.code.tex
\pgfkeys@tmptoks=\toks37
))
\pgf@x=\dimen182
\pgf@y=\dimen183
\pgf@xa=\dimen184
\pgf@ya=\dimen185
\pgf@xb=\dimen186
\pgf@yb=\dimen187
\pgf@xc=\dimen188
\pgf@yc=\dimen189
\pgf@xd=\dimen190
\pgf@yd=\dimen191
\w@pgf@writea=\write3
\r@pgf@reada=\read2
\c@pgf@counta=\count322
\c@pgf@countb=\count323
\c@pgf@countc=\count324
\c@pgf@countd=\count325
\t@pgf@toka=\toks38
\t@pgf@tokb=\toks39
\t@pgf@tokc=\toks40
\pgf@sys@id@count=\count326

(/usr/local/texlive/2025/texmf-dist/tex/generic/pgf/systemlayer/pgf.cfg
File: pgf.cfg 2025-08-29 v3.1.11a (3.1.11a)
)
Driver file for pgf: pgfsys-luatex.def

(/usr/local/texlive/2025/texmf-dist/tex/generic/pgf/systemlayer/pgfsys-luatex.d
ef
File: pgfsys-luatex.def 2025-08-29 v3.1.11a (3.1.11a)

(/usr/local/texlive/2025/texmf-dist/tex/generic/pgf/systemlayer/pgfsys-common-p
df.def
File: pgfsys-common-pdf.def 2025-08-29 v3.1.11a (3.1.11a)
)))
(/usr/local/texlive/2025/texmf-dist/tex/generic/pgf/systemlayer/pgfsyssoftpath.
code.tex
File: pgfsyssoftpath.code.tex 2025-08-29 v3.1.11a (3.1.11a)
\pgfsyssoftpath@smallbuffer@items=\count327
\pgfsyssoftpath@bigbuffer@items=\count328
)
(/usr/local/texlive/2025/texmf-dist/tex/generic/pgf/systemlayer/pgfsysprotocol.
code.tex
File: pgfsysprotocol.code.tex 2025-08-29 v3.1.11a (3.1.11a)
)) (/usr/local/texlive/2025/texmf-dist/tex/latex/xcolor/xcolor.sty
Package: xcolor 2024/09/29 v3.02 LaTeX color extensions (UK)

(/usr/local/texlive/2025/texmf-dist/tex/latex/graphics-cfg/color.cfg
File: color.cfg 2016/01/02 v1.6 sample color configuration
)
Package xcolor Info: Driver file: luatex.def on input line 274.

(/usr/local/texlive/2025/texmf-dist/tex/latex/graphics/mathcolor.ltx)
Package xcolor Info: Model `cmy' substituted by `cmy0' on input line 1349.
Package xcolor Info: Model `hsb' substituted by `rgb' on input line 1353.
Package xcolor Info: Model `RGB' extended on input line 1365.
Package xcolor Info: Model `HTML' substituted by `rgb' on input line 1367.
Package xcolor Info: Model `Hsb' substituted by `hsb' on input line 1368.
Package xcolor Info: Model `tHsb' substituted by `hsb' on input line 1369.
Package xcolor Info: Model `HSB' substituted by `hsb' on input line 1370.
Package xcolor Info: Model `Gray' substituted by `gray' on input line 1371.
Package xcolor Info: Model `wave' substituted by `hsb' on input line 1372.
)
(/usr/local/texlive/2025/texmf-dist/tex/generic/pgf/basiclayer/pgfcore.code.tex
Package: pgfcore 2025-08-29 v3.1.11a (3.1.11a)
(/usr/local/texlive/2025/texmf-dist/tex/generic/pgf/math/pgfmath.code.tex
(/usr/local/texlive/2025/texmf-dist/tex/generic/pgf/math/pgfmathutil.code.tex)
(/usr/local/texlive/2025/texmf-dist/tex/generic/pgf/math/pgfmathparser.code.tex
\pgfmath@dimen=\dimen192
\pgfmath@count=\count329
\pgfmath@box=\box58
\pgfmath@toks=\toks41
\pgfmath@stack@operand=\toks42
\pgfmath@stack@operation=\toks43
)
(/usr/local/texlive/2025/texmf-dist/tex/generic/pgf/math/pgfmathfunctions.code.
tex)
(/usr/local/texlive/2025/texmf-dist/tex/generic/pgf/math/pgfmathfunctions.basic
.code.tex)
(/usr/local/texlive/2025/texmf-dist/tex/generic/pgf/math/pgfmathfunctions.trigo
nometric.code.tex)
(/usr/local/texlive/2025/texmf-dist/tex/generic/pgf/math/pgfmathfunctions.rando
m.code.tex)
(/usr/local/texlive/2025/texmf-dist/tex/generic/pgf/math/pgfmathfunctions.compa
rison.code.tex)
(/usr/local/texlive/2025/texmf-dist/tex/generic/pgf/math/pgfmathfunctions.base.
code.tex)
(/usr/local/texlive/2025/texmf-dist/tex/generic/pgf/math/pgfmathfunctions.round
.code.tex)
(/usr/local/texlive/2025/texmf-dist/tex/generic/pgf/math/pgfmathfunctions.misc.
code.tex)
(/usr/local/texlive/2025/texmf-dist/tex/generic/pgf/math/pgfmathfunctions.integ
erarithmetics.code.tex)
(/usr/local/texlive/2025/texmf-dist/tex/generic/pgf/math/pgfmathcalc.code.tex)
(/usr/local/texlive/2025/texmf-dist/tex/generic/pgf/math/pgfmathfloat.code.tex
\c@pgfmathroundto@lastzeros=\count330
)) (/usr/local/texlive/2025/texmf-dist/tex/generic/pgf/math/pgfint.code.tex)
(/usr/local/texlive/2025/texmf-dist/tex/generic/pgf/basiclayer/pgfcorepoints.co
de.tex
File: pgfcorepoints.code.tex 2025-08-29 v3.1.11a (3.1.11a)
\pgf@picminx=\dimen193
\pgf@picmaxx=\dimen194
\pgf@picminy=\dimen195
\pgf@picmaxy=\dimen196
\pgf@pathminx=\dimen197
\pgf@pathmaxx=\dimen198
\pgf@pathminy=\dimen199
\pgf@pathmaxy=\dimen256
\pgf@xx=\dimen257
\pgf@xy=\dimen258
\pgf@yx=\dimen259
\pgf@yy=\dimen260
\pgf@zx=\dimen261
\pgf@zy=\dimen262
)
(/usr/local/texlive/2025/texmf-dist/tex/generic/pgf/basiclayer/pgfcorepathconst
ruct.code.tex
File: pgfcorepathconstruct.code.tex 2025-08-29 v3.1.11a (3.1.11a)
\pgf@path@lastx=\dimen263
\pgf@path@lasty=\dimen264
)
(/usr/local/texlive/2025/texmf-dist/tex/generic/pgf/basiclayer/pgfcorepathusage
.code.tex
File: pgfcorepathusage.code.tex 2025-08-29 v3.1.11a (3.1.11a)
\pgf@shorten@end@additional=\dimen265
\pgf@shorten@start@additional=\dimen266
)
(/usr/local/texlive/2025/texmf-dist/tex/generic/pgf/basiclayer/pgfcorescopes.co
de.tex
File: pgfcorescopes.code.tex 2025-08-29 v3.1.11a (3.1.11a)
\pgfpic=\box59
\pgf@hbox=\box60
\pgf@layerbox@main=\box61
\pgf@picture@serial@count=\count331
)
(/usr/local/texlive/2025/texmf-dist/tex/generic/pgf/basiclayer/pgfcoregraphicst
ate.code.tex
File: pgfcoregraphicstate.code.tex 2025-08-29 v3.1.11a (3.1.11a)
\pgflinewidth=\dimen267
)
(/usr/local/texlive/2025/texmf-dist/tex/generic/pgf/basiclayer/pgfcoretransform
ations.code.tex
File: pgfcoretransformations.code.tex 2025-08-29 v3.1.11a (3.1.11a)
\pgf@pt@x=\dimen268
\pgf@pt@y=\dimen269
\pgf@pt@temp=\dimen270
)
(/usr/local/texlive/2025/texmf-dist/tex/generic/pgf/basiclayer/pgfcorequick.cod
e.tex
File: pgfcorequick.code.tex 2025-08-29 v3.1.11a (3.1.11a)
)
(/usr/local/texlive/2025/texmf-dist/tex/generic/pgf/basiclayer/pgfcoreobjects.c
ode.tex
File: pgfcoreobjects.code.tex 2025-08-29 v3.1.11a (3.1.11a)
)
(/usr/local/texlive/2025/texmf-dist/tex/generic/pgf/basiclayer/pgfcorepathproce
ssing.code.tex
File: pgfcorepathprocessing.code.tex 2025-08-29 v3.1.11a (3.1.11a)
)
(/usr/local/texlive/2025/texmf-dist/tex/generic/pgf/basiclayer/pgfcorearrows.co
de.tex
File: pgfcorearrows.code.tex 2025-08-29 v3.1.11a (3.1.11a)
\pgfarrowsep=\dimen271
)
(/usr/local/texlive/2025/texmf-dist/tex/generic/pgf/basiclayer/pgfcoreshade.cod
e.tex
File: pgfcoreshade.code.tex 2025-08-29 v3.1.11a (3.1.11a)
\pgf@max=\dimen272
\pgf@sys@shading@range@num=\count332
\pgf@shadingcount=\count333
)
(/usr/local/texlive/2025/texmf-dist/tex/generic/pgf/basiclayer/pgfcoreimage.cod
e.tex
File: pgfcoreimage.code.tex 2025-08-29 v3.1.11a (3.1.11a)
)
(/usr/local/texlive/2025/texmf-dist/tex/generic/pgf/basiclayer/pgfcoreexternal.
code.tex
File: pgfcoreexternal.code.tex 2025-08-29 v3.1.11a (3.1.11a)
\pgfexternal@startupbox=\box62
)
(/usr/local/texlive/2025/texmf-dist/tex/generic/pgf/basiclayer/pgfcorelayers.co
de.tex
File: pgfcorelayers.code.tex 2025-08-29 v3.1.11a (3.1.11a)
)
(/usr/local/texlive/2025/texmf-dist/tex/generic/pgf/basiclayer/pgfcoretranspare
ncy.code.tex
File: pgfcoretransparency.code.tex 2025-08-29 v3.1.11a (3.1.11a)
)
(/usr/local/texlive/2025/texmf-dist/tex/generic/pgf/basiclayer/pgfcorepatterns.
code.tex
File: pgfcorepatterns.code.tex 2025-08-29 v3.1.11a (3.1.11a)
)
(/usr/local/texlive/2025/texmf-dist/tex/generic/pgf/basiclayer/pgfcorerdf.code.
tex
File: pgfcorerdf.code.tex 2025-08-29 v3.1.11a (3.1.11a)
)))
(/usr/local/texlive/2025/texmf-dist/tex/generic/pgf/modules/pgfmoduleshapes.cod
e.tex
File: pgfmoduleshapes.code.tex 2025-08-29 v3.1.11a (3.1.11a)
\pgfnodeparttextbox=\box63
)
(/usr/local/texlive/2025/texmf-dist/tex/generic/pgf/modules/pgfmoduleplot.code.
tex
File: pgfmoduleplot.code.tex 2025-08-29 v3.1.11a (3.1.11a)
)
(/usr/local/texlive/2025/texmf-dist/tex/latex/pgf/compatibility/pgfcomp-version
-0-65.sty
Package: pgfcomp-version-0-65 2025-08-29 v3.1.11a (3.1.11a)
\pgf@nodesepstart=\dimen273
\pgf@nodesepend=\dimen274
)
(/usr/local/texlive/2025/texmf-dist/tex/latex/pgf/compatibility/pgfcomp-version
-1-18.sty
Package: pgfcomp-version-1-18 2025-08-29 v3.1.11a (3.1.11a)
))
(/usr/local/texlive/2025/texmf-dist/tex/latex/pgf/utilities/pgffor.sty
(/usr/local/texlive/2025/texmf-dist/tex/latex/pgf/utilities/pgfkeys.sty
(/usr/local/texlive/2025/texmf-dist/tex/generic/pgf/utilities/pgfkeys.code.tex))
 (/usr/local/texlive/2025/texmf-dist/tex/latex/pgf/math/pgfmath.sty
(/usr/local/texlive/2025/texmf-dist/tex/generic/pgf/math/pgfmath.code.tex))
(/usr/local/texlive/2025/texmf-dist/tex/generic/pgf/utilities/pgffor.code.tex
Package: pgffor 2025-08-29 v3.1.11a (3.1.11a)
\pgffor@iter=\dimen275
\pgffor@skip=\dimen276
\pgffor@stack=\toks44
\pgffor@toks=\toks45
))
(/usr/local/texlive/2025/texmf-dist/tex/generic/pgf/frontendlayer/tikz/tikz.cod
e.tex
Package: tikz 2025-08-29 v3.1.11a (3.1.11a)

(/usr/local/texlive/2025/texmf-dist/tex/generic/pgf/libraries/pgflibraryplothan
dlers.code.tex
File: pgflibraryplothandlers.code.tex 2025-08-29 v3.1.11a (3.1.11a)
\pgf@plot@mark@count=\count334
\pgfplotmarksize=\dimen277
)
\tikz@lastx=\dimen278
\tikz@lasty=\dimen279
\tikz@lastxsaved=\dimen280
\tikz@lastysaved=\dimen281
\tikz@lastmovetox=\dimen282
\tikz@lastmovetoy=\dimen283
\tikzleveldistance=\dimen284
\tikzsiblingdistance=\dimen285
\tikz@figbox=\box64
\tikz@figbox@bg=\box65
\tikz@tempbox=\box66
\tikz@tempbox@bg=\box67
\tikztreelevel=\count335
\tikznumberofchildren=\count336
\tikznumberofcurrentchild=\count337
\tikz@fig@count=\count338

(/usr/local/texlive/2025/texmf-dist/tex/generic/pgf/modules/pgfmodulematrix.cod
e.tex
File: pgfmodulematrix.code.tex 2025-08-29 v3.1.11a (3.1.11a)
\pgfmatrixcurrentrow=\count339
\pgfmatrixcurrentcolumn=\count340
\pgf@matrix@numberofcolumns=\count341
)
\tikz@expandcount=\count342

(/usr/local/texlive/2025/texmf-dist/tex/generic/pgf/frontendlayer/tikz/librarie
s/tikzlibrarytopaths.code.tex
File: tikzlibrarytopaths.code.tex 2025-08-29 v3.1.11a (3.1.11a)
)))
(/usr/local/texlive/2025/texmf-dist/tex/generic/pgf/libraries/pgflibraryarrows.
meta.code.tex
File: pgflibraryarrows.meta.code.tex 2025-08-29 v3.1.11a (3.1.11a)
\pgfarrowinset=\dimen286
\pgfarrowlength=\dimen287
\pgfarrowwidth=\dimen288
\pgfarrowlinewidth=\dimen289
)
(/usr/local/texlive/2025/texmf-dist/tex/generic/pgf/frontendlayer/tikz/librarie
s/tikzlibrarycalc.code.tex
File: tikzlibrarycalc.code.tex 2025-08-29 v3.1.11a (3.1.11a)
)
(/usr/local/texlive/2025/texmf-dist/tex/generic/pgf/frontendlayer/tikz/librarie
s/tikzlibrarypositioning.code.tex
File: tikzlibrarypositioning.code.tex 2025-08-29 v3.1.11a (3.1.11a)
)
(/usr/local/texlive/2025/texmf-dist/tex/latex/booktabs/booktabs.sty
Package: booktabs 2020/01/12 v1.61803398 Publication quality tables
\heavyrulewidth=\dimen290
\lightrulewidth=\dimen291
\cmidrulewidth=\dimen292
\belowrulesep=\dimen293
\belowbottomsep=\dimen294
\aboverulesep=\dimen295
\abovetopsep=\dimen296
\cmidrulesep=\dimen297
\cmidrulekern=\dimen298
\defaultaddspace=\dimen299
\@cmidla=\count343
\@cmidlb=\count344
\@aboverulesep=\dimen300
\@belowrulesep=\dimen301
\@thisruleclass=\count345
\@lastruleclass=\count346
\@thisrulewidth=\dimen302
)
(/usr/local/texlive/2025/texmf-dist/tex/latex/enumitem/enumitem.sty
Package: enumitem 2025/02/06 v3.11 Customized lists
\labelindent=\skip61
\enit@outerparindent=\dimen303
\enit@toks=\toks46
\enit@inbox=\box68
\enit@count@id=\count347
\enitdp@description=\count348
)
(./extending-aphantasia-essay.aux

LaTeX Warning: Label `eq:action' multiply defined.


LaTeX Warning: Label `thm:equiv' multiply defined.


LaTeX Warning: Label `thm:soundness' multiply defined.


LaTeX Warning: Label `app:consciousness' multiply defined.


LaTeX Warning: Label `def:omega' multiply defined.


LaTeX Warning: Label `prop:aware' multiply defined.


LaTeX Warning: Label `def:phenomenal' multiply defined.


LaTeX Warning: Label `prop:unity' multiply defined.


LaTeX Warning: Label `def:self' multiply defined.


LaTeX Warning: Label `prop:reflex' multiply defined.


LaTeX Warning: Label `thm:reflective' multiply defined.


LaTeX Warning: Label `def:subtopos' multiply defined.


LaTeX Warning: Label `prop:hier' multiply defined.


LaTeX Warning: Label `def:phenoalg' multiply defined.


LaTeX Warning: Label `thm:soundness' multiply defined.


LaTeX Warning: Label `friston2019' multiply defined.


LaTeX Warning: Label `cox2016' multiply defined.

)
\openout1 = extending-aphantasia-essay.aux

LaTeX Font Info:    Checking defaults for OML/cmm/m/it on input line 28.
LaTeX Font Info:    ... okay on input line 28.
LaTeX Font Info:    Checking defaults for OMS/cmsy/m/n on input line 28.
LaTeX Font Info:    ... okay on input line 28.
LaTeX Font Info:    Checking defaults for OT1/cmr/m/n on input line 28.
LaTeX Font Info:    ... okay on input line 28.
LaTeX Font Info:    Checking defaults for T1/cmr/m/n on input line 28.
LaTeX Font Info:    ... okay on input line 28.
LaTeX Font Info:    Checking defaults for TS1/cmr/m/n on input line 28.
LaTeX Font Info:    ... okay on input line 28.
LaTeX Font Info:    Checking defaults for TU/lmr/m/n on input line 28.
LaTeX Font Info:    ... okay on input line 28.
LaTeX Font Info:    Checking defaults for OMX/cmex/m/n on input line 28.
LaTeX Font Info:    ... okay on input line 28.
LaTeX Font Info:    Checking defaults for U/cmr/m/n on input line 28.
LaTeX Font Info:    ... okay on input line 28.
LaTeX Font Info:    Checking defaults for PD1/pdf/m/n on input line 28.
LaTeX Font Info:    ... okay on input line 28.
LaTeX Font Info:    Checking defaults for PU/pdf/m/n on input line 28.
LaTeX Font Info:    ... okay on input line 28.

Package fontspec Info: 
(fontspec)             Adjusting the maths setup (use [no-math] to avoid
(fontspec)             this).

\symlegacymaths=\mathgroup10
LaTeX Font Info:    Overwriting symbol font `legacymaths' in version `bold'
(Font)                  OT1/cmr/m/n --> OT1/cmr/bx/n on input line 28.
LaTeX Font Info:    Redeclaring math accent \acute on input line 28.
LaTeX Font Info:    Redeclaring math accent \grave on input line 28.
LaTeX Font Info:    Redeclaring math accent \ddot on input line 28.
LaTeX Font Info:    Redeclaring math accent \tilde on input line 28.
LaTeX Font Info:    Redeclaring math accent \bar on input line 28.
LaTeX Font Info:    Redeclaring math accent \breve on input line 28.
LaTeX Font Info:    Redeclaring math accent \check on input line 28.
LaTeX Font Info:    Redeclaring math accent \hat on input line 28.
LaTeX Font Info:    Redeclaring math accent \dot on input line 28.
LaTeX Font Info:    Redeclaring math accent \mathring on input line 28.
LaTeX Font Info:    Redeclaring math symbol \Gamma on input line 28.
LaTeX Font Info:    Redeclaring math symbol \Delta on input line 28.
LaTeX Font Info:    Redeclaring math symbol \Theta on input line 28.
LaTeX Font Info:    Redeclaring math symbol \Lambda on input line 28.
LaTeX Font Info:    Redeclaring math symbol \Xi on input line 28.
LaTeX Font Info:    Redeclaring math symbol \Pi on input line 28.
LaTeX Font Info:    Redeclaring math symbol \Sigma on input line 28.
LaTeX Font Info:    Redeclaring math symbol \Upsilon on input line 28.
LaTeX Font Info:    Redeclaring math symbol \Phi on input line 28.
LaTeX Font Info:    Redeclaring math symbol \Psi on input line 28.
LaTeX Font Info:    Redeclaring math symbol \Omega on input line 28.
LaTeX Font Info:    Redeclaring math symbol \mathdollar on input line 28.
LaTeX Font Info:    Redeclaring symbol font `operators' on input line 28.
LaTeX Font Info:    Encoding `OT1' has changed to `TU' for symbol font
(Font)              `operators' in the math version `normal' on input line 28.
LaTeX Font Info:    Overwriting symbol font `operators' in version `normal'
(Font)                  OT1/cmr/m/n --> TU/TeXGyreTermes(0)/m/n on input line 2
8.
LaTeX Font Info:    Encoding `OT1' has changed to `TU' for symbol font
(Font)              `operators' in the math version `bold' on input line 28.
LaTeX Font Info:    Overwriting symbol font `operators' in version `bold'
(Font)                  OT1/cmr/bx/n --> TU/TeXGyreTermes(0)/m/n on input line 
28.
LaTeX Font Info:    Overwriting symbol font `operators' in version `normal'
(Font)                  TU/TeXGyreTermes(0)/m/n --> TU/TeXGyreTermes(0)/m/n on 
input line 28.
LaTeX Font Info:    Overwriting math alphabet `\mathit' in version `normal'
(Font)                  OT1/cmr/m/it --> TU/TeXGyreTermes(0)/m/it on input line
 28.
LaTeX Font Info:    Overwriting math alphabet `\mathbf' in version `normal'
(Font)                  OT1/cmr/bx/n --> TU/TeXGyreTermes(0)/b/n on input line 
28.
LaTeX Font Info:    Overwriting math alphabet `\mathsf' in version `normal'
(Font)                  OT1/cmss/m/n --> TU/lmss/m/n on input line 28.
LaTeX Font Info:    Overwriting math alphabet `\mathtt' in version `normal'
(Font)                  OT1/cmtt/m/n --> TU/lmtt/m/n on input line 28.
LaTeX Font Info:    Overwriting symbol font `operators' in version `bold'
(Font)                  TU/TeXGyreTermes(0)/m/n --> TU/TeXGyreTermes(0)/b/n on 
input line 28.
LaTeX Font Info:    Overwriting math alphabet `\mathit' in version `bold'
(Font)                  OT1/cmr/bx/it --> TU/TeXGyreTermes(0)/b/it on input lin
e 28.
LaTeX Font Info:    Overwriting math alphabet `\mathsf' in version `bold'
(Font)                  OT1/cmss/bx/n --> TU/lmss/b/n on input line 28.
LaTeX Font Info:    Overwriting math alphabet `\mathtt' in version `bold'
(Font)                  OT1/cmtt/m/n --> TU/lmtt/b/n on input line 28.
LaTeX Info: Redefining \microtypecontext on input line 28.
Package microtype Info: Applying patch `item' on input line 28.
Package microtype Info: Applying patch `toc' on input line 28.
Package microtype Info: Applying patch `eqnum' on input line 28.
Package microtype Info: Applying patch `footnote' on input line 28.
Package microtype Info: Applying patch `verbatim' on input line 28.
LaTeX Info: Redefining \microtypesetup on input line 28.
Package microtype Info: Generating PDF output.
Package microtype Info: Character protrusion enabled (level 2).
Package microtype Info: Using default protrusion set `alltext'.
Package microtype Info: Automatic font expansion enabled (level 2),
(microtype)             stretch: 20, shrink: 20, step: 1, non-selected.
Package microtype Info: Using default expansion set `alltext-nott'.
Package microtype Info: Patching command `\showhyphens'.
Package microtype Info: No adjustment of tracking.
Package microtype Info: No adjustment of spacing.
Package microtype Info: No adjustment of kerning.
Package microtype Info: Loading generic protrusion settings for font family
(microtype)             `TeXGyreTermes' (encoding: TU).
(microtype)             For optimal results, create family-specific settings.
(microtype)             See the microtype manual for details.

*geometry* driver: auto-detecting
*geometry* detected driver: luatex
*geometry* verbose mode - [ preamble ] result:
* driver: luatex
* paper: a4paper
* layout: <same size as paper>
* layoutoffset:(h,v)=(0.0pt,0.0pt)
* modes: 
* h-part:(L,W,R)=(79.49744pt, 438.513pt, 79.49744pt)
* v-part:(T,H,B)=(79.49744pt, 686.05197pt, 79.49744pt)
* \paperwidth=597.50787pt
* \paperheight=845.04684pt
* \textwidth=438.513pt
* \textheight=686.05197pt
* \oddsidemargin=7.22745pt
* \evensidemargin=7.22745pt
* \topmargin=-29.77255pt
* \headheight=12.0pt
* \headsep=25.0pt
* \topskip=12.0pt
* \footskip=30.0pt
* \marginparwidth=35.0pt
* \marginparsep=10.0pt
* \columnsep=10.0pt
* \skip\footins=10.8pt plus 4.0pt minus 2.0pt
* \hoffset=0.0pt
* \voffset=0.0pt
* \mag=1000
* \@twocolumnfalse
* \@twosidefalse
* \@mparswitchfalse
* \@reversemarginfalse
* (1in=72.27pt=25.4mm, 1cm=28.453pt)

Package hyperref Info: Link coloring OFF on input line 28.
(./extending-aphantasia-essay.out) (./extending-aphantasia-essay.out)
\@outlinefile=\write4

\openout4 = extending-aphantasia-essay.out

(/usr/local/texlive/2025/texmf-dist/tex/context/base/mkii/supp-pdf.mkii
[Loading MPS to PDF converter (version 2006.09.02).]
\scratchcounter=\count349
\scratchdimen=\dimen304
\scratchbox=\box69
\nofMPsegments=\count350
\nofMParguments=\count351
\everyMPshowfont=\toks47
\MPscratchCnt=\count352
\MPscratchDim=\dimen305
\MPnumerator=\count353
\makeMPintoPDFobject=\count354
\everyMPtoPDFconversion=\toks48
) (/usr/local/texlive/2025/texmf-dist/tex/latex/epstopdf-pkg/epstopdf-base.sty
Package: epstopdf-base 2020-01-24 v2.11 Base part for package epstopdf
Package epstopdf-base Info: Redefining graphics rule for `.eps' on input line 4
85.

(/usr/local/texlive/2025/texmf-dist/tex/latex/latexconfig/epstopdf-sys.cfg
File: epstopdf-sys.cfg 2010/07/13 v1.3 Configuration of (r)epstopdf for TeX Liv
e
))
LaTeX Font Info:    Trying to load font information for U+msa on input line 30.


(/usr/local/texlive/2025/texmf-dist/tex/latex/amsfonts/umsa.fd
File: umsa.fd 2013/01/14 v3.01 AMS symbols A
)
(/usr/local/texlive/2025/texmf-dist/tex/latex/microtype/mt-msa.cfg
File: mt-msa.cfg 2006/02/04 v1.1 microtype config. file: AMS symbols (a) (RS)
)
LaTeX Font Info:    Trying to load font information for U+msb on input line 30.


(/usr/local/texlive/2025/texmf-dist/tex/latex/amsfonts/umsb.fd
File: umsb.fd 2013/01/14 v3.01 AMS symbols B
)
(/usr/local/texlive/2025/texmf-dist/tex/latex/microtype/mt-msb.cfg
File: mt-msb.cfg 2005/06/01 v1.0 microtype config. file: AMS symbols (b) (RS)
)
(/usr/local/texlive/2025/texmf-dist/tex/latex/microtype/mt-cmr.cfg
File: mt-cmr.cfg 2013/05/19 v2.2 microtype config. file: Computer Modern Roman 
(RS)
)
(/usr/local/texlive/2025/texmf-dist/tex/latex/microtype/mt-eur.cfg
File: mt-eur.cfg 2006/07/31 v1.1 microtype config. file: AMS Euler Roman (RS)
)

[1

{/usr/local/texlive/2025/texmf-var/fonts/map/pdftex/updmap/pdftex.map}]

! LaTeX Error: Environment theorem undefined.

See the LaTeX manual or LaTeX Companion for explanation.
Type  H <return>  for immediate help.
 ...                                              
                                                  
l.77 \begin{theorem}
                    [Euler--Lagrange Equations of Cognition]
? 

! LaTeX Error: \begin{spacing} on input line 30 ended by \end{theorem}.

See the LaTeX manual or LaTeX Companion for explanation.
Type  H <return>  for immediate help.
 ...                                              
                                                  
l.88 \end{theorem}
                  
? 


[2]

[3]

! LaTeX Error: Environment corollary undefined.

See the LaTeX manual or LaTeX Companion for explanation.
Type  H <return>  for immediate help.
 ...                                              
                                                  
l.170 \begin{corollary}
                       [Negentropic Learning]
? 

! LaTeX Error: \begin{spacing} on input line 30 ended by \end{corollary}.

See the LaTeX manual or LaTeX Companion for explanation.
Type  H <return>  for immediate help.
 ...                                              
                                                  
l.173 \end{corollary}
                     
? 


[4]

[5]

! LaTeX Error: Environment proposition undefined.

See the LaTeX manual or LaTeX Companion for explanation.
Type  H <return>  for immediate help.
 ...                                              
                                                  
l.256 \begin{proposition}
                         [Mimetic Coupling Equation]
? 

! LaTeX Error: Bad math environment delimiter.

See the LaTeX manual or LaTeX Companion for explanation.
Type  H <return>  for immediate help.
 ...                                              
                                                  
l.262 \]
        
? 

! LaTeX Error: \begin{spacing} on input line 30 ended by \end{equation*}.

See the LaTeX manual or LaTeX Companion for explanation.
Type  H <return>  for immediate help.
 ...                                              
                                                  
l.262 \]
        
? 
! Missing $ inserted.
<inserted text> 
                $
l.262 \]
        
? 
! Display math should end with $$.
<to be read again> 
                   \endgroup 
l.262 \]
        
? 

! LaTeX Error: \begin{spacing} on input line 30 ended by \end{proposition}.

See the LaTeX manual or LaTeX Companion for explanation.
Type  H <return>  for immediate help.
 ...                                              
                                                  
l.263 \end{proposition}
                       
? 


[6]

[7]

! LaTeX Error: Environment definition undefined.

See the LaTeX manual or LaTeX Companion for explanation.
Type  H <return>  for immediate help.
 ...                                              
                                                  
l.348 \begin{definition}
                        [Semantic Energy Metric]
? 

! LaTeX Error: Bad math environment delimiter.

See the LaTeX manual or LaTeX Companion for explanation.
Type  H <return>  for immediate help.
 ...                                              
                                                  
l.356 \]
        
? 

! LaTeX Error: \begin{spacing} on input line 30 ended by \end{equation*}.

See the LaTeX manual or LaTeX Companion for explanation.
Type  H <return>  for immediate help.
 ...                                              
                                                  
l.356 \]
        
? 
! Missing $ inserted.
<inserted text> 
                $
l.356 \]
        
? 
! Display math should end with $$.
<to be read again> 
                   \endgroup 
l.356 \]
        
? 

! LaTeX Error: \begin{spacing} on input line 30 ended by \end{definition}.

See the LaTeX manual or LaTeX Companion for explanation.
Type  H <return>  for immediate help.
 ...                                              
                                                  
l.357 \end{definition}
                      
? 

! LaTeX Error: Environment proposition undefined.

See the LaTeX manual or LaTeX Companion for explanation.
Type  H <return>  for immediate help.
 ...                                              
                                                  
l.376 \begin{proposition}
                         [Curvature-Constrained Diffusion]
? 

! LaTeX Error: \begin{document} ended by \end{proposition}.

See the LaTeX manual or LaTeX Companion for explanation.
Type  H <return>  for immediate help.
 ...                                              
                                                  
l.387 \end{proposition}
                       
? 

Overfull \hbox (0.3785pt too wide) in paragraph at lines 394--398
\TU/TeXGyreTermes(0)/m/n/12 The Lich-nerow-icz es-ti-mate on com-pact man-i-fold
s with $\OML/cmm/m/it/12 R > \OT1/cmr/m/n/12 0$ \TU/TeXGyreTermes(0)/m/n/12 give
s $[] \OMS/cmsy/m/n/12 jr\OT1/cmr/m/n/12 \OMS/cmsy/m/n/12 j[]\OML/cmm/m/it/12 
dV \OMS/cmsy/m/n/12  \OML/cmm/m/it/12 R[]\OMS/cmsy/m/n/12 k\OT1/cmr/m/n/12 \O
MS/cmsy/m/n/12 k[]$\TU/TeXGyreTermes(0)/m/n/12 ,
 []



[8]

! LaTeX Error: Environment theorem undefined.

See the LaTeX manual or LaTeX Companion for explanation.
Type  H <return>  for immediate help.
 ...                                              
                                                  
l.423 \begin{theorem}
                     [Local Existence and Uniqueness]
? 

! LaTeX Error: \begin{document} ended by \end{theorem}.

See the LaTeX manual or LaTeX Companion for explanation.
Type  H <return>  for immediate help.
 ...                                              
                                                  
l.427 \end{theorem}
                   
? 

! LaTeX Error: Environment lemma undefined.

See the LaTeX manual or LaTeX Companion for explanation.
Type  H <return>  for immediate help.
 ...                                              
                                                  
l.440 \begin{lemma}
                   [Energy Estimate]
? 

! LaTeX Error: \begin{document} ended by \end{lemma}.

See the LaTeX manual or LaTeX Companion for explanation.
Type  H <return>  for immediate help.
 ...                                              
                                                  
l.448 \end{lemma}
                 
? 

! LaTeX Error: Environment theorem undefined.

See the LaTeX manual or LaTeX Companion for explanation.
Type  H <return>  for immediate help.
 ...                                              
                                                  
l.461 \begin{theorem}
                     [Preservation of Decomposition]
? 

! LaTeX Error: \begin{document} ended by \end{theorem}.

See the LaTeX manual or LaTeX Companion for explanation.
Type  H <return>  for immediate help.
 ...                                              
                                                  
l.468 \end{theorem}
                   
? 


[9]

[10]

! LaTeX Error: Environment definition undefined.

See the LaTeX manual or LaTeX Companion for explanation.
Type  H <return>  for immediate help.
 ...                                              
                                                  
l.551 \begin{definition}
                        [Subspace Orthogonality]
? 

! LaTeX Error: \begin{document} ended by \end{definition}.

See the LaTeX manual or LaTeX Companion for explanation.
Type  H <return>  for immediate help.
 ...                                              
                                                  
l.556 \end{definition}
                      
? 

! LaTeX Error: Environment lemma undefined.

See the LaTeX manual or LaTeX Companion for explanation.
Type  H <return>  for immediate help.
 ...                                              
                                                  
l.590 \begin{lemma}
                   [Projection Orthogonality]
? 

! LaTeX Error: \begin{document} ended by \end{lemma}.

See the LaTeX manual or LaTeX Companion for explanation.
Type  H <return>  for immediate help.
 ...                                              
                                                  
l.598 \end{lemma}
                 
? 


[11]

! LaTeX Error: Environment proposition undefined.

See the LaTeX manual or LaTeX Companion for explanation.
Type  H <return>  for immediate help.
 ...                                              
                                                  
l.623 \begin{proposition}
                         [Entropy-Efficiency Trade-off]
? 

! LaTeX Error: \begin{document} ended by \end{proposition}.

See the LaTeX manual or LaTeX Companion for explanation.
Type  H <return>  for immediate help.
 ...                                              
                                                  
l.630 \end{proposition}
                       
? 

! LaTeX Error: Environment theorem undefined.

See the LaTeX manual or LaTeX Companion for explanation.
Type  H <return>  for immediate help.
 ...                                              
                                                  
l.646 \begin{theorem}
                     [Projection-Cost Reduction]
? 

! LaTeX Error: Bad math environment delimiter.

See the LaTeX manual or LaTeX Companion for explanation.
Type  H <return>  for immediate help.
 ...                                              
                                                  
l.655 \]
        
? 

! LaTeX Error: \begin{document} ended by \end{equation*}.

See the LaTeX manual or LaTeX Companion for explanation.
Type  H <return>  for immediate help.
 ...                                              
                                                  
l.655 \]
        
? 
! Missing $ inserted.
<inserted text> 
                $
l.655 \]
        
? 
! Display math should end with $$.
<to be read again> 
                   \endgroup 
l.655 \]
        
? 

! LaTeX Error: \begin{document} ended by \end{theorem}.

See the LaTeX manual or LaTeX Companion for explanation.
Type  H <return>  for immediate help.
 ...                                              
                                                  
l.656 \end{theorem}
                   
? 
! Extra \endgroup.
\end  ...end#1\endcsname \@checkend {#1}\endgroup 
                                                  \UseHook {env/#1/after}\if...
l.656 \end{theorem}
                   
? 


[12]

! LaTeX Error: Environment proposition undefined.

See the LaTeX manual or LaTeX Companion for explanation.
Type  H <return>  for immediate help.
 ...                                              
                                                  
l.684 \begin{proposition}
                         [Lesion Dissociation Prediction]
? 

! LaTeX Error: \begin{document} ended by \end{proposition}.

See the LaTeX manual or LaTeX Companion for explanation.
Type  H <return>  for immediate help.
 ...                                              
                                                  
l.687 \end{proposition}
                       
? 

! LaTeX Error: Environment theorem undefined.

See the LaTeX manual or LaTeX Companion for explanation.
Type  H <return>  for immediate help.
 ...                                              
                                                  
l.702 \begin{theorem}
                     [Projection Bifurcation Criterion]
? 

! LaTeX Error: \begin{document} ended by \end{theorem}.

See the LaTeX manual or LaTeX Companion for explanation.
Type  H <return>  for immediate help.
 ...                                              
                                                  
l.709 \end{theorem}
                   
? 


[13]

! LaTeX Error: Environment proposition undefined.

See the LaTeX manual or LaTeX Companion for explanation.
Type  H <return>  for immediate help.
 ...                                              
                                                  
l.748 \begin{proposition}
                         [Embodied Propagation Length]
? 

! LaTeX Error: \begin{document} ended by \end{proposition}.

See the LaTeX manual or LaTeX Companion for explanation.
Type  H <return>  for immediate help.
 ...                                              
                                                  
l.754 \end{proposition}
                       
? 

! LaTeX Error: Environment corollary undefined.

See the LaTeX manual or LaTeX Companion for explanation.
Type  H <return>  for immediate help.
 ...                                              
                                                  
l.785 \begin{corollary}
                       [Resonant Mimetic Frequency]
? 

! LaTeX Error: \begin{document} ended by \end{corollary}.

See the LaTeX manual or LaTeX Companion for explanation.
Type  H <return>  for immediate help.
 ...                                              
                                                  
l.791 \end{corollary}
                     
? 


[14]

! LaTeX Error: Environment theorem undefined.

See the LaTeX manual or LaTeX Companion for explanation.
Type  H <return>  for immediate help.
 ...                                              
                                                  
l.809 \begin{theorem}
                     [Stability of Forward–Inverse Mimetic Loop]
? 

! LaTeX Error: \begin{document} ended by \end{theorem}.

See the LaTeX manual or LaTeX Companion for explanation.
Type  H <return>  for immediate help.
 ...                                              
                                                  
l.812 \end{theorem}
                   
? 

! LaTeX Error: Environment example undefined.

See the LaTeX manual or LaTeX Companion for explanation.
Type  H <return>  for immediate help.
 ...                                              
                                                  
l.840 \begin{example}
                     [Mathematical Diagramming]
? 

! LaTeX Error: \begin{document} ended by \end{example}.

See the LaTeX manual or LaTeX Companion for explanation.
Type  H <return>  for immediate help.
 ...                                              
                                                  
l.844 \end{example}
                   
? 

! LaTeX Error: Environment example undefined.

See the LaTeX manual or LaTeX Companion for explanation.
Type  H <return>  for immediate help.
 ...                                              
                                                  
l.846 \begin{example}
                     [Musical Performance]
? 

! LaTeX Error: \begin{document} ended by \end{example}.

See the LaTeX manual or LaTeX Companion for explanation.
Type  H <return>  for immediate help.
 ...                                              
                                                  
l.848 \end{example}
                   
? 


[15]
Package microtype Info: Loading generic protrusion settings for font family
(microtype)             `lmss' (encoding: TU).
(microtype)             For optimal results, create family-specific settings.
(microtype)             See the microtype manual for details.


[16]

! LaTeX Error: Environment definition undefined.

See the LaTeX manual or LaTeX Companion for explanation.
Type  H <return>  for immediate help.
 ...                                              
                                                  
l.907 \begin{definition}
                        [Effective Cognitive Gain]
? 

! LaTeX Error: \begin{document} ended by \end{definition}.

See the LaTeX manual or LaTeX Companion for explanation.
Type  H <return>  for immediate help.
 ...                                              
                                                  
l.914 \end{definition}
                      
? 

! LaTeX Error: Environment lemma undefined.

See the LaTeX manual or LaTeX Companion for explanation.
Type  H <return>  for immediate help.
 ...                                              
                                                  
l.935 \begin{lemma}
                   [Energy Conservation]
? 

! LaTeX Error: \begin{document} ended by \end{lemma}.

See the LaTeX manual or LaTeX Companion for explanation.
Type  H <return>  for immediate help.
 ...                                              
                                                  
l.939 \end{lemma}
                 
? 

! LaTeX Error: Environment theorem undefined.

See the LaTeX manual or LaTeX Companion for explanation.
Type  H <return>  for immediate help.
 ...                                              
                                                  
l.949 \begin{theorem}
                     [Amplitude Bifurcation Criterion]
? 

! LaTeX Error: \begin{document} ended by \end{theorem}.

See the LaTeX manual or LaTeX Companion for explanation.
Type  H <return>  for immediate help.
 ...                                              
                                                  
l.956 \end{theorem}
                   
? 


[17]

! LaTeX Error: Environment corollary undefined.

See the LaTeX manual or LaTeX Companion for explanation.
Type  H <return>  for immediate help.
 ...                                              
                                                  
l.980 \begin{corollary}
                       [Synchronization States]
? 

! LaTeX Error: \begin{document} ended by \end{corollary}.

See the LaTeX manual or LaTeX Companion for explanation.
Type  H <return>  for immediate help.
 ...                                              
                                                  
l.984 \end{corollary}
                     
? 

Overfull \hbox (28.94707pt too wide) in paragraph at lines 991--1001
 [] 
 []



[18]

[19]

! LaTeX Error: Environment theorem undefined.

See the LaTeX manual or LaTeX Companion for explanation.
Type  H <return>  for immediate help.
 ...                                              
                                                  
l.1086 \begin{theorem}
                      [Convergence of the TARTAN Flow]
? 

! LaTeX Error: \begin{document} ended by \end{theorem}.

See the LaTeX manual or LaTeX Companion for explanation.
Type  H <return>  for immediate help.
 ...                                              
                                                  
l.1094 \end{theorem}
                    
? 

! LaTeX Error: Environment corollary undefined.

See the LaTeX manual or LaTeX Companion for explanation.
Type  H <return>  for immediate help.
 ...                                              
                                                  
l.1100 \begin{corollary}
                        [Imagery Emergence Criterion]
? 

! LaTeX Error: \begin{document} ended by \end{corollary}.

See the LaTeX manual or LaTeX Companion for explanation.
Type  H <return>  for immediate help.
 ...                                              
                                                  
l.1108 \end{corollary}
                      
? 
Package microtype Info: Loading generic protrusion settings for font family
(microtype)             `lmtt' (encoding: TU).
(microtype)             For optimal results, create family-specific settings.
(microtype)             See the microtype manual for details.


[20]

! LaTeX Error: Environment proposition undefined.

See the LaTeX manual or LaTeX Companion for explanation.
Type  H <return>  for immediate help.
 ...                                              
                                                  
l.1144 \begin{proposition}
                          [Scale-Invariance of Cognitive Energy]
? 

! LaTeX Error: \begin{document} ended by \end{proposition}.

See the LaTeX manual or LaTeX Companion for explanation.
Type  H <return>  for immediate help.
 ...                                              
                                                  
l.1147 \end{proposition}
                        
? 


[21]

[22]

! LaTeX Error: Environment theorem undefined.

See the LaTeX manual or LaTeX Companion for explanation.
Type  H <return>  for immediate help.
 ...                                              
                                                  
l.1243 \begin{theorem}
                      [Convergence of the CLIO Flow]
? 

! LaTeX Error: \begin{document} ended by \end{theorem}.

See the LaTeX manual or LaTeX Companion for explanation.
Type  H <return>  for immediate help.
 ...                                              
                                                  
l.1251 \end{theorem}
                    
? 

! LaTeX Error: Environment corollary undefined.

See the LaTeX manual or LaTeX Companion for explanation.
Type  H <return>  for immediate help.
 ...                                              
                                                  
l.1283 \begin{corollary}
                        [Learning–Vividness Relationship]
? 

! LaTeX Error: \begin{document} ended by \end{corollary}.

See the LaTeX manual or LaTeX Companion for explanation.
Type  H <return>  for immediate help.
 ...                                              
                                                  
l.1286 \end{corollary}
                      
? 


[23]

[24]

! LaTeX Error: Environment theorem undefined.

See the LaTeX manual or LaTeX Companion for explanation.
Type  H <return>  for immediate help.
 ...                                              
                                                  
l.1403 \begin{theorem}
                      [Conservation Law]
? 

! LaTeX Error: \begin{document} ended by \end{theorem}.

See the LaTeX manual or LaTeX Companion for explanation.
Type  H <return>  for immediate help.
 ...                                              
                                                  
l.1406 \end{theorem}
                    
? 


[25]

! LaTeX Error: Environment corollary undefined.

See the LaTeX manual or LaTeX Companion for explanation.
Type  H <return>  for immediate help.
 ...                                              
                                                  
l.1434 \begin{corollary}
                        [Stigmergic Equilibrium]
? 

! LaTeX Error: \begin{document} ended by \end{corollary}.

See the LaTeX manual or LaTeX Companion for explanation.
Type  H <return>  for immediate help.
 ...                                              
                                                  
l.1438 \end{corollary}
                      
? 

! LaTeX Error: Environment proposition undefined.

See the LaTeX manual or LaTeX Companion for explanation.
Type  H <return>  for immediate help.
 ...                                              
                                                  
l.1460 \begin{proposition}
                          [Aphantasic Compensation Hypothesis]
? 

! LaTeX Error: \begin{document} ended by \end{proposition}.

See the LaTeX manual or LaTeX Companion for explanation.
Type  H <return>  for immediate help.
 ...                                              
                                                  
l.1465 \end{proposition}
                        
? 


[26]

[27]

[28]
Overfull \hbox (89.40103pt too wide) in paragraph at lines 1623--1634
 [][] 
 []



[29]

! LaTeX Error: Can be used only in preamble.

See the LaTeX manual or LaTeX Companion for explanation.
Type  H <return>  for immediate help.
 ...                                              
                                                  
l.1677 \usepackage
                  {tikz-cd}
? 

! LaTeX Error: Environment definition undefined.

See the LaTeX manual or LaTeX Companion for explanation.
Type  H <return>  for immediate help.
 ...                                              
                                                  
l.1689 \begin{definition}
                         [Cognitive Category]
? 

LaTeX Warning: Reference `eq:phi' on page 30 undefined on input line 1695.


LaTeX Warning: Reference `eq:s' on page 30 undefined on input line 1695.


! LaTeX Error: \begin{document} ended by \end{definition}.

See the LaTeX manual or LaTeX Companion for explanation.
Type  H <return>  for immediate help.
 ...                                              
                                                  
l.1705 \end{definition}
                       
? 

! LaTeX Error: Environment proposition undefined.

See the LaTeX manual or LaTeX Companion for explanation.
Type  H <return>  for immediate help.
 ...                                              
                                                  
l.1707 \begin{proposition}
                          [Temporal Composition Law]
? 

! LaTeX Error: \begin{document} ended by \end{proposition}.

See the LaTeX manual or LaTeX Companion for explanation.
Type  H <return>  for immediate help.
 ...                                              
                                                  
l.1712 \end{proposition}
                        
? 

LaTeX Warning: Reference `eq:phi' on page 30 undefined on input line 1717.


LaTeX Warning: Reference `eq:s' on page 30 undefined on input line 1717.


! LaTeX Error: Environment definition undefined.

See the LaTeX manual or LaTeX Companion for explanation.
Type  H <return>  for immediate help.
 ...                                              
                                                  
l.1722 \begin{definition}
                         [Symmetric Monoidal Structure]
? 


[30]

! LaTeX Error: \begin{document} ended by \end{definition}.

See the LaTeX manual or LaTeX Companion for explanation.
Type  H <return>  for immediate help.
 ...                                              
                                                  
l.1732 \end{definition}
                       
? 

! LaTeX Error: Environment definition undefined.

See the LaTeX manual or LaTeX Companion for explanation.
Type  H <return>  for immediate help.
 ...                                              
                                                  
l.1734 \begin{definition}
                         [Projection Functors]
? 

! LaTeX Error: \begin{document} ended by \end{definition}.

See the LaTeX manual or LaTeX Companion for explanation.
Type  H <return>  for immediate help.
 ...                                              
                                                  
l.1749 \end{definition}
                       
? 

! LaTeX Error: Environment proposition undefined.

See the LaTeX manual or LaTeX Companion for explanation.
Type  H <return>  for immediate help.
 ...                                              
                                                  
l.1751 \begin{proposition}
                          [Monoidality of Projections]
? 

! LaTeX Error: \begin{document} ended by \end{proposition}.

See the LaTeX manual or LaTeX Companion for explanation.
Type  H <return>  for immediate help.
 ...                                              
                                                  
l.1759 \end{proposition}
                        
? 

! LaTeX Error: Environment definition undefined.

See the LaTeX manual or LaTeX Companion for explanation.
Type  H <return>  for immediate help.
 ...                                              
                                                  
l.1767 \begin{definition}
                         [CLIO Endofunctor]
? 

LaTeX Warning: Reference `app:clio' on page 31 undefined on input line 1781.


! LaTeX Error: \begin{document} ended by \end{definition}.

See the LaTeX manual or LaTeX Companion for explanation.
Type  H <return>  for immediate help.
 ...                                              
                                                  
l.1787 \end{definition}
                       
? 

! LaTeX Error: Environment proposition undefined.

See the LaTeX manual or LaTeX Companion for explanation.
Type  H <return>  for immediate help.
 ...                                              
                                                  
l.1789 \begin{proposition}
                          [Convergence as Categorical Limit]
? 

! LaTeX Error: \begin{document} ended by \end{proposition}.

See the LaTeX manual or LaTeX Companion for explanation.
Type  H <return>  for immediate help.
 ...                                              
                                                  
l.1802 \end{proposition}
                        
? 

! LaTeX Error: Environment definition undefined.

See the LaTeX manual or LaTeX Companion for explanation.
Type  H <return>  for immediate help.
 ...                                              
                                                  
l.1810 \begin{definition}
                         [Stigmergic Coupling as Pushout]
? 

! LaTeX Error: Environment tikzcd undefined.

See the LaTeX manual or LaTeX Companion for explanation.
Type  H <return>  for immediate help.
 ...                                              
                                                  
l.1818 \begin{tikzcd}
                     
? 
! Undefined control sequence.
l.1819 \Sigma \arrow
                    [r, "i_{\mathrm{int}}"] \arrow[d, "i_{\mathrm{ext}}"'] &
? 
! Undefined control sequence.
l.1819 \Sigma \arrow[r, "i_{\mathrm{int}}"] \arrow
                                                  [d, "i_{\mathrm{ext}}"'] &
? 
! Misplaced alignment tab character &.
l.1819 ...int}}"] \arrow[d, "i_{\mathrm{ext}}"'] &
                                                  
? 
! Undefined control sequence.
l.1820   X_{\mathrm{int}} \arrow
                                [d] \\
? 
! Undefined control sequence.
l.1821 X_{\mathrm{ext}} \arrow
                              [r] &
? 
! Misplaced alignment tab character &.
l.1821 X_{\mathrm{ext}} \arrow[r] &
                                   
? 

! LaTeX Error: \begin{equation*} on input line 1817 ended by \end{tikzcd}.

See the LaTeX manual or LaTeX Companion for explanation.
Type  H <return>  for immediate help.
 ...                                              
                                                  
l.1823 \end{tikzcd}
                   
? 

! LaTeX Error: Bad math environment delimiter.

See the LaTeX manual or LaTeX Companion for explanation.
Type  H <return>  for immediate help.
 ...                                              
                                                  
l.1825 \]
         
? 

! LaTeX Error: \begin{document} ended by \end{equation*}.

See the LaTeX manual or LaTeX Companion for explanation.
Type  H <return>  for immediate help.
 ...                                              
                                                  
l.1825 \]
         
? 
! Missing $ inserted.
<inserted text> 
                $
l.1825 \]
         
? 
! Display math should end with $$.
<to be read again> 
                   \endgroup 
l.1825 \]
         
? 

! LaTeX Error: \begin{document} ended by \end{definition}.

See the LaTeX manual or LaTeX Companion for explanation.
Type  H <return>  for immediate help.
 ...                                              
                                                  
l.1826 \end{definition}
                       
? 
! Extra \endgroup.
\end  ...end#1\endcsname \@checkend {#1}\endgroup 
                                                  \UseHook {env/#1/after}\if...
l.1826 \end{definition}
                       
? 

! LaTeX Error: Environment theorem undefined.

See the LaTeX manual or LaTeX Companion for explanation.
Type  H <return>  for immediate help.
 ...                                              
                                                  
l.1837 \begin{theorem}
                      [Write–Read Adjunction]
? 


[31]

! LaTeX Error: \begin{document} ended by \end{theorem}.

See the LaTeX manual or LaTeX Companion for explanation.
Type  H <return>  for immediate help.
 ...                                              
                                                  
l.1850 \end{theorem}
                    
? 

LaTeX Warning: Reference `app:stig-eq' on page 32 undefined on input line 1861.



! LaTeX Error: Environment proposition undefined.

See the LaTeX manual or LaTeX Companion for explanation.
Type  H <return>  for immediate help.
 ...                                              
                                                  
l.1865 \begin{proposition}
                          [Limits and Colimits]
? 

! LaTeX Error: \begin{document} ended by \end{proposition}.

See the LaTeX manual or LaTeX Companion for explanation.
Type  H <return>  for immediate help.
 ...                                              
                                                  
l.1874 \end{proposition}
                        
? 

! LaTeX Error: Environment definition undefined.

See the LaTeX manual or LaTeX Companion for explanation.
Type  H <return>  for immediate help.
 ...                                              
                                                  
l.1904 \begin{definition}
                         [Base Topology and Presheaf of Fields]
? 
! Undefined control sequence.
l.1912   \mathscr
                 {F} : \mathcal{T}^{op} \to \mathbf{Set}, \qquad
? 
! Undefined control sequence.
l.1913   U \mapsto \mathscr
                           {F}(U) =
? 
! Undefined control sequence.
l.1919 \(\rho_{UV} : \mathscr
                             {F}(U)\to\mathscr{F}(V)\).
? 
! Undefined control sequence.
l.1919 \(\rho_{UV} : \mathscr{F}(U)\to\mathscr
                                              {F}(V)\).
? 

! LaTeX Error: \begin{document} ended by \end{definition}.

See the LaTeX manual or LaTeX Companion for explanation.
Type  H <return>  for immediate help.
 ...                                              
                                                  
l.1920 \end{definition}
                       
? 


[32]
! Undefined control sequence.
l.1932 A section \(s\in\mathscr
                               {F}(U)\)
? 

! LaTeX Error: Environment definition undefined.

See the LaTeX manual or LaTeX Companion for explanation.
Type  H <return>  for immediate help.
 ...                                              
                                                  
l.1936 \begin{definition}
                         [Sheaf Condition and Gluing]
? 
! Undefined control sequence.
l.1938 The presheaf \(\mathscr
                              {F}\) is a \emph{sheaf}
? 
! Undefined control sequence.
l.1940 ...amily of local sections \(s_i\in\mathscr
                                                  {F}(U_i)\)
? 
! Undefined control sequence.
l.1948 \(s\in\mathscr
                     {F}(U)\)
? 

! LaTeX Error: \begin{document} ended by \end{definition}.

See the LaTeX manual or LaTeX Companion for explanation.
Type  H <return>  for immediate help.
 ...                                              
                                                  
l.1950 \end{definition}
                       
? 

! LaTeX Error: Environment tikzcd undefined.

See the LaTeX manual or LaTeX Companion for explanation.
Type  H <return>  for immediate help.
 ...                                              
                                                  
l.1952 \begin{tikzcd}
                     [row sep=small]
? 
! Misplaced alignment tab character &.
l.1953   &
           \mathscr{F}(U) \arrow[dashed]{dl} \arrow[dashed]{dr} & \\
? 
! Undefined control sequence.
l.1953   & \mathscr
                   {F}(U) \arrow[dashed]{dl} \arrow[dashed]{dr} & \\
? 
! Undefined control sequence.
l.1953   & \mathscr{F}(U) \arrow
                                [dashed]{dl} \arrow[dashed]{dr} & \\
? 
! Undefined control sequence.
l.1953 ...\mathscr{F}(U) \arrow[dashed]{dl} \arrow
                                                  [dashed]{dr} & \\
? 
! Misplaced alignment tab character &.
l.1953 ... \arrow[dashed]{dl} \arrow[dashed]{dr} &
                                                   \\
? 
! Undefined control sequence.
<recently read> \mathscr 
                         
l.1954   \mathscr
                 {F}(U_i) \arrow[rr, "\text{agree on overlaps}"] && \mathscr...
? 
! Missing $ inserted.
<inserted text> 
                $
l.1954   \mathscr{F}(U_
                       i) \arrow[rr, "\text{agree on overlaps}"] && \mathscr...
? 
! Undefined control sequence.
l.1954   \mathscr{F}(U_i) \arrow
                                [rr, "\text{agree on overlaps}"] && \mathscr...
? 
! Misplaced alignment tab character &.
l.1954 ...\arrow[rr, "\text{agree on overlaps}"] &
                                                  & \mathscr{F}(U_j)
? 
! Misplaced alignment tab character &.
l.1954 ...arrow[rr, "\text{agree on overlaps}"] &&
                                                   \mathscr{F}(U_j)
? 
! Undefined control sequence.
l.1954 ... "\text{agree on overlaps}"] && \mathscr
                                                  {F}(U_j)
? 

! LaTeX Error: \begin{document} ended by \end{tikzcd}.

See the LaTeX manual or LaTeX Companion for explanation.
Type  H <return>  for immediate help.
 ...                                              
                                                  
l.1955 \end{tikzcd}
                   
? 
! Missing $ inserted.
<inserted text> 
                $
l.1955 \end{tikzcd}
                   
? 

! LaTeX Error: Environment proposition undefined.

See the LaTeX manual or LaTeX Companion for explanation.
Type  H <return>  for immediate help.
 ...                                              
                                                  
l.1965 \begin{proposition}
                          [Existence of Global Cognition]
? 
! Undefined control sequence.
l.1968 iff \(\mathscr
                     {F}\) satisfies the sheaf condition for the full cover ...
? 

! LaTeX Error: \begin{document} ended by \end{proposition}.

See the LaTeX manual or LaTeX Companion for explanation.
Type  H <return>  for immediate help.
 ...                                              
                                                  
l.1969 \end{proposition}
                        
? 
! Undefined control sequence.
l.1974 \(s:\mathbb{M}\to\mathscr
                                {F}(\mathbb{M})\).
? 

! LaTeX Error: Environment definition undefined.

See the LaTeX manual or LaTeX Companion for explanation.
Type  H <return>  for immediate help.
 ...                                              
                                                  
l.1983 \begin{definition}
                         [Cohomology and Semantic Holonomy]
? 
! Undefined control sequence.
l.1986 \(H^1(\mathbb{M},\mathscr
                                {F})\)
? 

! LaTeX Error: \begin{document} ended by \end{definition}.

See the LaTeX manual or LaTeX Companion for explanation.
Type  H <return>  for immediate help.
 ...                                              
                                                  
l.1991 \end{definition}
                       
? 

! LaTeX Error: Environment proposition undefined.

See the LaTeX manual or LaTeX Companion for explanation.
Type  H <return>  for immediate help.
 ...                                              
                                                  
l.1993 \begin{proposition}
                          [Cohomological Obstruction]
? 
! Undefined control sequence.
l.1995 If \(H^1(\mathbb{M},\mathscr
                                   {F}) \neq 0\),
? 

! LaTeX Error: \begin{document} ended by \end{proposition}.

See the LaTeX manual or LaTeX Companion for explanation.
Type  H <return>  for immediate help.
 ...                                              
                                                  
l.1999 \end{proposition}
                        
? 

! LaTeX Error: Environment definition undefined.

See the LaTeX manual or LaTeX Companion for explanation.
Type  H <return>  for immediate help.
 ...                                              
                                                  
l.2018 \begin{definition}
                         [Stack of Scales]
? 

! LaTeX Error: \begin{document} ended by \end{definition}.

See the LaTeX manual or LaTeX Companion for explanation.
Type  H <return>  for immediate help.
 ...                                              
                                                  
l.2034 \end{definition}
                       
? 

! LaTeX Error: Environment proposition undefined.

See the LaTeX manual or LaTeX Companion for explanation.
Type  H <return>  for immediate help.
 ...                                              
                                                  
l.2036 \begin{proposition}
                          [Stack Coherence]
? 


[33]

! LaTeX Error: \begin{document} ended by \end{proposition}.

See the LaTeX manual or LaTeX Companion for explanation.
Type  H <return>  for immediate help.
 ...                                              
                                                  
l.2043 \end{proposition}
                        
? 

! LaTeX Error: Environment definition undefined.

See the LaTeX manual or LaTeX Companion for explanation.
Type  H <return>  for immediate help.
 ...                                              
                                                  
l.2060 \begin{definition}
                         [Topos of Semantic Fields]
? 
! Undefined control sequence.
l.2065 ...bb{M}) = \mathbf{Sh}(\mathbb{M},\mathscr
                                                  {F}_{\mathrm{RSVP}}).
? 

! LaTeX Error: \begin{document} ended by \end{definition}.

See the LaTeX manual or LaTeX Companion for explanation.
Type  H <return>  for immediate help.
 ...                                              
                                                  
l.2073 \end{definition}
                       
? 

! LaTeX Error: Environment theorem undefined.

See the LaTeX manual or LaTeX Companion for explanation.
Type  H <return>  for immediate help.
 ...                                              
                                                  
l.2075 \begin{theorem}
                      [Internal Logic of RSVP Topos]
? 

! LaTeX Error: \begin{document} ended by \end{theorem}.

See the LaTeX manual or LaTeX Companion for explanation.
Type  H <return>  for immediate help.
 ...                                              
                                                  
l.2081 \end{theorem}
                    
? 

! LaTeX Error: Environment proposition undefined.

See the LaTeX manual or LaTeX Companion for explanation.
Type  H <return>  for immediate help.
 ...                                              
                                                  
l.2098 \begin{proposition}
                          [Higher-Topos Extension]
? 

! LaTeX Error: \begin{document} ended by \end{proposition}.

See the LaTeX manual or LaTeX Companion for explanation.
Type  H <return>  for immediate help.
 ...                                              
                                                  
l.2107 \end{proposition}
                        
? 


[34]

Package hyperref Warning: Token not allowed in a PDF string (Unicode):
(hyperref)                removing `math shift' on input line 2133.


Package hyperref Warning: Token not allowed in a PDF string (Unicode):
(hyperref)                removing `\lambda' on input line 2133.


Package hyperref Warning: Token not allowed in a PDF string (Unicode):
(hyperref)                removing `math shift' on input line 2133.


! LaTeX Error: Environment definition undefined.

See the LaTeX manual or LaTeX Companion for explanation.
Type  H <return>  for immediate help.
 ...                                              
                                                  
l.2144 \begin{definition}
                         [Base Types]
? 

! LaTeX Error: \begin{document} ended by \end{definition}.

See the LaTeX manual or LaTeX Companion for explanation.
Type  H <return>  for immediate help.
 ...                                              
                                                  
l.2154 \end{definition}
                       
? 

! LaTeX Error: Environment definition undefined.

See the LaTeX manual or LaTeX Companion for explanation.
Type  H <return>  for immediate help.
 ...                                              
                                                  
l.2156 \begin{definition}
                         [Terms]
? 

! LaTeX Error: \begin{document} ended by \end{definition}.

See the LaTeX manual or LaTeX Companion for explanation.
Type  H <return>  for immediate help.
 ...                                              
                                                  
l.2172 \end{definition}
                       
? 

! LaTeX Error: Environment definition undefined.

See the LaTeX manual or LaTeX Companion for explanation.
Type  H <return>  for immediate help.
 ...                                              
                                                  
l.2217 \begin{definition}
                         [β--Reduction]
? 

! LaTeX Error: \begin{document} ended by \end{definition}.

See the LaTeX manual or LaTeX Companion for explanation.
Type  H <return>  for immediate help.
 ...                                              
                                                  
l.2225 \end{definition}
                       
? 

! LaTeX Error: Environment proposition undefined.

See the LaTeX manual or LaTeX Companion for explanation.
Type  H <return>  for immediate help.
 ...                                              
                                                  
l.2227 \begin{proposition}
                          [Entropy Monotonicity]
? 


[35]

! LaTeX Error: \begin{document} ended by \end{proposition}.

See the LaTeX manual or LaTeX Companion for explanation.
Type  H <return>  for immediate help.
 ...                                              
                                                  
l.2234 \end{proposition}
                        
? 

! LaTeX Error: Environment definition undefined.

See the LaTeX manual or LaTeX Companion for explanation.
Type  H <return>  for immediate help.
 ...                                              
                                                  
l.2249 \begin{definition}
                         [Linear Cartesian Closed Category]
? 

! LaTeX Error: \begin{document} ended by \end{definition}.

See the LaTeX manual or LaTeX Companion for explanation.
Type  H <return>  for immediate help.
 ...                                              
                                                  
l.2256 \end{definition}
                       
? 

! LaTeX Error: Environment theorem undefined.

See the LaTeX manual or LaTeX Companion for explanation.
Type  H <return>  for immediate help.
 ...                                              
                                                  
l.2258 \begin{theorem}
                      [Soundness]
? 
! Undefined control sequence.
<recently read> \llbracket 
                           
l.2262 $\llbracket
                   t \rrbracket : \llbracket \Gamma \rrbracket \to \llbracke...
? 
! Undefined control sequence.
l.2262 $\llbracket t \rrbracket
                                : \llbracket \Gamma \rrbracket \to \llbracke...
? 
! Undefined control sequence.
l.2262 $\llbracket t \rrbracket : \llbracket
                                             \Gamma \rrbracket \to \llbracke...
? 
! Undefined control sequence.
l.2262 ...rrbracket : \llbracket \Gamma \rrbracket
                                                   \to \llbracket A \rrbracket$

? 
! Undefined control sequence.
l.2262 ...bracket \Gamma \rrbracket \to \llbracket
                                                   A \rrbracket$
? 
! Undefined control sequence.
l.2262 ...a \rrbracket \to \llbracket A \rrbracket
                                                  $
? 
! Undefined control sequence.
l.2265   \llbracket
                    (\lambda x.\,t)u \rrbracket
? 
! Undefined control sequence.
l.2265   \llbracket (\lambda x.\,t)u \rrbracket
                                               
? 
! Undefined control sequence.
l.2267     (\llbracket
                       \lambda x.\,t \rrbracket \boxtimes \llbracket u \rrbr...
? 
! Undefined control sequence.
l.2267     (\llbracket \lambda x.\,t \rrbracket
                                                \boxtimes \llbracket u \rrbr...
? 
! Undefined control sequence.
l.2267 ...da x.\,t \rrbracket \boxtimes \llbracket
                                                   u \rrbracket).
? 
! Undefined control sequence.
l.2267 ...racket \boxtimes \llbracket u \rrbracket
                                                  ).
? 

! LaTeX Error: \begin{document} ended by \end{theorem}.

See the LaTeX manual or LaTeX Companion for explanation.
Type  H <return>  for immediate help.
 ...                                              
                                                  
l.2269 \end{theorem}
                    
? 

! LaTeX Error: Environment tikzcd undefined.

See the LaTeX manual or LaTeX Companion for explanation.
Type  H <return>  for immediate help.
 ...                                              
                                                  
l.2282 \begin{tikzcd}
                     
? 
! Undefined control sequence.
l.2283 (\llbracket
                   A\Rightarrow B\rrbracket)\boxtimes\llbracket A\rrbracket
? 
! Undefined control sequence.
l.2283 (\llbracket A\Rightarrow B\rrbracket
                                           )\boxtimes\llbracket A\rrbracket
? 
! Undefined control sequence.
l.2283 ...ghtarrow B\rrbracket)\boxtimes\llbracket
                                                   A\rrbracket
? 
! Undefined control sequence.
l.2283 ...rbracket)\boxtimes\llbracket A\rrbracket
                                                  
? 
! Undefined control sequence.
l.2284   \arrow
               [r,"\mathsf{eval}"] \arrow[d,"f\boxtimes g"']
? 

! LaTeX Error: \mathsf allowed only in math mode.

See the LaTeX manual or LaTeX Companion for explanation.
Type  H <return>  for immediate help.
 ...                                              
                                                  
l.2284   \arrow[r,"\mathsf
                          {eval}"] \arrow[d,"f\boxtimes g"']
? 
! Undefined control sequence.
l.2284   \arrow[r,"\mathsf{eval}"] \arrow
                                         [d,"f\boxtimes g"']
? 
! Misplaced alignment tab character &.
l.2285 &
         \llbracket B\rrbracket \arrow[d,"h"] \\
? 
! Undefined control sequence.
l.2285 & \llbracket
                    B\rrbracket \arrow[d,"h"] \\
? 
! Undefined control sequence.
l.2285 & \llbracket B\rrbracket
                                \arrow[d,"h"] \\
? 
! Undefined control sequence.
l.2285 & \llbracket B\rrbracket \arrow
                                      [d,"h"] \\
? 
! Undefined control sequence.
l.2286 (\llbracket
                   A'\Rightarrow B'\rrbracket)\boxtimes\llbracket A'\rrbracket
? 
! Undefined control sequence.
l.2286 (\llbracket A'\Rightarrow B'\rrbracket
                                             )\boxtimes\llbracket A'\rrbracket
? 
! Undefined control sequence.
l.2286 ...htarrow B'\rrbracket)\boxtimes\llbracket
                                                   A'\rrbracket
? 
! Undefined control sequence.
l.2286 ...bracket)\boxtimes\llbracket A'\rrbracket
                                                  
? 
! Undefined control sequence.
l.2287   \arrow
               [r,"\mathsf{eval}"']
? 

! LaTeX Error: \mathsf allowed only in math mode.

See the LaTeX manual or LaTeX Companion for explanation.
Type  H <return>  for immediate help.
 ...                                              
                                                  
l.2287   \arrow[r,"\mathsf
                          {eval}"']
? 
! Misplaced alignment tab character &.
l.2288 &
         \llbracket B'\rrbracket
? 
! Undefined control sequence.
l.2288 & \llbracket
                    B'\rrbracket
? 
! Undefined control sequence.
l.2288 & \llbracket B'\rrbracket
                                
? 

! LaTeX Error: \begin{document} ended by \end{tikzcd}.

See the LaTeX manual or LaTeX Companion for explanation.
Type  H <return>  for immediate help.
 ...                                              
                                                  
l.2289 \end{tikzcd}
                   
? 

! LaTeX Error: Environment definition undefined.

See the LaTeX manual or LaTeX Companion for explanation.
Type  H <return>  for immediate help.
 ...                                              
                                                  
l.2298 \begin{definition}
                         [Action Functional of Reduction]
? 

! LaTeX Error: \begin{document} ended by \end{definition}.

See the LaTeX manual or LaTeX Companion for explanation.
Type  H <return>  for immediate help.
 ...                                              
                                                  
l.2310 \end{definition}
                       
? 

! LaTeX Error: Environment theorem undefined.

See the LaTeX manual or LaTeX Companion for explanation.
Type  H <return>  for immediate help.
 ...                                              
                                                  
l.2312 \begin{theorem}
                      [Field–Computational Equivalence]
? 


[36]

! LaTeX Error: \begin{document} ended by \end{theorem}.

See the LaTeX manual or LaTeX Companion for explanation.
Type  H <return>  for immediate help.
 ...                                              
                                                  
l.2320 \end{theorem}
                    
? 

! LaTeX Error: Environment definition undefined.

See the LaTeX manual or LaTeX Companion for explanation.
Type  H <return>  for immediate help.
 ...                                              
                                                  
l.2336 \begin{definition}
                         [Awareness Type]
? 

! LaTeX Error: \begin{document} ended by \end{definition}.

See the LaTeX manual or LaTeX Companion for explanation.
Type  H <return>  for immediate help.
 ...                                              
                                                  
l.2341 \end{definition}
                       
? 

! LaTeX Error: Environment proposition undefined.

See the LaTeX manual or LaTeX Companion for explanation.
Type  H <return>  for immediate help.
 ...                                              
                                                  
l.2343 \begin{proposition}
                          [Introspective Morphism]
? 

! LaTeX Error: \begin{document} ended by \end{proposition}.

See the LaTeX manual or LaTeX Companion for explanation.
Type  H <return>  for immediate help.
 ...                                              
                                                  
l.2348 \end{proposition}
                        
? 

! LaTeX Error: Environment definition undefined.

See the LaTeX manual or LaTeX Companion for explanation.
Type  H <return>  for immediate help.
 ...                                              
                                                  
l.2393 \begin{definition}
                         [Sphere Configuration]
? 


[37]

! LaTeX Error: \begin{document} ended by \end{definition}.

See the LaTeX manual or LaTeX Companion for explanation.
Type  H <return>  for immediate help.
 ...                                              
                                                  
l.2402 \end{definition}
                       
? 

! LaTeX Error: Environment definition undefined.

See the LaTeX manual or LaTeX Companion for explanation.
Type  H <return>  for immediate help.
 ...                                              
                                                  
l.2404 \begin{definition}
                         [Adjacency Graph]
? 

! LaTeX Error: \begin{document} ended by \end{definition}.

See the LaTeX manual or LaTeX Companion for explanation.
Type  H <return>  for immediate help.
 ...                                              
                                                  
l.2412 \end{definition}
                       
? 

! LaTeX Error: Environment definition undefined.

See the LaTeX manual or LaTeX Companion for explanation.
Type  H <return>  for immediate help.
 ...                                              
                                                  
l.2422 \begin{definition}
                         [Local Entropic Potential]
? 

! LaTeX Error: \begin{document} ended by \end{definition}.

See the LaTeX manual or LaTeX Companion for explanation.
Type  H <return>  for immediate help.
 ...                                              
                                                  
l.2434 \end{definition}
                       
? 

! LaTeX Error: Environment definition undefined.

See the LaTeX manual or LaTeX Companion for explanation.
Type  H <return>  for immediate help.
 ...                                              
                                                  
l.2436 \begin{definition}
                         [Popping Rule]
? 

! LaTeX Error: \begin{document} ended by \end{definition}.

See the LaTeX manual or LaTeX Companion for explanation.
Type  H <return>  for immediate help.
 ...                                              
                                                  
l.2447 \end{definition}
                       
? 

! LaTeX Error: Environment proposition undefined.

See the LaTeX manual or LaTeX Companion for explanation.
Type  H <return>  for immediate help.
 ...                                              
                                                  
l.2449 \begin{proposition}
                          [Energy Descent]
? 

! LaTeX Error: \begin{document} ended by \end{proposition}.

See the LaTeX manual or LaTeX Companion for explanation.
Type  H <return>  for immediate help.
 ...                                              
                                                  
l.2457 \end{proposition}
                        
? 

! LaTeX Error: Environment definition undefined.

See the LaTeX manual or LaTeX Companion for explanation.
Type  H <return>  for immediate help.
 ...                                              
                                                  
l.2473 \begin{definition}
                         [Discrete Laplacian]
? 

! LaTeX Error: \begin{document} ended by \end{definition}.

See the LaTeX manual or LaTeX Companion for explanation.
Type  H <return>  for immediate help.
 ...                                              
                                                  
l.2478 \end{definition}
                       
? 

! LaTeX Error: Environment theorem undefined.

See the LaTeX manual or LaTeX Companion for explanation.
Type  H <return>  for immediate help.
 ...                                              
                                                  
l.2480 \begin{theorem}
                      [Local Equilibrium Condition]
? 

! LaTeX Error: \begin{document} ended by \end{theorem}.

See the LaTeX manual or LaTeX Companion for explanation.
Type  H <return>  for immediate help.
 ...                                              
                                                  
l.2490 \end{theorem}
                    
? 


[38]

! LaTeX Error: Environment definition undefined.

See the LaTeX manual or LaTeX Companion for explanation.
Type  H <return>  for immediate help.
 ...                                              
                                                  
l.2507 \begin{definition}
                         [Entropy Flux Between Spheres]
? 

! LaTeX Error: \begin{document} ended by \end{definition}.

See the LaTeX manual or LaTeX Companion for explanation.
Type  H <return>  for immediate help.
 ...                                              
                                                  
l.2513 \end{definition}
                       
? 

! LaTeX Error: Environment proposition undefined.

See the LaTeX manual or LaTeX Companion for explanation.
Type  H <return>  for immediate help.
 ...                                              
                                                  
l.2515 \begin{proposition}
                          [Discrete Conservation Law]
? 

! LaTeX Error: \begin{document} ended by \end{proposition}.

See the LaTeX manual or LaTeX Companion for explanation.
Type  H <return>  for immediate help.
 ...                                              
                                                  
l.2521 \end{proposition}
                        
? 

! LaTeX Error: Environment theorem undefined.

See the LaTeX manual or LaTeX Companion for explanation.
Type  H <return>  for immediate help.
 ...                                              
                                                  
l.2535 \begin{theorem}
                      [Convergence to RSVP Field Equations]
? 

! LaTeX Error: \begin{document} ended by \end{theorem}.

See the LaTeX manual or LaTeX Companion for explanation.
Type  H <return>  for immediate help.
 ...                                              
                                                  
l.2550 \end{theorem}
                    
? 


[39]

! LaTeX Error: Environment definition undefined.

See the LaTeX manual or LaTeX Companion for explanation.
Type  H <return>  for immediate help.
 ...                                              
                                                  
l.2600 \begin{definition}
                         [5D Ising Hamiltonian]
? 

! LaTeX Error: \begin{document} ended by \end{definition}.

See the LaTeX manual or LaTeX Companion for explanation.
Type  H <return>  for immediate help.
 ...                                              
                                                  
l.2618 \end{definition}
                       
? 

! LaTeX Error: Environment definition undefined.

See the LaTeX manual or LaTeX Companion for explanation.
Type  H <return>  for immediate help.
 ...                                              
                                                  
l.2628 \begin{definition}
                         [Partition Function]
? 

! LaTeX Error: Bad math environment delimiter.

See the LaTeX manual or LaTeX Companion for explanation.
Type  H <return>  for immediate help.
 ...                                              
                                                  
l.2637 \]
         
? 

! LaTeX Error: \begin{document} ended by \end{equation*}.

See the LaTeX manual or LaTeX Companion for explanation.
Type  H <return>  for immediate help.
 ...                                              
                                                  
l.2637 \]
         
? 
! Missing $ inserted.
<inserted text> 
                $
l.2637 \]
         
? 
! Display math should end with $$.
<to be read again> 
                   \endgroup 
l.2637 \]
         
? 

! LaTeX Error: \begin{document} ended by \end{definition}.

See the LaTeX manual or LaTeX Companion for explanation.
Type  H <return>  for immediate help.
 ...                                              
                                                  
l.2638 \end{definition}
                       
? 
! Extra \endgroup.
\end  ...end#1\endcsname \@checkend {#1}\endgroup 
                                                  \UseHook {env/#1/after}\if...
l.2638 \end{definition}
                       
? 

! LaTeX Error: Environment proposition undefined.

See the LaTeX manual or LaTeX Companion for explanation.
Type  H <return>  for immediate help.
 ...                                              
                                                  
l.2640 \begin{proposition}
                          [Free Energy Functional]
? 

! LaTeX Error: \begin{document} ended by \end{proposition}.

See the LaTeX manual or LaTeX Companion for explanation.
Type  H <return>  for immediate help.
 ...                                              
                                                  
l.2655 \end{proposition}
                        
? 


[40]

! LaTeX Error: Environment definition undefined.

See the LaTeX manual or LaTeX Companion for explanation.
Type  H <return>  for immediate help.
 ...                                              
                                                  
l.2673 \begin{definition}
                         [Order Parameters]
? 

! LaTeX Error: \begin{document} ended by \end{definition}.

See the LaTeX manual or LaTeX Companion for explanation.
Type  H <return>  for immediate help.
 ...                                              
                                                  
l.2681 \end{definition}
                       
? 

! LaTeX Error: Environment theorem undefined.

See the LaTeX manual or LaTeX Companion for explanation.
Type  H <return>  for immediate help.
 ...                                              
                                                  
l.2683 \begin{theorem}
                      [Mean–Field Equations]
? 

! LaTeX Error: \begin{document} ended by \end{theorem}.

See the LaTeX manual or LaTeX Companion for explanation.
Type  H <return>  for immediate help.
 ...                                              
                                                  
l.2696 \end{theorem}
                    
? 

! LaTeX Error: Environment definition undefined.

See the LaTeX manual or LaTeX Companion for explanation.
Type  H <return>  for immediate help.
 ...                                              
                                                  
l.2714 \begin{definition}
                         [Phase–Amplitude Representation]
? 

Overfull \hbox (16.67294pt too wide) in paragraph at lines 2714--2719
\TU/TeXGyreTermes(0)/m/n/12 [Phase–Am-pli-tude Rep-re-sen-ta-tion] Let each ve
c-tor state be ex-pressed as $\TU/TeXGyreTermes(0)/b/n/12 v[] \OT1/cmr/m/n/12 = \OML/cmm/m/it/12 a[]\OT1/cmr/m/n/12 ([] \OML/cmm/m/it/12 []; [] []; []\OT1/cmr/m/n/12 )$\TU/TeXGyreTermes(0)/m/n/12 ,
 []


! LaTeX Error: \begin{document} ended by \end{definition}.

See the LaTeX manual or LaTeX Companion for explanation.
Type  H <return>  for immediate help.
 ...                                              
                                                  
l.2725 \end{definition}
                       
? 

! LaTeX Error: Environment theorem undefined.

See the LaTeX manual or LaTeX Companion for explanation.
Type  H <return>  for immediate help.
 ...                                              
                                                  
l.2727 \begin{theorem}
                      [Kuramoto–Ising Mean–Field Equation]
? 

! LaTeX Error: \begin{document} ended by \end{theorem}.

See the LaTeX manual or LaTeX Companion for explanation.
Type  H <return>  for immediate help.
 ...                                              
                                                  
l.2738 \end{theorem}
                    
? 

Package hyperref Warning: Token not allowed in a PDF string (Unicode):
(hyperref)                removing `math shift' on input line 2755.


Package hyperref Warning: Token not allowed in a PDF string (Unicode):
(hyperref)                removing `\lambda' on input line 2755.


Package hyperref Warning: Token not allowed in a PDF string (Unicode):
(hyperref)                removing `math shift' on input line 2755.


! LaTeX Error: Environment theorem undefined.

See the LaTeX manual or LaTeX Companion for explanation.
Type  H <return>  for immediate help.
 ...                                              
                                                  
l.2757 \begin{theorem}
                      [Equivalence of Minimization Principles]
? 


[41]

! LaTeX Error: \begin{document} ended by \end{theorem}.

See the LaTeX manual or LaTeX Companion for explanation.
Type  H <return>  for immediate help.
 ...                                              
                                                  
l.2772 \end{theorem}
                    
? 

! LaTeX Error: Environment theorem undefined.

See the LaTeX manual or LaTeX Companion for explanation.
Type  H <return>  for immediate help.
 ...                                              
                                                  
l.2783 \begin{theorem}
                      [Functional Equivalence to $\lambda$–Reduction]
? 

! LaTeX Error: \begin{document} ended by \end{theorem}.

See the LaTeX manual or LaTeX Companion for explanation.
Type  H <return>  for immediate help.
 ...                                              
                                                  
l.2791 \end{theorem}
                    
? 

! LaTeX Error: Environment definition undefined.

See the LaTeX manual or LaTeX Companion for explanation.
Type  H <return>  for immediate help.
 ...                                              
                                                  
l.2841 \begin{definition}
                         [Layer Categories and Parallel Composition]
? 


[42]

! LaTeX Error: \begin{document} ended by \end{definition}.

See the LaTeX manual or LaTeX Companion for explanation.
Type  H <return>  for immediate help.
 ...                                              
                                                  
l.2862 \end{definition}
                       
? 

! LaTeX Error: Environment proposition undefined.

See the LaTeX manual or LaTeX Companion for explanation.
Type  H <return>  for immediate help.
 ...                                              
                                                  
l.2867 \begin{proposition}
                          [Symmetric Monoidal Structure]
? 

! LaTeX Error: \begin{document} ended by \end{proposition}.

See the LaTeX manual or LaTeX Companion for explanation.
Type  H <return>  for immediate help.
 ...                                              
                                                  
l.2869 \end{proposition}
                        
? 
Missing character: There is no   (U+2009) in font "name:TeX Gyre Termes:mode=n
ode;script=latn;language=dflt;+tlig;"!
Missing character: There is no   (U+2009) in font "name:TeX Gyre Termes:mode=n
ode;script=latn;language=dflt;+tlig;"!
Missing character: There is no   (U+2009) in font "name:TeX Gyre Termes:mode=n
ode;script=latn;language=dflt;+tlig;"!

! LaTeX Error: Environment definition undefined.

See the LaTeX manual or LaTeX Companion for explanation.
Type  H <return>  for immediate help.
 ...                                              
                                                  
l.2880 \begin{definition}
                         [Energy-Monotone Layer Functors]
? 
! Undefined control sequence.
l.2893 ...F_{\lambda\to\mathrm{Sp}} \;\xRightarrow
                                                  {\;\sim\;}\; F_{\lambda\to...
? 

! LaTeX Error: \begin{document} ended by \end{definition}.

See the LaTeX manual or LaTeX Companion for explanation.
Type  H <return>  for immediate help.
 ...                                              
                                                  
l.2897 \end{definition}
                       
? 

! LaTeX Error: Environment theorem undefined.

See the LaTeX manual or LaTeX Companion for explanation.
Type  H <return>  for immediate help.
 ...                                              
                                                  
l.2902 \begin{theorem}
                      [Bridge Functors Preserve Parallel Composition and Lya...
? 


[43
Missing character: There is no   (U+2009) in font "name:TeX Gyre Termes:mode=n
ode;script=latn;language=dflt;+tlig;"!
]

! LaTeX Error: \begin{document} ended by \end{theorem}.

See the LaTeX manual or LaTeX Companion for explanation.
Type  H <return>  for immediate help.
 ...                                              
                                                  
l.2910 \end{theorem}
                    
? 

! LaTeX Error: Environment definition undefined.

See the LaTeX manual or LaTeX Companion for explanation.
Type  H <return>  for immediate help.
 ...                                              
                                                  
l.2921 \begin{definition}
                         [CLIO Endofunctors and Adaptation]
? 

Overfull \hbox (5.49039pt too wide) in paragraph at lines 2921--2923
\TU/TeXGyreTermes(0)/m/n/12 [CLIO End-o-func-tors and Adap-ta-tion] Let $[][] [
] [] \OMS/cmsy/m/n/12 C[] ! C[]$ \TU/TeXGyreTermes(0)/m/n/12 be end-o-func-tors (for $\OMS/cmsy/m/n/12  2 f\OML/cmm/m/it/12 ; []; []\OMS/cmsy/m/n/12 g$\TU/TeXGyreTermes(0)/m/n/12 )
 []


! LaTeX Error: Environment tikzcd undefined.

See the LaTeX manual or LaTeX Companion for explanation.
Type  H <return>  for immediate help.
 ...                                              
                                                  
l.2930 \begin{tikzcd}
                     [column sep=large,row sep=large]
? 
! Undefined control sequence.
l.2931 \mathcal{C}_{\lambda} \arrow
                                   [r,"F_{\lambda\to\mathrm{Sp}}"] \arrow[d,...
? 
! Undefined control sequence.
l.2931 ...ow[r,"F_{\lambda\to\mathrm{Sp}}"] \arrow
                                                  [d,swap,"\mathsf{CLIO}_{t}"]
? 
! Misplaced alignment tab character &.
l.2932  &
          \mathcal{C}_{\mathrm{Sp}} \arrow[d,"\mathsf{CLIO}_{t}"] \\
? 
! Undefined control sequence.
l.2932  & \mathcal{C}_{\mathrm{Sp}} \arrow
                                          [d,"\mathsf{CLIO}_{t}"] \\
? 
! Undefined control sequence.
l.2933 \mathcal{C}_{\lambda} \arrow
                                   [r,swap,"F_{\lambda\to\mathrm{Sp}}"]
? 
! Misplaced alignment tab character &.
l.2934  &
          \mathcal{C}_{\mathrm{Sp}}
? 
! Undefined control sequence.
l.2935  \arrow
              [lu,phantom,"\cong" very near start]
? 

! LaTeX Error: \begin{equation*} on input line 2929 ended by \end{tikzcd}.

See the LaTeX manual or LaTeX Companion for explanation.
Type  H <return>  for immediate help.
 ...                                              
                                                  
l.2936 \end{tikzcd}
                   
? 

Overfull \hbox (268.24126pt too wide) detected at line 2937
\OT1/cmr/m/n/12 [\OML/cmm/m/it/12 columnsep \OT1/cmr/m/n/12 = \OML/cmm/m/it/12 
large; rowsep \OT1/cmr/m/n/12 = \OML/cmm/m/it/12 large\OT1/cmr/m/n/12 ]\OMS/cms
y/m/n/12 C[]\OT1/cmr/m/n/12 [\OML/cmm/m/it/12 r; \TU/TeXGyreTermes(0)/m/n/12 "\
OML/cmm/m/it/12 F[]\TU/TeXGyreTermes(0)/m/n/12 "\OT1/cmr/m/n/12 ][\OML/cmm/m/it
/12 d; swap; \TU/TeXGyreTermes(0)/m/n/12 "[][]"\OT1/cmr/m/n/12 ]\OMS/cmsy/m/n/1
2 C[]\OT1/cmr/m/n/12 [\OML/cmm/m/it/12 d; \TU/TeXGyreTermes(0)/m/n/12 "[][]"\OT
1/cmr/m/n/12 ][] \OMS/cmsy/m/n/12 C[]\OT1/cmr/m/n/12 [\OML/cmm/m/it/12 r; swap; \TU/TeXGyreTermes(0)/m/n/12 "\OML/cmm/m/it/12 F[]\TU/TeXGyreTermes(0)/m/n/12 "\OT1/cmr/m/n/12 ]\OMS/cmsy/m/n/12 C[]\OT1/cmr/m/n/12 [\OML/cmm/m/it/12 lu; phantom; \TU/TeXGyreTermes(0)/m/n/12 " [] "\OML/cmm/m/it/12 verynearstart\OT1/cmr/m/n/12 ]
 []


! LaTeX Error: \begin{document} ended by \end{definition}.

See the LaTeX manual or LaTeX Companion for explanation.
Type  H <return>  for immediate help.
 ...                                              
                                                  
l.2939 \end{definition}
                       
? 

! LaTeX Error: Environment lemma undefined.

See the LaTeX manual or LaTeX Companion for explanation.
Type  H <return>  for immediate help.
 ...                                              
                                                  
l.2941 \begin{lemma}
                    [Naturality Squares Commute Up to Isomorphism]
? 

! LaTeX Error: \begin{document} ended by \end{lemma}.

See the LaTeX manual or LaTeX Companion for explanation.
Type  H <return>  for immediate help.
 ...                                              
                                                  
l.2950 \end{lemma}
                  
? 
! Undefined control sequence.
l.2963 \mathscr
               {C}(U)\;:=\;
? 


[44]

! LaTeX Error: Environment definition undefined.

See the LaTeX manual or LaTeX Companion for explanation.
Type  H <return>  for immediate help.
 ...                                              
                                                  
l.2968 \begin{definition}
                         [Presheaf and Sheaf Condition]
? 
! Undefined control sequence.
l.2969 The assignment $U\mapsto\mathscr
                                       {C}(U)$ with restriction functors $\r...
? 
! Undefined control sequence.
l.2969 ...on functors $\rho^{U}_{V}\colon \mathscr
                                                  {C}(U)\to\mathscr{C}(V)$ f...
? 
! Undefined control sequence.
l.2969 ...^{U}_{V}\colon \mathscr{C}(U)\to\mathscr
                                                  {C}(V)$ for $V\subset U$ d...
? 
! Undefined control sequence.
<recently read> \mathscr 
                         
l.2969 ...ic monoidal categories. We say $\mathscr
                                                  {C}$ satisfies the \emph{s...
? 
! Undefined control sequence.
l.2969 ...\}$ if for any family $\{X_i\in \mathscr
                                                  {C}(U_i)\}$ and isomorphis...
? 
! Undefined control sequence.
l.2969 ...le overlaps, there exists $X\in \mathscr
                                                  {C}(U)$ and isomorphisms $...
? 

! LaTeX Error: \begin{document} ended by \end{definition}.

See the LaTeX manual or LaTeX Companion for explanation.
Type  H <return>  for immediate help.
 ...                                              
                                                  
l.2970 \end{definition}
                       
? 

Overfull \hbox (19.53215pt too wide) in paragraph at lines 2968--2971
[]\TU/TeXGyreTermes(0)/m/n/12 [Presheaf and Sheaf Con-di-tion] The as-sign-ment $\OML/cmm/m/it/12 U \OMS/cmsy/m/n/12 7! \OML/cmm/m/it/12 C\OT1/cmr/m/n/12 (\OML/cmm/m/it/12 U\OT1/cmr/m/n/12 )$ \TU/TeXGyreTermes(0)/m/n/12 with re-stric-tion func-tors $\OML/cmm/m/it/12 [] [] [] C\OT1/cmr/m/n/12 (\OML/cmm/m/it/12 U\OT1/cmr/m/n/12 ) \OMS/cmsy/m/n/12 !
 []


! LaTeX Error: Environment theorem undefined.

See the LaTeX manual or LaTeX Companion for explanation.
Type  H <return>  for immediate help.
 ...                                              
                                                  
l.2972 \begin{theorem}
                      [Gluing $\iff$ Local Synchronization]
? 
! Undefined control sequence.
<recently read> \mathscr 
                         
l.2974 $\mathscr
                {C}$ satisfies the sheaf condition on a cover $\{U_i\}$ if a...
? 

! LaTeX Error: \begin{document} ended by \end{theorem}.

See the LaTeX manual or LaTeX Companion for explanation.
Type  H <return>  for immediate help.
 ...                                              
                                                  
l.2981 \end{theorem}
                    
? 
! Undefined control sequence.
<recently read> \mathscr 
                         
l.2984 ($\Rightarrow$) If $\mathscr
                                   {C}$ is a sheaf, objects glue along isomo...
? 
! Undefined control sequence.
l.2984 ...rits the colimit, yielding $X\in\mathscr
                                                  {C}(U)$ with the desired r...
? 

! LaTeX Error: Environment definition undefined.

See the LaTeX manual or LaTeX Companion for explanation.
Type  H <return>  for immediate help.
 ...                                              
                                                  
l.2990 \begin{definition}
                         [Čech 1-Cocycles and Semantic Holonomy]
? 
! Undefined control sequence.
l.2993 \mathcal{Z}^{1}(\{U_i\},\mathscr
                                       {C})
? 
! Undefined control sequence.
l.2996 ...y set $\check{H}^{1}(\mathbb{M},\mathscr
                                                  {C})$.
? 

! LaTeX Error: \begin{document} ended by \end{definition}.

See the LaTeX manual or LaTeX Companion for explanation.
Type  H <return>  for immediate help.
 ...                                              
                                                  
l.2997 \end{definition}
                       
? 

! LaTeX Error: Environment proposition undefined.

See the LaTeX manual or LaTeX Companion for explanation.
Type  H <return>  for immediate help.
 ...                                              
                                                  
l.2999 \begin{proposition}
                          [Vanishing Cohomology $\Leftrightarrow$ Global Con...
? 
! Undefined control sequence.
l.3001 If $\check{H}^{1}(\mathbb{M},\mathscr
                                            {C})=0$, every compatible local ...
? 

! LaTeX Error: \begin{document} ended by \end{proposition}.

See the LaTeX manual or LaTeX Companion for explanation.
Type  H <return>  for immediate help.
 ...                                              
                                                  
l.3002 \end{proposition}
                        
? 

! LaTeX Error: Environment definition undefined.

See the LaTeX manual or LaTeX Companion for explanation.
Type  H <return>  for immediate help.
 ...                                              
                                                  
l.3013 \begin{definition}
                         [Semantic Limits and Colimits]
? 
! Undefined control sequence.
l.3014 Given a diagram $D\colon J\to\mathscr
                                            {C}(U)$, a \emph{semantic equili...
? 

! LaTeX Error: \begin{document} ended by \end{definition}.

See the LaTeX manual or LaTeX Companion for explanation.
Type  H <return>  for immediate help.
 ...                                              
                                                  
l.3015 \end{definition}
                       
? 


[45]

! LaTeX Error: Environment theorem undefined.

See the LaTeX manual or LaTeX Companion for explanation.
Type  H <return>  for immediate help.
 ...                                              
                                                  
l.3017 \begin{theorem}
                      [Existence of Semantic Merges]
? 
! Undefined control sequence.
<recently read> \mathscr 
                         
l.3019 ...thrm{Is}}$ preserve them, then $\mathscr
                                                  {C}(U)$ has all small coli...
? 

! LaTeX Error: \begin{document} ended by \end{theorem}.

See the LaTeX manual or LaTeX Companion for explanation.
Type  H <return>  for immediate help.
 ...                                              
                                                  
l.3020 \end{theorem}
                    
? 
! Undefined control sequence.
<recently read> \mathscr 
                         
l.3023 ...on, yielding cocompleteness of $\mathscr
                                                  {C}(U)$.
? 

! LaTeX Error: Environment definition undefined.

See the LaTeX manual or LaTeX Companion for explanation.
Type  H <return>  for immediate help.
 ...                                              
                                                  
l.3029 \begin{definition}
                         [Stigmergic Write–Read Adjunction]
? 

! LaTeX Error: \begin{document} ended by \end{definition}.

See the LaTeX manual or LaTeX Companion for explanation.
Type  H <return>  for immediate help.
 ...                                              
                                                  
l.3038 \end{definition}
                       
? 

! LaTeX Error: Environment proposition undefined.

See the LaTeX manual or LaTeX Companion for explanation.
Type  H <return>  for immediate help.
 ...                                              
                                                  
l.3040 \begin{proposition}
                          [Energetic Optimality of Adjunction]
? 

! LaTeX Error: \begin{document} ended by \end{proposition}.

See the LaTeX manual or LaTeX Companion for explanation.
Type  H <return>  for immediate help.
 ...                                              
                                                  
l.3054 \end{proposition}
                        
? 

Overfull \hbox (11.97993pt too wide) in paragraph at lines 3057--3058
\OML/cmm/m/it/12 X \OMS/cmsy/m/n/12 ! [][][][]\OT1/cmr/m/n/12 (\OML/cmm/m/it/12
 X\OT1/cmr/m/n/12 )$ \TU/TeXGyreTermes(0)/m/n/12 is uni-ver-sal; any ex-ter-nal-
iza-tion fac-tor-izes uniquely through $[][]\OT1/cmr/m/n/12 (\OML/cmm/m/it/12 X\OT1/cmr/m/n/12 )$\TU/TeXGyreTermes(0)/m/n/12 ,
 []


! LaTeX Error: Environment definition undefined.

See the LaTeX manual or LaTeX Companion for explanation.
Type  H <return>  for immediate help.
 ...                                              
                                                  
l.3065 \begin{definition}
                         [Scale-Indexed Stack]
? 
! Undefined control sequence.
<recently read> \mathscr 
                         
l.3066 ...ssigns to each $(n,U)$ a fiber $\mathscr
                                                  {C}_n(U)$ with pullbacks b...
? 

! LaTeX Error: \begin{document} ended by \end{definition}.

See the LaTeX manual or LaTeX Companion for explanation.
Type  H <return>  for immediate help.
 ...                                              
                                                  
l.3067 \end{definition}
                       
? 

! LaTeX Error: Environment theorem undefined.

See the LaTeX manual or LaTeX Companion for explanation.
Type  H <return>  for immediate help.
 ...                                              
                                                  
l.3069 \begin{theorem}
                      [Descent and Scale–Space Coherence]
? 
! Undefined control sequence.
<recently read> \mathscr 
                         
l.3071 If (i) each $\mathscr
                            {C}_n$ is a sheaf as in Theorem~\ref{thm:sheaf-g...
? 

! LaTeX Error: \begin{document} ended by \end{theorem}.

See the LaTeX manual or LaTeX Companion for explanation.
Type  H <return>  for immediate help.
 ...                                              
                                                  
l.3072 \end{theorem}
                    
? 


[46]

! LaTeX Error: Environment theorem undefined.

See the LaTeX manual or LaTeX Companion for explanation.
Type  H <return>  for immediate help.
 ...                                              
                                                  
l.3083 \begin{theorem}
                      [Global Cognitive Section]
? 
! Undefined control sequence.
l.3087 \item $\check{H}^{1}(\mathbb{M},\mathscr
                                               {C}_n)=0$ for all scales $n$;
? 

! LaTeX Error: \begin{document} ended by \end{theorem}.

See the LaTeX manual or LaTeX Companion for explanation.
Type  H <return>  for immediate help.
 ...                                              
                                                  
l.3092 \end{theorem}
                    
? 

! LaTeX Error: Environment theorem undefined.

See the LaTeX manual or LaTeX Companion for explanation.
Type  H <return>  for immediate help.
 ...                                              
                                                  
l.3103 \begin{theorem}
                      [Layerwise Entropy Monotonicity]
? 

! LaTeX Error: \begin{document} ended by \end{theorem}.

See the LaTeX manual or LaTeX Companion for explanation.
Type  H <return>  for immediate help.
 ...                                              
                                                  
l.3117 \end{theorem}
                    
? 


[47]

[48]
Overfull \hbox (61.27858pt too wide) detected at line 3201
[]  \OMS/cmsy/m/n/12  []!  []   []!  []   []!  []\OML/cmm/m/it/12 :
 []



[49]

! LaTeX Error: Environment definition undefined.

See the LaTeX manual or LaTeX Companion for explanation.
Type  H <return>  for immediate help.
 ...                                              
                                                  
l.3267 \begin{definition}
                         [Coarse-Graining Functor]
? 

! LaTeX Error: \begin{document} ended by \end{definition}.

See the LaTeX manual or LaTeX Companion for explanation.
Type  H <return>  for immediate help.
 ...                                              
                                                  
l.3282 \end{definition}
                       
? 


[50]

! LaTeX Error: Environment definition undefined.

See the LaTeX manual or LaTeX Companion for explanation.
Type  H <return>  for immediate help.
 ...                                              
                                                  
l.3392 \begin{definition}
                         [Cochain Complex of a Sheaf]
? 
LaTeX Font Info:    Trying to load font information for U+euf on input line 339
4.
(/usr/local/texlive/2025/texmf-dist/tex/latex/amsfonts/ueuf.fd
File: ueuf.fd 2013/01/14 v3.01 Euler Fraktur
)
(/usr/local/texlive/2025/texmf-dist/tex/latex/microtype/mt-euf.cfg
File: mt-euf.cfg 2006/07/03 v1.1 microtype config. file: AMS Euler Fraktur (RS)

)
! Undefined control sequence.
l.3397   C^n(\mathfrak{U},\mathscr
                                  {F})
? 
! Undefined control sequence.
l.3399        \mathscr
                      {F}(U_{i_0}\cap\dots\cap U_{i_n}),
? 


[51]
! Undefined control sequence.
l.3409 The pair \((C^\bullet(\mathfrak{U},\mathscr
                                                  {F}),d)\)
? 

! LaTeX Error: \begin{document} ended by \end{definition}.

See the LaTeX manual or LaTeX Companion for explanation.
Type  H <return>  for immediate help.
 ...                                              
                                                  
l.3411 \end{definition}
                       
? 

! LaTeX Error: Environment definition undefined.

See the LaTeX manual or LaTeX Companion for explanation.
Type  H <return>  for immediate help.
 ...                                              
                                                  
l.3425 \begin{definition}
                         [Homotopy Category and Derived Category]
? 
! Undefined control sequence.
l.3427 Let \(\mathbf{C}(\mathscr
                                {F})\) be the category of cochain complexes ...
? 
! Undefined control sequence.
l.3429 ...homotopy category} \(\mathbf{K}(\mathscr
                                                  {F})\)
? 
! Undefined control sequence.
l.3433   \mathbf{D}(\mathscr
                            {F})
? 
! Undefined control sequence.
l.3434    = \mathbf{K}(\mathscr
                               {F})[S^{-1}]
? 
! Undefined control sequence.
l.3436 ...he localization of \(\mathbf{K}(\mathscr
                                                  {F})\)
? 

! LaTeX Error: \begin{document} ended by \end{definition}.

See the LaTeX manual or LaTeX Companion for explanation.
Type  H <return>  for immediate help.
 ...                                              
                                                  
l.3439 \end{definition}
                       
? 

! LaTeX Error: Environment proposition undefined.

See the LaTeX manual or LaTeX Companion for explanation.
Type  H <return>  for immediate help.
 ...                                              
                                                  
l.3441 \begin{proposition}
                          [Functoriality of Derived Category]
? 
! Undefined control sequence.
l.3445 \(\mathbf{R}^iF:\mathbf{D}^+(\mathscr
                                            {F})\to\mathbf{Ab}\),
? 

! LaTeX Error: \begin{document} ended by \end{proposition}.

See the LaTeX manual or LaTeX Companion for explanation.
Type  H <return>  for immediate help.
 ...                                              
                                                  
l.3447 \end{proposition}
                        
? 
! Undefined control sequence.
l.3451 \(\mathscr
                 {F}\to I^\bullet\);
? 

! LaTeX Error: Environment definition undefined.

See the LaTeX manual or LaTeX Companion for explanation.
Type  H <return>  for immediate help.
 ...                                              
                                                  
l.3462 \begin{definition}
                         [Ext and Tor Functors]
? 
! Undefined control sequence.
l.3464 For sheaves of RSVP modules \(\mathscr
                                             {F},\mathscr{G}\),
? 
! Undefined control sequence.
l.3464 ...s of RSVP modules \(\mathscr{F},\mathscr
                                                  {G}\),
? 
! Undefined control sequence.
l.3467   \mathrm{Ext}^n(\mathscr
                                {F},\mathscr{G})
? 
! Undefined control sequence.
l.3467   \mathrm{Ext}^n(\mathscr{F},\mathscr
                                            {G})
? 
! Undefined control sequence.
l.3468 ...(\mathbf{R}\!\operatorname{Hom}(\mathscr
                                                  {F},\mathscr{G})),
? 
! Undefined control sequence.
l.3468 ...!\operatorname{Hom}(\mathscr{F},\mathscr
                                                  {G})),
? 
! Undefined control sequence.
l.3470   \mathrm{Tor}_n(\mathscr
                                {F},\mathscr{G})
? 
! Undefined control sequence.
l.3470   \mathrm{Tor}_n(\mathscr{F},\mathscr
                                            {G})
? 
! Undefined control sequence.
l.3471   = H_n(\mathscr
                       {F}\otimes^{\mathbf{L}}\mathscr{G}),
? 
! Undefined control sequence.
l.3471 ...(\mathscr{F}\otimes^{\mathbf{L}}\mathscr
                                                  {G}),
? 

! LaTeX Error: \begin{document} ended by \end{definition}.

See the LaTeX manual or LaTeX Companion for explanation.
Type  H <return>  for immediate help.
 ...                                              
                                                  
l.3474 \end{definition}
                       
? 

! LaTeX Error: Environment proposition undefined.

See the LaTeX manual or LaTeX Companion for explanation.
Type  H <return>  for immediate help.
 ...                                              
                                                  
l.3476 \begin{proposition}
                          [Interpretation of Homological Terms]
? 

! LaTeX Error: \begin{document} ended by \end{proposition}.

See the LaTeX manual or LaTeX Companion for explanation.
Type  H <return>  for immediate help.
 ...                                              
                                                  
l.3480 \end{proposition}
                        
? 

! LaTeX Error: Environment theorem undefined.

See the LaTeX manual or LaTeX Companion for explanation.
Type  H <return>  for immediate help.
 ...                                              
                                                  
l.3495 \begin{theorem}
                      [Spectral Sequence of Cognitive Integration]
? 
! Undefined control sequence.
l.3501 ...} = \mathbf{R}^pG(\mathbf{R}^qF(\mathscr
                                                  {F}))
? 
! Undefined control sequence.
l.3503   \mathbf{R}^{p+q}(G\!\circ\!F)(\mathscr
                                               {F}).
? 


[52]

! LaTeX Error: \begin{document} ended by \end{theorem}.

See the LaTeX manual or LaTeX Companion for explanation.
Type  H <return>  for immediate help.
 ...                                              
                                                  
l.3505 \end{theorem}
                    
? 
! Undefined control sequence.
l.3509 since injective resolutions of \(\mathscr
                                                {F}\)
? 


[53]

! LaTeX Error: Environment definition undefined.

See the LaTeX manual or LaTeX Companion for explanation.
Type  H <return>  for immediate help.
 ...                                              
                                                  
l.3567 \begin{definition}
                         [Homotopy Groupoid]
? 
! Undefined control sequence.
l.3569 Let \(\mathscr
                     {F}\) be the sheaf of RSVP fields on \(\mathbb{M}\).
? 
! Undefined control sequence.
l.3570 ...emph{homotopy groupoid} \(\Pi_1(\mathscr
                                                  {F})\) as follows:
? 
! Undefined control sequence.
l.3572 ...lobal sections \(s:\mathbb{M}\to\mathscr
                                                  {F}(\mathbb{M})\);
? 
! Undefined control sequence.
l.3574 ...  \(h:[0,1]\to\Gamma(\mathbb{M},\mathscr
                                                  {F})\)
? 

! LaTeX Error: \begin{document} ended by \end{definition}.

See the LaTeX manual or LaTeX Companion for explanation.
Type  H <return>  for immediate help.
 ...                                              
                                                  
l.3578 \end{definition}
                       
? 

! LaTeX Error: Environment definition undefined.

See the LaTeX manual or LaTeX Companion for explanation.
Type  H <return>  for immediate help.
 ...                                              
                                                  
l.3594 \begin{definition}
                         [Identity Type as Path]
? 
! Undefined control sequence.
l.3596 For elements \(x,y:\mathscr
                                  {F}\),
? 
! Undefined control sequence.
l.3597 ...h{identity type} \(\mathrm{Id}_{\mathscr
                                                  {F}}(x,y)\)
? 
! Undefined control sequence.
l.3598 ...hs \(p:x\leadsto y\) in \(\Pi_1(\mathscr
                                                  {F})\).
? 

! LaTeX Error: \begin{document} ended by \end{definition}.

See the LaTeX manual or LaTeX Companion for explanation.
Type  H <return>  for immediate help.
 ...                                              
                                                  
l.3599 \end{definition}
                       
? 

! LaTeX Error: Environment proposition undefined.

See the LaTeX manual or LaTeX Companion for explanation.
Type  H <return>  for immediate help.
 ...                                              
                                                  
l.3601 \begin{proposition}
                          [Path–Equality Correspondence]
? 
! Undefined control sequence.
l.3606   (x = y) \;\simeq\; \mathrm{Id}_{\mathscr
                                                 {F}}(x,y).
? 

! LaTeX Error: \begin{document} ended by \end{proposition}.

See the LaTeX manual or LaTeX Companion for explanation.
Type  H <return>  for immediate help.
 ...                                              
                                                  
l.3608 \end{proposition}
                        
? 

! LaTeX Error: Environment theorem undefined.

See the LaTeX manual or LaTeX Companion for explanation.
Type  H <return>  for immediate help.
 ...                                              
                                                  
l.3625 \begin{theorem}
                      [Univalence Axiom for Cognitive Equivalence]
? 

! LaTeX Error: \begin{document} ended by \end{theorem}.

See the LaTeX manual or LaTeX Companion for explanation.
Type  H <return>  for immediate help.
 ...                                              
                                                  
l.3634 \end{theorem}
                    
? 


[54]

! LaTeX Error: Environment definition undefined.

See the LaTeX manual or LaTeX Companion for explanation.
Type  H <return>  for immediate help.
 ...                                              
                                                  
l.3654 \begin{definition}
                         [Contractible Cognitive Space]
? 

! LaTeX Error: \begin{document} ended by \end{definition}.

See the LaTeX manual or LaTeX Companion for explanation.
Type  H <return>  for immediate help.
 ...                                              
                                                  
l.3659 \end{definition}
                       
? 

! LaTeX Error: Environment proposition undefined.

See the LaTeX manual or LaTeX Companion for explanation.
Type  H <return>  for immediate help.
 ...                                              
                                                  
l.3661 \begin{proposition}
                          [Fixed-Point Stability]
? 

! LaTeX Error: \begin{document} ended by \end{proposition}.

See the LaTeX manual or LaTeX Companion for explanation.
Type  H <return>  for immediate help.
 ...                                              
                                                  
l.3666 \end{proposition}
                        
? 

! LaTeX Error: Environment definition undefined.

See the LaTeX manual or LaTeX Companion for explanation.
Type  H <return>  for immediate help.
 ...                                              
                                                  
l.3681 \begin{definition}
                         [Higher Homotopy Groups]
? 
! Undefined control sequence.
l.3684 \(\pi_n(\mathscr
                       {F},s_0)\)
? 
! Undefined control sequence.
l.3686 \(S^n\to\mathscr
                       {F}\)
? 

! LaTeX Error: \begin{document} ended by \end{definition}.

See the LaTeX manual or LaTeX Companion for explanation.
Type  H <return>  for immediate help.
 ...                                              
                                                  
l.3688 \end{definition}
                       
? 

! LaTeX Error: Environment theorem undefined.

See the LaTeX manual or LaTeX Companion for explanation.
Type  H <return>  for immediate help.
 ...                                              
                                                  
l.3690 \begin{theorem}
                      [Cognitive Coherence via Higher Homotopy]
? 
! Undefined control sequence.
l.3693 \(\pi_n(\mathscr
                       {F})=0\) for \(n\ge2\)
? 

! LaTeX Error: \begin{document} ended by \end{theorem}.

See the LaTeX manual or LaTeX Companion for explanation.
Type  H <return>  for immediate help.
 ...                                              
                                                  
l.3696 \end{theorem}
                    
? 

! LaTeX Error: Environment definition undefined.

See the LaTeX manual or LaTeX Companion for explanation.
Type  H <return>  for immediate help.
 ...                                              
                                                  
l.3712 \begin{definition}
                         [Cognitive Type Universe]
? 

! LaTeX Error: \begin{document} ended by \end{definition}.

See the LaTeX manual or LaTeX Companion for explanation.
Type  H <return>  for immediate help.
 ...                                              
                                                  
l.3719 \end{definition}
                       
? 

! LaTeX Error: Environment proposition undefined.

See the LaTeX manual or LaTeX Companion for explanation.
Type  H <return>  for immediate help.
 ...                                              
                                                  
l.3721 \begin{proposition}
                          [Transport along Paths]
? 
! Undefined control sequence.
l.3723 ...x\leadsto y\) in \(\mathrm{Id}_{\mathscr
                                                  {F}}(x,y)\),
? 
! Undefined control sequence.
l.3725 \(B:\mathscr
                   {F}\to\mathcal{U}_{\mathrm{RSVP}}\)
? 

! LaTeX Error: \begin{document} ended by \end{proposition}.

See the LaTeX manual or LaTeX Companion for explanation.
Type  H <return>  for immediate help.
 ...                                              
                                                  
l.3728 \end{proposition}
                        
? 

Overfull \hbox (1.71422pt too wide) in paragraph at lines 3736--3739
[][]\TU/TeXGyreTermes(0)/b/n/12 In-ter-pre-ta-tion.[] \TU/TeXGyreTermes(0)/m/n/
12 Trans-port for-mal-izes rea-son-ing un-der change: as a thought morphs smooth
ly,
 []



[55]

! LaTeX Error: Environment definition undefined.

See the LaTeX manual or LaTeX Companion for explanation.
Type  H <return>  for immediate help.
 ...                                              
                                                  
l.3768 \begin{definition}
                         [Subobject Classifier]
? 

! LaTeX Error: Environment tikzcd undefined.

See the LaTeX manual or LaTeX Companion for explanation.
Type  H <return>  for immediate help.
 ...                                              
                                                  
l.3780 \begin{tikzcd}
                     
? 
! Undefined control sequence.
l.3781 S \arrow
               [d,hook,"m"'] \arrow[r] & 1 \arrow[d,"\mathsf{true}"] \\
? 
! Undefined control sequence.
l.3781 S \arrow[d,hook,"m"'] \arrow
                                   [r] & 1 \arrow[d,"\mathsf{true}"] \\
? 
! Misplaced alignment tab character &.
l.3781 S \arrow[d,hook,"m"'] \arrow[r] &
                                         1 \arrow[d,"\mathsf{true}"] \\
? 
! Undefined control sequence.
l.3781 S \arrow[d,hook,"m"'] \arrow[r] & 1 \arrow
                                                 [d,"\mathsf{true}"] \\
? 
! Undefined control sequence.
l.3782 X \arrow
               [r,"\chi_m"'] & \Omega
? 
! Misplaced alignment tab character &.
l.3782 X \arrow[r,"\chi_m"'] &
                               \Omega
? 

! LaTeX Error: \begin{equation*} on input line 3779 ended by \end{tikzcd}.

See the LaTeX manual or LaTeX Companion for explanation.
Type  H <return>  for immediate help.
 ...                                              
                                                  
l.3783 \end{tikzcd}
                   
? 

! LaTeX Error: \begin{document} ended by \end{definition}.

See the LaTeX manual or LaTeX Companion for explanation.
Type  H <return>  for immediate help.
 ...                                              
                                                  
l.3785 \end{definition}
                       
? 

! LaTeX Error: Environment proposition undefined.

See the LaTeX manual or LaTeX Companion for explanation.
Type  H <return>  for immediate help.
 ...                                              
                                                  
l.3793 \begin{proposition}
                          [Awareness as Truth Value]
? 

! LaTeX Error: \begin{document} ended by \end{proposition}.

See the LaTeX manual or LaTeX Companion for explanation.
Type  H <return>  for immediate help.
 ...                                              
                                                  
l.3800 \end{proposition}
                        
? 

! LaTeX Error: Environment definition undefined.

See the LaTeX manual or LaTeX Companion for explanation.
Type  H <return>  for immediate help.
 ...                                              
                                                  
l.3816 \begin{definition}
                         [Phenomenal Subobject]
? 

! LaTeX Error: \begin{document} ended by \end{definition}.

See the LaTeX manual or LaTeX Companion for explanation.
Type  H <return>  for immediate help.
 ...                                              
                                                  
l.3824 \end{definition}
                       
? 


[56]

! LaTeX Error: Environment proposition undefined.

See the LaTeX manual or LaTeX Companion for explanation.
Type  H <return>  for immediate help.
 ...                                              
                                                  
l.3826 \begin{proposition}
                          [Unity of Phenomenal Field]
? 

! LaTeX Error: \begin{document} ended by \end{proposition}.

See the LaTeX manual or LaTeX Companion for explanation.
Type  H <return>  for immediate help.
 ...                                              
                                                  
l.3832 \end{proposition}
                        
? 

! LaTeX Error: Environment definition undefined.

See the LaTeX manual or LaTeX Companion for explanation.
Type  H <return>  for immediate help.
 ...                                              
                                                  
l.3847 \begin{definition}
                         [Reflexive Endofunctor]
? 

! LaTeX Error: \begin{document} ended by \end{definition}.

See the LaTeX manual or LaTeX Companion for explanation.
Type  H <return>  for immediate help.
 ...                                              
                                                  
l.3856 \end{definition}
                       
? 

! LaTeX Error: Environment proposition undefined.

See the LaTeX manual or LaTeX Companion for explanation.
Type  H <return>  for immediate help.
 ...                                              
                                                  
l.3858 \begin{proposition}
                          [Reflexivity]
? 

! LaTeX Error: \begin{document} ended by \end{proposition}.

See the LaTeX manual or LaTeX Companion for explanation.
Type  H <return>  for immediate help.
 ...                                              
                                                  
l.3864 \end{proposition}
                        
? 

! LaTeX Error: Environment theorem undefined.

See the LaTeX manual or LaTeX Companion for explanation.
Type  H <return>  for immediate help.
 ...                                              
                                                  
l.3882 \begin{theorem}
                      [Reflective Fixed Point]
? 

! LaTeX Error: \begin{document} ended by \end{theorem}.

See the LaTeX manual or LaTeX Companion for explanation.
Type  H <return>  for immediate help.
 ...                                              
                                                  
l.3892 \end{theorem}
                    
? 

! LaTeX Error: Environment definition undefined.

See the LaTeX manual or LaTeX Companion for explanation.
Type  H <return>  for immediate help.
 ...                                              
                                                  
l.3909 \begin{definition}
                         [Subtopos of Awareness Level]
? 

! LaTeX Error: \begin{document} ended by \end{definition}.

See the LaTeX manual or LaTeX Companion for explanation.
Type  H <return>  for immediate help.
 ...                                              
                                                  
l.3916 \end{definition}
                       
? 

! LaTeX Error: Environment proposition undefined.

See the LaTeX manual or LaTeX Companion for explanation.
Type  H <return>  for immediate help.
 ...                                              
                                                  
l.3918 \begin{proposition}
                          [Hierarchies of Awareness]
? 


[57]

! LaTeX Error: \begin{document} ended by \end{proposition}.

See the LaTeX manual or LaTeX Companion for explanation.
Type  H <return>  for immediate help.
 ...                                              
                                                  
l.3929 \end{proposition}
                        
? 

! LaTeX Error: Environment definition undefined.

See the LaTeX manual or LaTeX Companion for explanation.
Type  H <return>  for immediate help.
 ...                                              
                                                  
l.3943 \begin{definition}
                         [Phenomenal Algebra]
? 

! LaTeX Error: \begin{document} ended by \end{definition}.

See the LaTeX manual or LaTeX Companion for explanation.
Type  H <return>  for immediate help.
 ...                                              
                                                  
l.3952 \end{definition}
                       
? 

! LaTeX Error: Environment theorem undefined.

See the LaTeX manual or LaTeX Companion for explanation.
Type  H <return>  for immediate help.
 ...                                              
                                                  
l.3954 \begin{theorem}
                      [Cognitive Soundness]
? 

! LaTeX Error: \begin{document} ended by \end{theorem}.

See the LaTeX manual or LaTeX Companion for explanation.
Type  H <return>  for immediate help.
 ...                                              
                                                  
l.3960 \end{theorem}
                    
? 


[58]

! LaTeX Error: Environment definition undefined.

See the LaTeX manual or LaTeX Companion for explanation.
Type  H <return>  for immediate help.
 ...                                              
                                                  
l.4005 \begin{definition}
                         [Subobject Classifier]
? 

! LaTeX Error: Environment tikzcd undefined.

See the LaTeX manual or LaTeX Companion for explanation.
Type  H <return>  for immediate help.
 ...                                              
                                                  
l.4017 \begin{tikzcd}
                     
? 
! Undefined control sequence.
l.4018 S \arrow
               [d,hook,"m"'] \arrow[r] & 1 \arrow[d,"\mathsf{true}"] \\
? 
! Undefined control sequence.
l.4018 S \arrow[d,hook,"m"'] \arrow
                                   [r] & 1 \arrow[d,"\mathsf{true}"] \\
? 
! Misplaced alignment tab character &.
l.4018 S \arrow[d,hook,"m"'] \arrow[r] &
                                         1 \arrow[d,"\mathsf{true}"] \\
? 
! Undefined control sequence.
l.4018 S \arrow[d,hook,"m"'] \arrow[r] & 1 \arrow
                                                 [d,"\mathsf{true}"] \\
? 
! Undefined control sequence.
l.4019 X \arrow
               [r,"\chi_m"'] & \Omega
? 
! Misplaced alignment tab character &.
l.4019 X \arrow[r,"\chi_m"'] &
                               \Omega
? 

! LaTeX Error: \begin{equation*} on input line 4016 ended by \end{tikzcd}.

See the LaTeX manual or LaTeX Companion for explanation.
Type  H <return>  for immediate help.
 ...                                              
                                                  
l.4020 \end{tikzcd}
                   
? 

! LaTeX Error: \begin{document} ended by \end{definition}.

See the LaTeX manual or LaTeX Companion for explanation.
Type  H <return>  for immediate help.
 ...                                              
                                                  
l.4022 \end{definition}
                       
? 

! LaTeX Error: Environment proposition undefined.

See the LaTeX manual or LaTeX Companion for explanation.
Type  H <return>  for immediate help.
 ...                                              
                                                  
l.4030 \begin{proposition}
                          [Awareness as Truth Value]
? 

! LaTeX Error: \begin{document} ended by \end{proposition}.

See the LaTeX manual or LaTeX Companion for explanation.
Type  H <return>  for immediate help.
 ...                                              
                                                  
l.4037 \end{proposition}
                        
? 

! LaTeX Error: Environment definition undefined.

See the LaTeX manual or LaTeX Companion for explanation.
Type  H <return>  for immediate help.
 ...                                              
                                                  
l.4053 \begin{definition}
                         [Phenomenal Subobject]
? 

! LaTeX Error: \begin{document} ended by \end{definition}.

See the LaTeX manual or LaTeX Companion for explanation.
Type  H <return>  for immediate help.
 ...                                              
                                                  
l.4061 \end{definition}
                       
? 

! LaTeX Error: Environment proposition undefined.

See the LaTeX manual or LaTeX Companion for explanation.
Type  H <return>  for immediate help.
 ...                                              
                                                  
l.4063 \begin{proposition}
                          [Unity of Phenomenal Field]
? 

! LaTeX Error: \begin{document} ended by \end{proposition}.

See the LaTeX manual or LaTeX Companion for explanation.
Type  H <return>  for immediate help.
 ...                                              
                                                  
l.4069 \end{proposition}
                        
? 

! LaTeX Error: Environment definition undefined.

See the LaTeX manual or LaTeX Companion for explanation.
Type  H <return>  for immediate help.
 ...                                              
                                                  
l.4084 \begin{definition}
                         [Reflexive Endofunctor]
? 

! LaTeX Error: \begin{document} ended by \end{definition}.

See the LaTeX manual or LaTeX Companion for explanation.
Type  H <return>  for immediate help.
 ...                                              
                                                  
l.4093 \end{definition}
                       
? 

! LaTeX Error: Environment proposition undefined.

See the LaTeX manual or LaTeX Companion for explanation.
Type  H <return>  for immediate help.
 ...                                              
                                                  
l.4095 \begin{proposition}
                          [Reflexivity]
? 

! LaTeX Error: \begin{document} ended by \end{proposition}.

See the LaTeX manual or LaTeX Companion for explanation.
Type  H <return>  for immediate help.
 ...                                              
                                                  
l.4101 \end{proposition}
                        
? 


[59]

! LaTeX Error: Environment theorem undefined.

See the LaTeX manual or LaTeX Companion for explanation.
Type  H <return>  for immediate help.
 ...                                              
                                                  
l.4119 \begin{theorem}
                      [Reflective Fixed Point]
? 

! LaTeX Error: \begin{document} ended by \end{theorem}.

See the LaTeX manual or LaTeX Companion for explanation.
Type  H <return>  for immediate help.
 ...                                              
                                                  
l.4129 \end{theorem}
                    
? 

! LaTeX Error: Environment definition undefined.

See the LaTeX manual or LaTeX Companion for explanation.
Type  H <return>  for immediate help.
 ...                                              
                                                  
l.4146 \begin{definition}
                         [Subtopos of Awareness Level]
? 

! LaTeX Error: \begin{document} ended by \end{definition}.

See the LaTeX manual or LaTeX Companion for explanation.
Type  H <return>  for immediate help.
 ...                                              
                                                  
l.4153 \end{definition}
                       
? 

! LaTeX Error: Environment proposition undefined.

See the LaTeX manual or LaTeX Companion for explanation.
Type  H <return>  for immediate help.
 ...                                              
                                                  
l.4155 \begin{proposition}
                          [Hierarchies of Awareness]
? 

! LaTeX Error: \begin{document} ended by \end{proposition}.

See the LaTeX manual or LaTeX Companion for explanation.
Type  H <return>  for immediate help.
 ...                                              
                                                  
l.4166 \end{proposition}
                        
? 

! LaTeX Error: Environment definition undefined.

See the LaTeX manual or LaTeX Companion for explanation.
Type  H <return>  for immediate help.
 ...                                              
                                                  
l.4180 \begin{definition}
                         [Phenomenal Algebra]
? 

! LaTeX Error: \begin{document} ended by \end{definition}.

See the LaTeX manual or LaTeX Companion for explanation.
Type  H <return>  for immediate help.
 ...                                              
                                                  
l.4189 \end{definition}
                       
? 

! LaTeX Error: Environment theorem undefined.

See the LaTeX manual or LaTeX Companion for explanation.
Type  H <return>  for immediate help.
 ...                                              
                                                  
l.4191 \begin{theorem}
                      [Cognitive Soundness]
? 

! LaTeX Error: \begin{document} ended by \end{theorem}.

See the LaTeX manual or LaTeX Companion for explanation.
Type  H <return>  for immediate help.
 ...                                              
                                                  
l.4197 \end{theorem}
                    
? 


[60]

[61]

[62
warning  (pdf backend): ignoring duplicate destination with the name 'cite.frist
on2019'
]
warning  (pdf backend): ignoring duplicate destination with the name 'cite.cox20
16'

! LaTeX Error: Lonely \item--perhaps a missing list environment.

See the LaTeX manual or LaTeX Companion for explanation.
Type  H <return>  for immediate help.
 ...                                              
                                                  
l.4289 \bibitem{levine1983}
                            Levine, J. ``Materialism and Qualia: The Explana...
? 

Underfull \hbox (badness 10000) detected at line 4289
[][]
 []

! Undefined control sequence.
<argument> \@listctr 
                     
l.4289 \bibitem{levine1983}
                            Levine, J. ``Materialism and Qualia: The Explana...
? 
! You can't use `\relax' after \the.
<recently read> \c@ 
                    
l.4289 \bibitem{levine1983}
                            Levine, J. ``Materialism and Qualia: The Explana...
? 

! LaTeX Error: \begin{document} ended by \end{thebibliography}.

See the LaTeX manual or LaTeX Companion for explanation.
Type  H <return>  for immediate help.
 ...                                              
                                                  
l.4290 \end{thebibliography}
                            
? 
! Extra \endgroup.
\end  ...end#1\endcsname \@checkend {#1}\endgroup 
                                                  \UseHook {env/#1/after}\if...
l.4290 \end{thebibliography}
                            
? 
! Extra \endgroup.
\restore@spacing ...vskip \baselineskip \endgroup 
                                                  \vskip -\parskip \vskip -\...
l.4292 \end{spacing}
                    
? 

! LaTeX Error: \begin{document} ended by \end{spacing}.

See the LaTeX manual or LaTeX Companion for explanation.
Type  H <return>  for immediate help.
 ...                                              
                                                  
l.4292 \end{spacing}
                    
? 
! Extra \endgroup.
\end  ...end#1\endcsname \@checkend {#1}\endgroup 
                                                  \UseHook {env/#1/after}\if...
l.4292 \end{spacing}
                    
? 


[63] (./extending-aphantasia-essay.aux)
 ***********
LaTeX2e <2025-06-01> patch level 1
L3 programming layer <2025-09-02>
 ***********


LaTeX Warning: There were undefined references.


LaTeX Warning: There were multiply-defined labels.

Package rerunfilecheck Info: File `extending-aphantasia-essay.out' has not chan
ged.
(rerunfilecheck)             Checksum: 7E31D91EC083638DE63FF5DBE88C96AA;37895.
)

Here is how much of LuaTeX's memory you used:
 27548 strings out of 476291
 125056,1144653 words of node,token memory allocated
 1761 words of node memory still in use:
   8 hlist, 2 vlist, 2 rule, 1 local_par, 4 glue, 4 kern, 1 penalty, 10 sub_mlis
t, 3 glyph, 297 attribute, 57 glue_spec, 297 attribute_list, 2 write nodes
   avail lists: 1:2,2:596,3:418,4:162,5:616,6:53,7:7682,8:129,9:944,10:15,11:776

 48714 multiletter control sequences out of 65536+600000
 132 fonts using 12170775 bytes
 84i,15n,92p,1214b,576s stack positions out of 10000i,1000n,20000p,200000b,200000s
</usr/local/texlive/2025/texmf-dist/fonts/opentype/public/lm/lmsans8-regular.otf
></usr/local/texlive/2025/texmf-dist/fonts/opentype/public/lm/lmmono12-regular.o
tf></usr/local/texlive/2025/texmf-dist/fonts/opentype/public/lm/lmsans12-regular
.otf></usr/local/texlive/2025/texmf-dist/fonts/opentype/public/tex-gyre/texgyret
ermes-italic.otf></usr/local/texlive/2025/texmf-dist/fonts/opentype/public/tex-g
yre/texgyretermes-bold.otf></usr/local/texlive/2025/texmf-dist/fonts/opentype/pu
blic/tex-gyre/texgyretermes-regular.otf></usr/local/texlive/2025/texmf-dist/font
s/type1/public/amsfonts/cm/cmbsy10.pfb></usr/local/texlive/2025/texmf-dist/fonts
/type1/public/amsfonts/cm/cmex10.pfb></usr/local/texlive/2025/texmf-dist/fonts/t
ype1/public/amsfonts/cmextra/cmex8.pfb></usr/local/texlive/2025/texmf-dist/fonts
/type1/public/amsfonts/cm/cmmi12.pfb></usr/local/texlive/2025/texmf-dist/fonts/t
ype1/public/amsfonts/cm/cmmi6.pfb></usr/local/texlive/2025/texmf-dist/fonts/type
1/public/amsfonts/cm/cmmi8.pfb></usr/local/texlive/2025/texmf-dist/fonts/type1/p
ublic/amsfonts/cm/cmmib10.pfb></usr/local/texlive/2025/texmf-dist/fonts/type1/pu
blic/amsfonts/cm/cmr12.pfb></usr/local/texlive/2025/texmf-dist/fonts/type1/publi
c/amsfonts/cm/cmr6.pfb></usr/local/texlive/2025/texmf-dist/fonts/type1/public/am
sfonts/cm/cmr8.pfb></usr/local/texlive/2025/texmf-dist/fonts/type1/public/amsfon
ts/cm/cmsy10.pfb></usr/local/texlive/2025/texmf-dist/fonts/type1/public/amsfonts
/cm/cmsy6.pfb></usr/local/texlive/2025/texmf-dist/fonts/type1/public/amsfonts/cm
/cmsy8.pfb></usr/local/texlive/2025/texmf-dist/fonts/type1/public/amsfonts/euler
/eufm10.pfb></usr/local/texlive/2025/texmf-dist/fonts/type1/public/amsfonts/symb
ols/msam10.pfb></usr/local/texlive/2025/texmf-dist/fonts/type1/public/amsfonts/s
ymbols/msbm10.pfb>
Output written on extending-aphantasia-essay.pdf (63 pages, 489062 bytes).

PDF statistics: 1342 PDF objects out of 1440 (max. 8388607)
 1230 compressed objects within 13 object streams
 431 named destinations out of 1000 (max. 131072)
 1280 words of extra memory for PDF output out of 10000 (max. 100000000)

