This is LuaHBTeX, Version 1.22.0 (TeX Live 2025)  (format=lualatex 2025.9.22)  3 DEC 2025 13:28
 restricted system commands enabled.
**main.tex
(./main.tex
LaTeX2e <2025-06-01> patch level 1
L3 programming layer <2025-09-02>
Lua module: luaotfload 2024-12-03 v3.29 Lua based OpenType font support
Lua module: lualibs 2023-07-13 v2.76 ConTeXt Lua standard libraries.
Lua module: lualibs-extended 2023-07-13 v2.76 ConTeXt Lua libraries -- extended 
collection.
luaotfload | conf : Root cache directory is "/home/bonobo/.texlive2025/texmf-var
/luatex-cache/generic/names".
luaotfload | init : Loading fontloader "fontloader-2023-12-28.lua" from kpse-res
olved path "/usr/local/texlive/2025/texmf-dist/tex/luatex/luaotfload/fontloader-
2023-12-28.lua".
Lua-only attribute luaotfload@noligature = 1
luaotfload | init : Context OpenType loader version 3.134
Inserting `luaotfload.node_processor' in `pre_linebreak_filter'.
Inserting `luaotfload.node_processor' in `hpack_filter'.
Inserting `luaotfload.glyph_stream' in `glyph_stream_provider'.
Inserting `luaotfload.define_font' in `define_font'.
Lua-only attribute luaotfload_color_attribute = 2
luaotfload | conf : Root cache directory is "/home/bonobo/.texlive2025/texmf-var
/luatex-cache/generic/names".
Inserting `luaotfload.harf.strip_prefix' in `find_opentype_file'.
Inserting `luaotfload.harf.strip_prefix' in `find_truetype_file'.
Removing  `luaotfload.glyph_stream' from `glyph_stream_provider'.
Inserting `luaotfload.harf.glyphstream' in `glyph_stream_provider'.
Inserting `luaotfload.harf.finalize_vlist' in `post_linebreak_filter'.
Inserting `luaotfload.harf.finalize_hlist' in `hpack_filter'.
Inserting `luaotfload.cleanup_files' in `wrapup_run'.
Inserting `luaotfload.harf.finalize_unicode' in `finish_pdffile'.
Inserting `luaotfload.glyphinfo' in `glyph_info'.
Lua-only attribute luaotfload.letterspace_done = 3
Inserting `luaotfload.aux.set_sscale_dimens' in `luaotfload.patch_font'.
Inserting `luaotfload.aux.set_font_index' in `luaotfload.patch_font'.
Inserting `luaotfload.aux.patch_cambria_domh' in `luaotfload.patch_font'.
Inserting `luaotfload.aux.fixup_fontdata' in `luaotfload.patch_font_unsafe'.
Inserting `luaotfload.aux.set_capheight' in `luaotfload.patch_font'.
Inserting `luaotfload.aux.set_xheight' in `luaotfload.patch_font'.
Inserting `luaotfload.rewrite_fontname' in `luaotfload.patch_font'.
Inserting `tracingstacklevels' in `input_level_string'. (/usr/local/texlive/202
5/texmf-dist/tex/latex/base/article.cls
Document Class: article 2025/01/22 v1.4n Standard LaTeX document class
(/usr/local/texlive/2025/texmf-dist/tex/latex/base/size12.clo
File: size12.clo 2025/01/22 v1.4n Standard LaTeX file (size option)
luaotfload | db : Font names database loaded from /home/bonobo/.texlive2025/texm
f-var/luatex-cache/generic/names/luaotfload-names.luc.gz)
\c@part=\count273
\c@section=\count274
\c@subsection=\count275
\c@subsubsection=\count276
\c@paragraph=\count277
\c@subparagraph=\count278
\c@figure=\count279
\c@table=\count280
\abovecaptionskip=\skip49
\belowcaptionskip=\skip50
\bibindent=\dimen147
)
(/usr/local/texlive/2025/texmf-dist/tex/latex/fontspec/fontspec.sty
(/usr/local/texlive/2025/texmf-dist/tex/latex/l3packages/xparse/xparse.sty
(/usr/local/texlive/2025/texmf-dist/tex/latex/l3kernel/expl3.sty
Package: expl3 2025-09-02 L3 programming layer (loader) 

(/usr/local/texlive/2025/texmf-dist/tex/latex/l3backend/l3backend-luatex.def
File: l3backend-luatex.def 2025-06-09 L3 backend support: PDF output (LuaTeX)
\l__color_backend_stack_int=\count281
Inserting `l3color' in `luaotfload.parse_color'.))
Package: xparse 2024-08-16 L3 Experimental document command parser
)
Package: fontspec 2024/05/11 v2.9e Font selection for XeLaTeX and LuaLaTeX
Lua module: fontspec 2024/05/11 v2.9e Font selection for XeLaTeX and LuaLaTeX (/usr/local/texlive/2025/texmf-dist/tex/latex/fontspec/fontspec-luatex.sty
Package: fontspec-luatex 2024/05/11 v2.9e Font selection for XeLaTeX and LuaLaT
eX
\l__fontspec_script_int=\count282
\l__fontspec_language_int=\count283
\l__fontspec_strnum_int=\count284
\l__fontspec_tmp_int=\count285
\l__fontspec_tmpa_int=\count286
\l__fontspec_tmpb_int=\count287
\l__fontspec_tmpc_int=\count288
\l__fontspec_em_int=\count289
\l__fontspec_emdef_int=\count290
\l__fontspec_strong_int=\count291
\l__fontspec_strongdef_int=\count292
\l__fontspec_tmpa_dim=\dimen148
\l__fontspec_tmpb_dim=\dimen149
\l__fontspec_tmpc_dim=\dimen150

(/usr/local/texlive/2025/texmf-dist/tex/latex/base/fontenc.sty
Package: fontenc 2024/12/21 v2.1c Standard LaTeX package
)
(/usr/local/texlive/2025/texmf-dist/tex/latex/fontspec/fontspec.cfg)))
luaotfload | cache : Lookup cache loaded from /home/bonobo/.texlive2025/texmf-va
r/luatex-cache/generic/names/luaotfload-lookup-cache.luc.

Package fontspec Info: 
(fontspec)             Nimbus Mono PS scale = 1.033569858176573.


Package fontspec Info: 
(fontspec)             Nimbus Mono PS scale = 1.033569858176573.


Package fontspec Info: 
(fontspec)             Nimbus Mono PS/B scale = 1.021324293785311.


Package fontspec Info: 
(fontspec)             Nimbus Mono PS/I scale = 1.033569858176573.


Package fontspec Info: 
(fontspec)             Nimbus Mono PS/BI scale = 1.021324293785311.


Package fontspec Info: 
(fontspec)             Font family 'NimbusMonoPS(0)' created for font 'Nimbus
(fontspec)             Mono PS' with options
(fontspec)             [WordSpace={1,0,0},HyphenChar=None,PunctuationSpace=Word
Space,Scale=MatchLowercase].
(fontspec)              
(fontspec)              This font family consists of the following NFSS
(fontspec)             series/shapes:
(fontspec)              
(fontspec)             - 'normal' (m/n) with NFSS spec.:
(fontspec)             <->s*[1.033569858176573]"name:Nimbus Mono
(fontspec)             PS:mode=node;script=latn;language=dflt;"
(fontspec)             - 'bold' (b/n) with NFSS spec.:
(fontspec)             <->s*[1.021324293785311]"name:Nimbus Mono
(fontspec)             PS/B:mode=node;script=latn;language=dflt;"
(fontspec)             - 'italic' (m/it) with NFSS spec.:
(fontspec)             <->s*[1.033569858176573]"name:Nimbus Mono
(fontspec)             PS/I:mode=node;script=latn;language=dflt;"
(fontspec)             - 'bold italic' (b/it) with NFSS spec.:
(fontspec)             <->s*[1.021324293785311]"name:Nimbus Mono
(fontspec)             PS/BI:mode=node;script=latn;language=dflt;"


Package fontspec Info: 
(fontspec)             Nimbus Mono PS scale = 1.033569858176573.


Package fontspec Info: 
(fontspec)             Nimbus Mono PS scale = 1.033569858176573.


Package fontspec Info: 
(fontspec)             Nimbus Mono PS/B scale = 1.021324293785311.


Package fontspec Info: 
(fontspec)             Nimbus Mono PS/I scale = 1.033569858176573.


Package fontspec Info: 
(fontspec)             Nimbus Mono PS/BI scale = 1.021324293785311.


Package fontspec Info: 
(fontspec)             Font family 'NimbusMonoPS(1)' created for font 'Nimbus
(fontspec)             Mono PS' with options
(fontspec)             [Ligatures=TeX,Scale=MatchLowercase].
(fontspec)              
(fontspec)              This font family consists of the following NFSS
(fontspec)             series/shapes:
(fontspec)              
(fontspec)             - 'normal' (m/n) with NFSS spec.:
(fontspec)             <->s*[1.033569858176573]"name:Nimbus Mono
(fontspec)             PS:mode=node;script=latn;language=dflt;+tlig;"
(fontspec)             - 'bold' (b/n) with NFSS spec.:
(fontspec)             <->s*[1.021324293785311]"name:Nimbus Mono
(fontspec)             PS/B:mode=node;script=latn;language=dflt;+tlig;"
(fontspec)             - 'italic' (m/it) with NFSS spec.:
(fontspec)             <->s*[1.033569858176573]"name:Nimbus Mono
(fontspec)             PS/I:mode=node;script=latn;language=dflt;+tlig;"
(fontspec)             - 'bold italic' (b/it) with NFSS spec.:
(fontspec)             <->s*[1.021324293785311]"name:Nimbus Mono
(fontspec)             PS/BI:mode=node;script=latn;language=dflt;+tlig;"

LaTeX Font Info:    Font shape `TU/NimbusMonoPS(1)/m/n' will be
(Font)              scaled to size 12.40283pt on input line 11.

(/usr/local/texlive/2025/texmf-dist/tex/latex/geometry/geometry.sty
Package: geometry 2020/01/02 v5.9 Page Geometry

(/usr/local/texlive/2025/texmf-dist/tex/latex/graphics/keyval.sty
Package: keyval 2022/05/29 v1.15 key=value parser (DPC)
\KV@toks@=\toks17
)
(/usr/local/texlive/2025/texmf-dist/tex/generic/iftex/ifvtex.sty
Package: ifvtex 2019/10/25 v1.7 ifvtex legacy package. Use iftex instead.

(/usr/local/texlive/2025/texmf-dist/tex/generic/iftex/iftex.sty
Package: iftex 2024/12/12 v1.0g TeX engine tests
))
\Gm@cnth=\count293
\Gm@cntv=\count294
\c@Gm@tempcnt=\count295
\Gm@bindingoffset=\dimen151
\Gm@wd@mp=\dimen152
\Gm@odd@mp=\dimen153
\Gm@even@mp=\dimen154
\Gm@layoutwidth=\dimen155
\Gm@layoutheight=\dimen156
\Gm@layouthoffset=\dimen157
\Gm@layoutvoffset=\dimen158
\Gm@dimlist=\toks18
)
(/usr/local/texlive/2025/texmf-dist/tex/latex/setspace/setspace.sty
Package: setspace 2022/12/04 v6.7b set line spacing
)
(./main.aux)
\openout1 = main.aux

LaTeX Font Info:    Checking defaults for OML/cmm/m/it on input line 65.
LaTeX Font Info:    ... okay on input line 65.
LaTeX Font Info:    Checking defaults for OMS/cmsy/m/n on input line 65.
LaTeX Font Info:    ... okay on input line 65.
LaTeX Font Info:    Checking defaults for OT1/cmr/m/n on input line 65.
LaTeX Font Info:    ... okay on input line 65.
LaTeX Font Info:    Checking defaults for T1/cmr/m/n on input line 65.
LaTeX Font Info:    ... okay on input line 65.
LaTeX Font Info:    Checking defaults for TS1/cmr/m/n on input line 65.
LaTeX Font Info:    ... okay on input line 65.
LaTeX Font Info:    Checking defaults for TU/lmr/m/n on input line 65.
LaTeX Font Info:    ... okay on input line 65.
LaTeX Font Info:    Checking defaults for OMX/cmex/m/n on input line 65.
LaTeX Font Info:    ... okay on input line 65.
LaTeX Font Info:    Checking defaults for U/cmr/m/n on input line 65.
LaTeX Font Info:    ... okay on input line 65.

Package fontspec Info: 
(fontspec)             Adjusting the maths setup (use [no-math] to avoid
(fontspec)             this).

\symlegacymaths=\mathgroup4
LaTeX Font Info:    Overwriting symbol font `legacymaths' in version `bold'
(Font)                  OT1/cmr/m/n --> OT1/cmr/bx/n on input line 65.
LaTeX Font Info:    Redeclaring math accent \acute on input line 65.
LaTeX Font Info:    Redeclaring math accent \grave on input line 65.
LaTeX Font Info:    Redeclaring math accent \ddot on input line 65.
LaTeX Font Info:    Redeclaring math accent \tilde on input line 65.
LaTeX Font Info:    Redeclaring math accent \bar on input line 65.
LaTeX Font Info:    Redeclaring math accent \breve on input line 65.
LaTeX Font Info:    Redeclaring math accent \check on input line 65.
LaTeX Font Info:    Redeclaring math accent \hat on input line 65.
LaTeX Font Info:    Redeclaring math accent \dot on input line 65.
LaTeX Font Info:    Redeclaring math accent \mathring on input line 65.
LaTeX Font Info:    Redeclaring math symbol \colon on input line 65.
LaTeX Font Info:    Redeclaring math symbol \Gamma on input line 65.
LaTeX Font Info:    Redeclaring math symbol \Delta on input line 65.
LaTeX Font Info:    Redeclaring math symbol \Theta on input line 65.
LaTeX Font Info:    Redeclaring math symbol \Lambda on input line 65.
LaTeX Font Info:    Redeclaring math symbol \Xi on input line 65.
LaTeX Font Info:    Redeclaring math symbol \Pi on input line 65.
LaTeX Font Info:    Redeclaring math symbol \Sigma on input line 65.
LaTeX Font Info:    Redeclaring math symbol \Upsilon on input line 65.
LaTeX Font Info:    Redeclaring math symbol \Phi on input line 65.
LaTeX Font Info:    Redeclaring math symbol \Psi on input line 65.
LaTeX Font Info:    Redeclaring math symbol \Omega on input line 65.
LaTeX Font Info:    Redeclaring math symbol \mathdollar on input line 65.
LaTeX Font Info:    Redeclaring symbol font `operators' on input line 65.
LaTeX Font Info:    Encoding `OT1' has changed to `TU' for symbol font
(Font)              `operators' in the math version `normal' on input line 65.
LaTeX Font Info:    Overwriting symbol font `operators' in version `normal'
(Font)                  OT1/cmr/m/n --> TU/NimbusMonoPS(1)/m/n on input line 65
.
LaTeX Font Info:    Encoding `OT1' has changed to `TU' for symbol font
(Font)              `operators' in the math version `bold' on input line 65.
LaTeX Font Info:    Overwriting symbol font `operators' in version `bold'
(Font)                  OT1/cmr/bx/n --> TU/NimbusMonoPS(1)/m/n on input line 6
5.
LaTeX Font Info:    Overwriting symbol font `operators' in version `normal'
(Font)                  TU/NimbusMonoPS(1)/m/n --> TU/NimbusMonoPS(1)/m/n on in
put line 65.
LaTeX Font Info:    Overwriting math alphabet `\mathit' in version `normal'
(Font)                  OT1/cmr/m/it --> TU/NimbusMonoPS(1)/m/it on input line 
65.
LaTeX Font Info:    Overwriting math alphabet `\mathbf' in version `normal'
(Font)                  OT1/cmr/bx/n --> TU/NimbusMonoPS(1)/b/n on input line 6
5.
LaTeX Font Info:    Overwriting math alphabet `\mathsf' in version `normal'
(Font)                  OT1/cmss/m/n --> TU/lmss/m/n on input line 65.
LaTeX Font Info:    Overwriting math alphabet `\mathtt' in version `normal'
(Font)                  OT1/cmtt/m/n --> TU/NimbusMonoPS(0)/m/n on input line 6
5.
LaTeX Font Info:    Overwriting symbol font `operators' in version `bold'
(Font)                  TU/NimbusMonoPS(1)/m/n --> TU/NimbusMonoPS(1)/b/n on in
put line 65.
LaTeX Font Info:    Overwriting math alphabet `\mathit' in version `bold'
(Font)                  OT1/cmr/bx/it --> TU/NimbusMonoPS(1)/b/it on input line
 65.
LaTeX Font Info:    Overwriting math alphabet `\mathsf' in version `bold'
(Font)                  OT1/cmss/bx/n --> TU/lmss/b/n on input line 65.
LaTeX Font Info:    Overwriting math alphabet `\mathtt' in version `bold'
(Font)                  OT1/cmtt/m/n --> TU/NimbusMonoPS(0)/b/n on input line 6
5.

*geometry* driver: auto-detecting
*geometry* detected driver: luatex
*geometry* verbose mode - [ preamble ] result:
* driver: luatex
* paper: a4paper
* layout: <same size as paper>
* layoutoffset:(h,v)=(0.0pt,0.0pt)
* modes: 
* h-part:(L,W,R)=(72.26999pt, 452.9679pt, 72.26999pt)
* v-part:(T,H,B)=(72.26999pt, 700.50687pt, 72.26999pt)
* \paperwidth=597.50787pt
* \paperheight=845.04684pt
* \textwidth=452.9679pt
* \textheight=700.50687pt
* \oddsidemargin=0.0pt
* \evensidemargin=0.0pt
* \topmargin=-37.0pt
* \headheight=12.0pt
* \headsep=25.0pt
* \topskip=12.0pt
* \footskip=30.0pt
* \marginparwidth=44.0pt
* \marginparsep=10.0pt
* \columnsep=10.0pt
* \skip\footins=10.8pt plus 4.0pt minus 2.0pt
* \hoffset=0.0pt
* \voffset=0.0pt
* \mag=1000
* \@twocolumnfalse
* \@twosidefalse
* \@mparswitchfalse
* \@reversemarginfalse
* (1in=72.27pt=25.4mm, 1cm=28.453pt)

LaTeX Font Info:    Font shape `TU/NimbusMonoPS(1)/m/n' will be
(Font)              scaled to size 17.86006pt on input line 74.
LaTeX Font Info:    Font shape `TU/NimbusMonoPS(1)/m/n' will be
(Font)              scaled to size 14.88338pt on input line 75.
LaTeX Font Info:    Font shape `TU/NimbusMonoPS(0)/m/n' will be
(Font)              scaled to size 12.40283pt on input line 83.


[1

{/usr/local/texlive/2025/texmf-var/fonts/map/pdftex/updmap/pdftex.map}]
LaTeX Font Info:    Font shape `TU/NimbusMonoPS(1)/b/n' will be
(Font)              scaled to size 12.25598pt on input line 89.

Overfull \hbox (0.97557pt too wide) in paragraph at lines 103--105
[]\TU/NimbusMonoPS(1)/m/n/12 Thin lu-mi-nous threads --- too straight, too de-li
b-er-ate --- flicker
 []


Overfull \hbox (8.41727pt too wide) in paragraph at lines 103--105
\TU/NimbusMonoPS(1)/m/n/12 into ex-is-tence. They stretch, an-chor them-selves, tri-an-gu-late a
 []


Overfull \hbox (0.53505pt too wide) in paragraph at lines 106--108
[]\TU/NimbusMonoPS(1)/m/n/12 The lines sharpen. A \TU/NimbusMonoPS(1)/b/n/12 SIG
IL \TU/NimbusMonoPS(1)/m/n/12 forms: Eu-clidean and yet not, each
 []


Overfull \hbox (0.97557pt too wide) in paragraph at lines 106--108
\TU/NimbusMonoPS(1)/m/n/12 stroke vi-o-lat-ing the laws of per-spec-tive in a di
f-fer-ent di-rec-
 []

LaTeX Font Info:    Font shape `TU/NimbusMonoPS(1)/m/it' will be
(Font)              scaled to size 12.40283pt on input line 109.

Overfull \hbox (60.50914pt too wide) in paragraph at lines 123--125
[]\TU/NimbusMonoPS(1)/m/n/12 Stone walls, thick as for-ti-fi-ca-tions. Brass in-
stru-ments gleam faintly.
 []


Overfull \hbox (15.85896pt too wide) in paragraph at lines 128--131
[]\TU/NimbusMonoPS(1)/m/n/12 IM-MANUEL KANT, 43, as-cetic, metic-u-lous, a man 
afraid of his own
 []


Overfull \hbox (38.18405pt too wide) in paragraph at lines 128--131
\TU/NimbusMonoPS(1)/m/n/12 imag-i-na-tion, works be-side the tele-scope. He writ
es with the steady
 []


Overfull \hbox (23.30066pt too wide) in paragraph at lines 132--133
[]\TU/NimbusMonoPS(1)/m/n/12 CLOSE ON PAGE: as-tro-nom-i-cal ta-bles, ev-ery dig
it squared and dis-
 []


Overfull \hbox (8.41727pt too wide) in paragraph at lines 134--136
[]\TU/NimbusMonoPS(1)/m/n/12 Then --- in the mar-gin --- a SIGIL in graphite. As
 pre-cise as com-
 []


Overfull \hbox (0.97557pt too wide) in paragraph at lines 143--144
[]\TU/NimbusMonoPS(1)/m/n/12 An-other sigil, nested be-tween cal-cu-la-tions of lu-nar par-al-lax. 
 []


Overfull \hbox (8.41727pt too wide) in paragraph at lines 145--147
[]\TU/NimbusMonoPS(1)/m/n/12 An-other page --- the sigil again, this one darker,
 as if pressed
 []



[2]

LaTeX Font Warning: Font shape `TU/NimbusMonoPS(1)/m/sc' undefined
(Font)              using `TU/NimbusMonoPS(1)/m/n' instead on input line 150.


Overfull \hbox (8.41727pt too wide) in paragraph at lines 161--162
[]\TU/NimbusMonoPS(1)/m/n/12 The third seems faintly \TU/NimbusMonoPS(1)/m/it/1
2 wet \TU/NimbusMonoPS(1)/m/n/12 --- ink where he re-mem-bers graphite. 
 []


Overfull \hbox (38.18405pt too wide) in paragraph at lines 163--166
[]\TU/NimbusMonoPS(1)/m/n/12 Be-hind him --- on the wall-sized STAR CHART --- a ghostly fourth sigil
 []


Overfull \hbox (15.85896pt too wide) in paragraph at lines 163--166
\TU/NimbusMonoPS(1)/m/n/12 now blooms among the con-stel-la-tions, nestling it-s
elf neatly be-
 []


Overfull \hbox (23.30066pt too wide) in paragraph at lines 171--172
[]\TU/NimbusMonoPS(1)/m/n/12 He crosses out ev-ery vis-i-ble mark with vi-o-lent
 di-ag-o-nal strokes. 
 []


Overfull \hbox (30.74236pt too wide) in paragraph at lines 187--189
[]\TU/NimbusMonoPS(1)/m/n/12 YOUNG KANT, 12, in soaked linen and wooden clogs, 
clutches a bro-
 []


Overfull \hbox (38.18405pt too wide) in paragraph at lines 190--191
[]\TU/NimbusMonoPS(1)/m/n/12 Above: the TOWN CLOCK strug-gles through the storm.
 Its brass hands 
 []


Overfull \hbox (1.9802pt too wide) in paragraph at lines 196--198
[]\TU/NimbusMonoPS(1)/m/n/12 Light-ning --- and for one frame, the tower’s \T
U/NimbusMonoPS(1)/m/it/12 shadow \TU/NimbusMonoPS(1)/m/n/12 lags be-hind
 []


Overfull \hbox (8.41727pt too wide) in paragraph at lines 199--200
[]\TU/NimbusMonoPS(1)/m/n/12 Young Kant clenches his eyes shut, whis-per-ing a 
prayer for or-
 []


Overfull \hbox (15.85896pt too wide) in paragraph at lines 201--202
[]\TU/NimbusMonoPS(1)/m/n/12 A gear drops from his model clock and rolls away in
to a pud-dle. 
 []



[3]
Overfull \hbox (15.85896pt too wide) in paragraph at lines 211--213
[]\TU/NimbusMonoPS(1)/m/n/12 The dis-tant TOWN CLOCK re-sumes its heart-beat ---
 steady, per-fect,
 []


Overfull \hbox (0.97557pt too wide) in paragraph at lines 216--218
[]\TU/NimbusMonoPS(1)/m/n/12 He dips his quill and re-sumes writ-ing, care-fully
 avoid-ing the
 []


Overfull \hbox (0.97557pt too wide) in paragraph at lines 221--223
[]\TU/NimbusMonoPS(1)/m/n/12 We PUSH IN on the star chart. For a blink, the con-
stel-la-tions
 []


Overfull \hbox (53.06744pt too wide) in paragraph at lines 234--236
[]\TU/NimbusMonoPS(1)/m/n/12 Kant strides with mil-i-tary punc-tu-al-ity across the court-yard, leather
 []


Overfull \hbox (30.74236pt too wide) in paragraph at lines 239--241
[]\TU/NimbusMonoPS(1)/m/n/12 He steps di-rectly over a spi-dered crack trac-ing the sigil in neg-
 []


Overfull \hbox (8.41727pt too wide) in paragraph at lines 242--244
[]\TU/NimbusMonoPS(1)/m/n/12 As his boot crosses it, the hair-line frac-ture con
-tracts --- like
 []


Overfull \hbox (23.30066pt too wide) in paragraph at lines 247--248
[]\TU/NimbusMonoPS(1)/m/n/12 A JAN-I-TOR emerges later with a broom. Spots the 
pat-tern. Frowns. 
 []


Overfull \hbox (23.30066pt too wide) in paragraph at lines 257--259
[]\TU/NimbusMonoPS(1)/m/n/12 Low wooden beams. Hearth smoke. The rus-tle of pam-
phlets. A brass
 []


Overfull \hbox (23.30066pt too wide) in paragraph at lines 260--262
[]\TU/NimbusMonoPS(1)/m/n/12 Kant sits alone, read-ing a pam-phlet with the same
 in-ten-sity oth-
 []

LaTeX Font Info:    Font shape `TU/NimbusMonoPS(1)/m/sc' will be
(Font)              scaled to size 12.40283pt on input line 265.

Underfull \hbox (badness 10000) in paragraph at lines 267--269
[]\TU/NimbusMonoPS(1)/m/sc/12 …said the fire was de-vour-ing the west wing
 []


Underfull \hbox (badness 10000) in paragraph at lines 267--269
\TU/NimbusMonoPS(1)/m/sc/12 al-ready. Ev-ery de-tail ex-act. And he was
 []



[4]
Underfull \hbox (badness 10000) in paragraph at lines 289--291
[]\TU/NimbusMonoPS(1)/m/sc/12 A strange man. Po-lite. As if bor-rowed from
 []


Overfull \hbox (8.41727pt too wide) in paragraph at lines 293--295
[]\TU/NimbusMonoPS(1)/m/sc/12 Kant al-lows a po-lite, thin smile --- the one he uses to dis-tance
 []


Underfull \hbox (badness 10000) in paragraph at lines 297--298
[]\TU/NimbusMonoPS(1)/m/sc/12 One need not con-jure spir-its to ex-plain co-
 []


Overfull \hbox (0.97557pt too wide) in paragraph at lines 302--304
[]\TU/NimbusMonoPS(1)/m/sc/12 But Kant’s eyes stray to a broad-sheet nailed ab
ove the hearth
 []


Overfull \hbox (0.97557pt too wide) in paragraph at lines 305--306
[]\TU/NimbusMonoPS(1)/m/sc/12 In the curv-ing neg-a-tive space of the smoke: the
 SIGIL, faint,
 []


Overfull \hbox (0.97557pt too wide) in paragraph at lines 311--313
[]\TU/NimbusMonoPS(1)/m/sc/12 We HOLD on the broad-sheet a beat longer. The smok
e curls, al-
 []


Overfull \hbox (8.41727pt too wide) in paragraph at lines 320--321
[]\TU/NimbusMonoPS(1)/m/sc/12 Books ar-ranged by size, topic, lan-guage, and emo
-tional safety. 
 []


Overfull \hbox (0.97557pt too wide) in paragraph at lines 322--323
[]\TU/NimbusMonoPS(1)/m/sc/12 Kant prac-tices lec-ture lines un-der his breath, per-fect-ing ca-
 []



[5]
Underfull \hbox (badness 10000) in paragraph at lines 327--328
[]\TU/NimbusMonoPS(1)/m/sc/12 Pro-fes-sor Kant…a vis-i-tor in-sists upon see-
 []


Overfull \hbox (38.18405pt too wide) in paragraph at lines 340--341
[]\TU/NimbusMonoPS(1)/m/sc/12 He straight-ens his cuffs, smooths imag-i-nary wri
n-kles from his coat. 
 []


Overfull \hbox (0.97557pt too wide) in paragraph at lines 348--350
[]\TU/NimbusMonoPS(1)/m/sc/12 EMANUEL SWE-DEN-BORG, 59, tall, hollow-cheeked, ey
es like some-
 []


Overfull \hbox (30.74236pt too wide) in paragraph at lines 351--353
[]\TU/NimbusMonoPS(1)/m/sc/12 His pres-ence dis-turbs the ge-om-e-try of the roo
m --- the can-dles seem
 []


Overfull \hbox (8.41727pt too wide) in paragraph at lines 354--356
[]\TU/NimbusMonoPS(1)/m/sc/12 Their SHAD-OWS --- Kant’s and Swe-den-borg’s 
--- reach the wall late,
 []


Underfull \hbox (badness 10000) in paragraph at lines 364--365
[]\TU/NimbusMonoPS(1)/m/sc/12 Mis-ter Swe-den-borg. You have…aroused con-sid-
 []


Underfull \hbox (badness 10000) in paragraph at lines 370--371
[]\TU/NimbusMonoPS(1)/m/sc/12 Three nights ago you re-ceived a let-ter. You
 []


Overfull \hbox (0.97557pt too wide) in paragraph at lines 373--374
[]\TU/NimbusMonoPS(1)/m/sc/12 He with-draws an iden-ti-cal let-ter and sets it 
gen-tly on Kant’s
 []



[6]
Overfull \hbox (8.41727pt too wide) in paragraph at lines 395--397
[]\TU/NimbusMonoPS(1)/m/sc/12 The phrase lands like a dropped weight --- too clo
se to thoughts
 []


Underfull \hbox (badness 10000) in paragraph at lines 399--401
[]\TU/NimbusMonoPS(1)/m/sc/12 You have seen the sign. You have seen it in
 []


Underfull \hbox (badness 10000) in paragraph at lines 406--407
[]\TU/NimbusMonoPS(1)/m/sc/12 If such ap-pear-ances oc-curred, they would be
 []


Overfull \hbox (8.41727pt too wide) in paragraph at lines 419--420
[]\TU/NimbusMonoPS(1)/m/sc/12 Kant hes-i-tates --- then whis-pers, al-most asham
ed of the thought. 
 []


Underfull \hbox (badness 10000) in paragraph at lines 422--423
[]\TU/NimbusMonoPS(1)/m/sc/12 The cur-rent an-gu-lar dis-tance be-tween
 []


Overfull \hbox (15.85896pt too wide) in paragraph at lines 425--427
[]\TU/NimbusMonoPS(1)/m/sc/12 Ink floods the page --- KANT’S OWN HAND-WRIT-ING
 form-ing ex-act equa-
 []


Overfull \hbox (15.85896pt too wide) in paragraph at lines 425--427
\TU/NimbusMonoPS(1)/m/sc/12 tions, num-bers per-fect, the SIGIL over-lay-ing the
 fi-nal frac-tion. 
 []



[7]
Overfull \hbox (30.74236pt too wide) in paragraph at lines 439--441
[]\TU/NimbusMonoPS(1)/m/sc/12 CAN-DLE FLAMES stretch to-ward Kant, shad-ows elon
-gat-ing half a sec-
 []


Overfull \hbox (8.41727pt too wide) in paragraph at lines 459--460
[]\TU/NimbusMonoPS(1)/m/sc/12 He flips the page --- but the sigil has bled throu
gh to the blank
 []


Overfull \hbox (15.85896pt too wide) in paragraph at lines 477--479
[]\TU/NimbusMonoPS(1)/m/sc/12 Kant trudges along the river, coat un-but-toned, 
hair dis-or-dered.
 []


Overfull \hbox (0.97557pt too wide) in paragraph at lines 477--479
\TU/NimbusMonoPS(1)/m/sc/12 He is drawn here like a man re-turn-ing to the site of an ac-ci-
 []


Overfull \hbox (15.33034pt too wide) in paragraph at lines 486--487
[]\TU/NimbusMonoPS(1)/m/sc/12 A per-fect \TU/NimbusMonoPS(1)/b/n/12 CIR-CLE \TU
/NimbusMonoPS(1)/m/sc/12 of wa-ter melts open. No rip-ples. Just a bound-
 []


Overfull \hbox (30.74236pt too wide) in paragraph at lines 490--493
[]\TU/NimbusMonoPS(1)/m/sc/12 Spired roofs point-ing down-ward into wa-tery void
. Win-dows lit with
 []


Overfull \hbox (30.74236pt too wide) in paragraph at lines 490--493
\TU/NimbusMonoPS(1)/m/sc/12 coffin-blue. Streets mapped in per-fect Eu-clidean 
lat-tices that warp
 []



[8]
Overfull \hbox (15.85896pt too wide) in paragraph at lines 499--501
[]\TU/NimbusMonoPS(1)/m/sc/12 The in-verted city ro-tates --- not phys-i-cally, but per-spec-ti-vally,
 []


Overfull \hbox (15.85896pt too wide) in paragraph at lines 526--528
[]\TU/NimbusMonoPS(1)/m/sc/12 Kant stum-bles back-ward. The ice un-der him crack
s --- sigil-shaped
 []


Overfull \hbox (30.74236pt too wide) in paragraph at lines 539--540
[]\TU/NimbusMonoPS(1)/m/sc/12 Can-dle stubs. Black-ened wick smoke. Manuscript 
drafts ev-ery-where. 
 []


Overfull \hbox (8.41727pt too wide) in paragraph at lines 547--549
[]\TU/NimbusMonoPS(1)/m/sc/12 The INK on the page creeps up-ward, de-fy-ing grav
-ity, as-sem-bling
 []


Overfull \hbox (14.88982pt too wide) in paragraph at lines 552--554
[]\TU/NimbusMonoPS(1)/m/sc/12 Be-hind him --- the CHALK-BOARD be-gins to \TU/Ni
mbusMonoPS(1)/b/n/12 ETCH IT-SELF\TU/NimbusMonoPS(1)/m/sc/12 . Lines gouged
 []



[9]
Overfull \hbox (8.41727pt too wide) in paragraph at lines 587--589
[]\TU/NimbusMonoPS(1)/m/sc/12 He opens his eyes --- and his SHADOW stands be-hin
d him, up-right,
 []


Overfull \hbox (8.41727pt too wide) in paragraph at lines 598--600
[]\TU/NimbusMonoPS(1)/m/sc/12 The SHADOW tilts its head, then slowly set-tles ba
ck into place
 []


Overfull \hbox (23.30066pt too wide) in paragraph at lines 609--610
[]\TU/NimbusMonoPS(1)/m/sc/12 Kant walks the cen-ter line of the ice, each step care-ful, breath
 []


Overfull \hbox (15.85896pt too wide) in paragraph at lines 613--614
[]\TU/NimbusMonoPS(1)/m/sc/12 The in-verted city is closer. Larger. Its ge-om-e-
try more pre-cise. 
 []



[10]
Overfull \hbox (0.97557pt too wide) in paragraph at lines 645--647
[]\TU/NimbusMonoPS(1)/m/sc/12 Un-til one re-mains --- the flame stretch-ing into
 a per-fect ver-ti-
 []


Overfull \hbox (7.27191pt too wide) in paragraph at lines 670--672
[]\TU/NimbusMonoPS(1)/m/sc/12 Be-fore him: the \TU/NimbusMonoPS(1)/b/n/12 AR-CHI
-TEC-TURES \TU/NimbusMonoPS(1)/m/sc/12 --- space, time, causal-ity, unity,
 []



[11]
Overfull \hbox (15.85896pt too wide) in paragraph at lines 695--697
[]\TU/NimbusMonoPS(1)/m/sc/12 His mem-o-ries flicker like lantern slides --- the
 clock, the storm,
 []



[12]
Overfull \hbox (0.97557pt too wide) in paragraph at lines 754--755
[]\TU/NimbusMonoPS(1)/m/sc/12 He locks the \TU/NimbusMonoPS(1)/m/it/12 Cri-tique
 \TU/NimbusMonoPS(1)/m/sc/12 away in an IRON STRONG-BOX. Swal-lows the
 []


Overfull \hbox (31.30048pt too wide) in paragraph at lines 777--779
[]\TU/NimbusMonoPS(1)/m/sc/12 On the desk: the \TU/NimbusMonoPS(1)/m/it/12 Dream
s of a Spirit-Seer \TU/NimbusMonoPS(1)/m/sc/12 manuscript --- tame, mock-
 []


Overfull \hbox (8.41727pt too wide) in paragraph at lines 780--782
[]\TU/NimbusMonoPS(1)/m/sc/12 Kant ex-hales a long, shak-ing breath, the kind on
e re-leases af-
 []


Overfull \hbox (15.85896pt too wide) in paragraph at lines 792--794
[]\TU/NimbusMonoPS(1)/m/sc/12 He stands. The lantern in the hall out-side bows 
its flame to-ward
 []



[13]
Overfull \hbox (23.30066pt too wide) in paragraph at lines 805--808
[]\TU/NimbusMonoPS(1)/m/sc/12 Kant strides across the court-yard with me-chan-i-
cal pre-ci-sion. His
 []


Overfull \hbox (8.41727pt too wide) in paragraph at lines 805--808
\TU/NimbusMonoPS(1)/m/sc/12 foot-prints align per-fectly, a se-quence of ex-act dis-tances --- as
 []


Overfull \hbox (7.97675pt too wide) in paragraph at lines 809--811
[]\TU/NimbusMonoPS(1)/m/sc/12 As he passes be-yond frame, the prints \TU/Nimbus
MonoPS(1)/b/n/12 SHIFT\TU/NimbusMonoPS(1)/m/sc/12 , re-ar-rang-ing them-
 []


Overfull \hbox (8.41727pt too wide) in paragraph at lines 826--827
[]\TU/NimbusMonoPS(1)/m/sc/12 Packed to the rafters. Stu-dents lean for-ward. Fa
c-ulty whis-per. 
 []


Overfull \hbox (15.85896pt too wide) in paragraph at lines 828--830
[]\TU/NimbusMonoPS(1)/m/sc/12 Kant en-ters with the quiet au-thor-ity of a man 
who has bar-gained
 []


Overfull \hbox (15.85896pt too wide) in paragraph at lines 831--833
[]\TU/NimbusMonoPS(1)/m/sc/12 He sets the \TU/NimbusMonoPS(1)/m/it/12 Dreams \T
U/NimbusMonoPS(1)/m/sc/12 manuscript on the lectern. Pages crisp, mar-
 []


Underfull \hbox (badness 10000) in paragraph at lines 835--836
[]\TU/NimbusMonoPS(1)/m/sc/12 To-day, we ex-am-ine the claims of the vi-sion-
 []


Overfull \hbox (8.41727pt too wide) in paragraph at lines 848--850
[]\TU/NimbusMonoPS(1)/m/sc/12 As he lec-tures, the SHAD-OWS of the au-di-ence le
an sub-tly to-ward
 []


Overfull \hbox (8.41727pt too wide) in paragraph at lines 851--854
[]\TU/NimbusMonoPS(1)/m/sc/12 No one no-tices ex-cept a small CHILD sit-ting be-
side a pro-fes-sor
 []


Overfull \hbox (23.30066pt too wide) in paragraph at lines 851--854
\TU/NimbusMonoPS(1)/m/sc/12 --- who stares, wide-eyed, at the shadow-world bend-
ing around this
 []


Overfull \hbox (0.97557pt too wide) in paragraph at lines 865--868
[]\TU/NimbusMonoPS(1)/m/sc/12 The study is dim, lit only by a sin-gle can-dle. 
Pages from the
 []


Overfull \hbox (0.97557pt too wide) in paragraph at lines 865--868
\TU/NimbusMonoPS(1)/m/it/12 Dreams \TU/NimbusMonoPS(1)/m/sc/12 manuscript sit ne
atly stacked, but the ta-ble is oth-er-
 []



[14]
Overfull \hbox (30.47804pt too wide) in paragraph at lines 871--872
[]\TU/NimbusMonoPS(1)/m/sc/12 A faint \TU/NimbusMonoPS(1)/b/n/12 TAP \TU/Nimbus
MonoPS(1)/m/sc/12 be-neath the floor-boards. Then an-other. Reg-u-lar, metro-
 []


Overfull \hbox (30.74236pt too wide) in paragraph at lines 881--883
[]\TU/NimbusMonoPS(1)/m/sc/12 The shadow stops tap-ping. Slowly, it lifts its he
ad — though Kant
 []


Overfull \hbox (8.41727pt too wide) in paragraph at lines 891--893
[]\TU/NimbusMonoPS(1)/m/sc/12 The SHADOW RISES from the floor, peel-ing it-self up-ward like wet
 []


Overfull \hbox (0.97557pt too wide) in paragraph at lines 918--920
[]\TU/NimbusMonoPS(1)/m/sc/12 Kant man-ages to strike flint, re-light-ing the ca
n-dle with trem-
 []



[15]
Overfull \hbox (23.30066pt too wide) in paragraph at lines 935--937
[]\TU/NimbusMonoPS(1)/m/sc/12 Kant ap-proaches the bank with the ex-hausted res-
ig-na-tion of a man
 []


Overfull \hbox (23.30066pt too wide) in paragraph at lines 946--948
[]\TU/NimbusMonoPS(1)/m/sc/12 Tiny ge-o-met-ric sil-hou-ettes drift be-tween its
 streets — hu-manoid,
 []


Overfull \hbox (30.74236pt too wide) in paragraph at lines 946--948
\TU/NimbusMonoPS(1)/m/sc/12 but in-cor-rectly pro-por-tioned, as though ren-dere
d by a logic alien
 []


Overfull \hbox (23.30066pt too wide) in paragraph at lines 955--957
[]\TU/NimbusMonoPS(1)/m/sc/12 Kant rec-og-nizes it in-stantly — it is the \TU
/NimbusMonoPS(1)/m/it/12 or-der of the cat-e-gories
 []


Overfull \hbox (0.97557pt too wide) in paragraph at lines 967--968
[]\TU/NimbusMonoPS(1)/m/sc/12 Kant jerks back as the city sud-denly dims, sink-i
ng deeper be-
 []


Overfull \hbox (38.18405pt too wide) in paragraph at lines 977--979
[]\TU/NimbusMonoPS(1)/m/sc/12 Swe-den-borg kneels be-side his bed, chalk in hand
, hav-ing just drawn
 []


Overfull \hbox (15.85896pt too wide) in paragraph at lines 980--982
[]\TU/NimbusMonoPS(1)/m/sc/12 As he watches, the chalk lines re-ar-range them-se
lves into a more
 []



[16]
Underfull \hbox (badness 10000) in paragraph at lines 996--997
[]\TU/NimbusMonoPS(1)/m/sc/12 He can-not sur-vive an-other breach. He is not
 []


Overfull \hbox (8.41727pt too wide) in paragraph at lines 999--1000
[]\TU/NimbusMonoPS(1)/m/sc/12 His SHADOW sits up-right in a chair be-side the be
d — at-ten-tive. 
 []


Underfull \hbox (badness 10000) in paragraph at lines 1024--1025
[]\TU/NimbusMonoPS(1)/m/sc/12 You look pale, Im-manuel. A stroll through
 []



[17]
Underfull \hbox (badness 10000) in paragraph at lines 1060--1061
[]\TU/NimbusMonoPS(1)/m/sc/12 Pro-fes-sor Kant — ur-gent! A man wishes to
 []


Underfull \hbox (badness 10000) in paragraph at lines 1070--1071
[]\TU/NimbusMonoPS(1)/m/sc/12 Tall. White hair. Eyes like…like he knows
 []


Overfull \hbox (0.97557pt too wide) in paragraph at lines 1089--1090
[]\TU/NimbusMonoPS(1)/m/sc/12 Swe-den-borg stands at the al-ley’s far end, bac
k turned, un-mov-
 []


Overfull \hbox (0.97557pt too wide) in paragraph at lines 1097--1099
[]\TU/NimbusMonoPS(1)/m/sc/12 Swe-den-borg turns. His face is older, paler, as 
if he has aged
 []



[18]
Overfull \hbox (30.74236pt too wide) in paragraph at lines 1110--1111
[]\TU/NimbusMonoPS(1)/m/sc/12 Swe-den-borg steps closer, plac-ing a gen-tle but cold hand on Kant
’s
 []


Underfull \hbox (badness 10000) in paragraph at lines 1113--1114
[]\TU/NimbusMonoPS(1)/m/sc/12 The bound-aries you wrote…must be be-lieved.
 []


Underfull \hbox (badness 10000) in paragraph at lines 1123--1124
[]\TU/NimbusMonoPS(1)/m/sc/12 You un-der-stand them. And un-der-stand-ing is
 []


Underfull \hbox (badness 10000) in paragraph at lines 1135--1136
[]\TU/NimbusMonoPS(1)/m/sc/12 You must lie. To your-self. With the full
 []



[19]
Overfull \hbox (30.74236pt too wide) in paragraph at lines 1167--1168
[]\TU/NimbusMonoPS(1)/m/sc/12 Slowly — dread-fully — Kant leans over the edg
e and looks be-neath. 
 []


Overfull \hbox (23.30066pt too wide) in paragraph at lines 1171--1172
[]\TU/NimbusMonoPS(1)/m/sc/12 Then — his SHADOW slides un-der the bed be-fore him, reach-ing out. 
 []



[20]
Overfull \hbox (0.97557pt too wide) in paragraph at lines 1249--1252
[]\TU/NimbusMonoPS(1)/m/sc/12 Swe-den-borg sits hunched in a chair, palms presse
d to-gether in
 []


Overfull \hbox (23.30066pt too wide) in paragraph at lines 1249--1252
\TU/NimbusMonoPS(1)/m/sc/12 silent de-vo-tion. He looks ex-hausted — a man wor
n down by vi-sions
 []


Overfull \hbox (8.41727pt too wide) in paragraph at lines 1255--1257
[]\TU/NimbusMonoPS(1)/m/sc/12 A low HUM trem-bles through the room, like pres-su
re in the ears
 []


Overfull \hbox (15.85896pt too wide) in paragraph at lines 1267--1268
[]\TU/NimbusMonoPS(1)/m/sc/12 The HUM grows louder — ge-o-met-ric, as if built
 from stacked fre-
 []


Underfull \hbox (badness 10000) in paragraph at lines 1277--1278
[]\TU/NimbusMonoPS(1)/m/sc/12 He can-not take more. You must not breach
 []



[21]
Overfull \hbox (45.62575pt too wide) in paragraph at lines 1282--1284
[]\TU/NimbusMonoPS(1)/m/sc/12 The shadow steps for-ward, plac-ing its hand upon Swe-den-borg
’s shoul-
 []


Overfull \hbox (30.74236pt too wide) in paragraph at lines 1292--1294
[]\TU/NimbusMonoPS(1)/m/sc/12 The shadow dis-solves into cas-cad-ing motes of bl
ack, ab-sorbed into
 []


Overfull \hbox (15.85896pt too wide) in paragraph at lines 1307--1309
[]\TU/NimbusMonoPS(1)/m/sc/12 Kant hur-ries along, eyes low-ered, avoid-ing win-
dows, shop signs,
 []


Overfull \hbox (0.97557pt too wide) in paragraph at lines 1318--1320
[]\TU/NimbusMonoPS(1)/m/sc/12 SWE-DEN-BORG’S FACE stares back at him from the pud-dle 
— though
 []


Overfull \hbox (8.41727pt too wide) in paragraph at lines 1328--1329
[]\TU/NimbusMonoPS(1)/m/sc/12 Kant jerks back-ward, slip-ping on ice. A passerby
 stead-ies him. 
 []



[22]
Overfull \hbox (0.97557pt too wide) in paragraph at lines 1344--1346
[]\TU/NimbusMonoPS(1)/m/sc/12 Kant writes, hands shak-ing. Pages lie scat-tered 
— some neatly
 []


Overfull \hbox (15.85896pt too wide) in paragraph at lines 1344--1346
\TU/NimbusMonoPS(1)/m/sc/12 writ-ten, oth-ers full of fran-tic graf-fiti and hal
f-legible sig-ils. 
 []


Overfull \hbox (23.30066pt too wide) in paragraph at lines 1357--1359
[]\TU/NimbusMonoPS(1)/m/sc/12 The frac-ture be-gins ex-pand-ing — curl-ing, br
anch-ing — form-ing the
 []


Overfull \hbox (45.62575pt too wide) in paragraph at lines 1371--1373
[]\TU/NimbusMonoPS(1)/m/sc/12 He grabs the mir-ror, yanks it from the wall, and smashes it against
 []


Overfull \hbox (8.41727pt too wide) in paragraph at lines 1374--1376
[]\TU/NimbusMonoPS(1)/m/sc/12 Shards scat-ter — each shard re-flect-ing the si
gil in-de-pen-dently,
 []



[23]
Overfull \hbox (0.97557pt too wide) in paragraph at lines 1401--1402
[]\TU/NimbusMonoPS(1)/m/sc/12 Kant stands on the wide stone steps, grip-ping the
 rail-ing for
 []


Overfull \hbox (30.74236pt too wide) in paragraph at lines 1405--1407
[]\TU/NimbusMonoPS(1)/m/sc/12 The torches flank-ing the en-trance flicker once, twice 
— then freeze
 []


Overfull \hbox (15.85896pt too wide) in paragraph at lines 1410--1412
[]\TU/NimbusMonoPS(1)/m/sc/12 Shad-ows be-gin slid-ing to-ward him — not grow-
ing longer, but \TU/NimbusMonoPS(1)/m/it/12 mov-
 []


Overfull \hbox (53.06744pt too wide) in paragraph at lines 1440--1441
[]\TU/NimbusMonoPS(1)/m/sc/12 The SHAD-OWS with-draw — crawl-ing back-ward int
o their right-ful places. 
 []


Overfull \hbox (15.85896pt too wide) in paragraph at lines 1456--1458
[]\TU/NimbusMonoPS(1)/m/sc/12 Kant sits at his desk, blot-ting ink from a freshl
y writ-ten page
 []



[24]
Overfull \hbox (8.41727pt too wide) in paragraph at lines 1495--1497
[]\TU/NimbusMonoPS(1)/m/sc/12 Kant, half-mad with fear and ur-gency, pushes thro
ugh the gusts
 []


Overfull \hbox (38.18405pt too wide) in paragraph at lines 1516--1518
[]\TU/NimbusMonoPS(1)/m/sc/12 Swe-den-borg lies half-reclined in bed, breath sha
l-low, face drained
 []



[25]
Overfull \hbox (8.41727pt too wide) in paragraph at lines 1527--1528
[]\TU/NimbusMonoPS(1)/m/sc/12 Swe-den-borg turns his head weakly, his eyes brigh
t but dis-tant. 
 []


Overfull \hbox (30.74236pt too wide) in paragraph at lines 1529--1531
[]\TU/NimbusMonoPS(1)/m/sc/12 A SHADOW-FIGURE stands in the cor-ner — tall, im
-pos-si-bly straight,
 []


Underfull \hbox (badness 10000) in paragraph at lines 1546--1547
[]\TU/NimbusMonoPS(1)/m/sc/12 The world is not con-vinced. \TU/NimbusMonoPS(1)/
m/it/12 You \TU/NimbusMonoPS(1)/m/sc/12 are not
 []


Underfull \hbox (badness 10000) in paragraph at lines 1556--1558
[]\TU/NimbusMonoPS(1)/m/sc/12 Do not fear. I have seen what lies be-yond
 []


Underfull \hbox (badness 10000) in paragraph at lines 1563--1564
[]\TU/NimbusMonoPS(1)/m/sc/12 But you…you must lie to your-self…as no man
 []



[26]
Overfull \hbox (0.97557pt too wide) in paragraph at lines 1598--1600
[]\TU/NimbusMonoPS(1)/m/sc/12 Snow falls in slow spi-rals, drift-ing side-ways 
even in the ab-
 []


Overfull \hbox (23.30066pt too wide) in paragraph at lines 1601--1604
[]\TU/NimbusMonoPS(1)/m/sc/12 Kant walks to-ward the river, hollow-eyed, coat un
-but-toned, hands
 []


Overfull \hbox (30.74236pt too wide) in paragraph at lines 1601--1604
\TU/NimbusMonoPS(1)/m/sc/12 raw from the cold. His breath teth-ers in the air to
o long, caught
 []


Overfull \hbox (8.41727pt too wide) in paragraph at lines 1609--1611
[]\TU/NimbusMonoPS(1)/m/sc/12 Each step echoes too loudly — a half-beat late, as if sound is
 []


Overfull \hbox (38.18405pt too wide) in paragraph at lines 1618--1620
[]\TU/NimbusMonoPS(1)/m/sc/12 A per-fect CIR-CLE be-gins melt-ing open around hi
m — ten feet across,
 []


Overfull \hbox (23.30066pt too wide) in paragraph at lines 1625--1627
[]\TU/NimbusMonoPS(1)/m/sc/12 From be-low: A row of IN-VERTED ROOFTOPS rises to-
ward the sur-face. 
 []


Overfull \hbox (23.30066pt too wide) in paragraph at lines 1628--1630
[]\TU/NimbusMonoPS(1)/m/sc/12 Then an en-tire IN-VERTED STREET. Then a bell towe
r point-ing DOWN. 
 []


Overfull \hbox (15.85896pt too wide) in paragraph at lines 1631--1633
[]\TU/NimbusMonoPS(1)/m/sc/12 The IN-VERTED CITY breaks the sur-face, sus-pended
 just inches be-
 []


Overfull \hbox (30.74236pt too wide) in paragraph at lines 1631--1633
\TU/NimbusMonoPS(1)/m/sc/12 low the cir-cle of wa-ter — im-pos-si-bly sta-ble,
 glow-ing corpse-blue. 
 []


Overfull \hbox (15.85896pt too wide) in paragraph at lines 1641--1643
[]\TU/NimbusMonoPS(1)/m/sc/12 The in-verted bell tolls — no air vi-brates, yet
 the sound pulses
 []


Overfull \hbox (0.97557pt too wide) in paragraph at lines 1646--1648
[]\TU/NimbusMonoPS(1)/m/sc/12 The in-verted city be-gins ro-tat-ing clock-wise, ac-cel-er-at-ing, as
 []



[27]
Overfull \hbox (8.41727pt too wide) in paragraph at lines 1650--1651
[]\TU/NimbusMonoPS(1)/m/it/12 The ice around the cir-cle frac-tures fur-ther 
— clean, ge-o-met-ric
 []


Overfull \hbox (15.85896pt too wide) in paragraph at lines 1672--1673
[]\TU/NimbusMonoPS(1)/m/sc/12 -- A street lantern freezes mid-flicker, flame ben
t at a right an-
 []


Overfull \hbox (0.97557pt too wide) in paragraph at lines 1674--1676
[]\TU/NimbusMonoPS(1)/m/sc/12 -- Snowflakes hang mo-tion-less in the air, form-i
ng per-fect crys-
 []


Overfull \hbox (45.62575pt too wide) in paragraph at lines 1677--1679
[]\TU/NimbusMonoPS(1)/m/sc/12 -- A horse in the sta-ble stands sus-pended, mid-e
xhale, breath locked
 []


Overfull \hbox (8.41727pt too wide) in paragraph at lines 1680--1681
[]\TU/NimbusMonoPS(1)/m/sc/12 -- A CHILD’S TOY TOP spins in the street, though
 no one touches
 []


Overfull \hbox (0.97557pt too wide) in paragraph at lines 1682--1684
[]\TU/NimbusMonoPS(1)/m/sc/12 -- A CHURCH CLOCK re-verses course, tick-ing back-
ward with crisp
 []


Overfull \hbox (0.97557pt too wide) in paragraph at lines 1689--1690
[]\TU/NimbusMonoPS(1)/m/sc/12 -- A row of houses ap-pears slightly closer to-get
her than a mo-
 []


Overfull \hbox (38.18405pt too wide) in paragraph at lines 1691--1692
[]\TU/NimbusMonoPS(1)/m/sc/12 -- Door-ways lean in-ward, as if con-verg-ing on 
a sin-gle un-seen point. 
 []


Overfull \hbox (45.62575pt too wide) in paragraph at lines 1693--1696
[]\TU/NimbusMonoPS(1)/m/sc/12 -- A street cor-ner re-peats it-self twice, iden-t
i-cal, as Kant’s neigh-
 []


Overfull \hbox (0.97557pt too wide) in paragraph at lines 1693--1696
\TU/NimbusMonoPS(1)/m/sc/12 bor walks past and van-ishes, then ap-pears again, 
walk-ing past
 []



[28]
Overfull \hbox (15.85896pt too wide) in paragraph at lines 1707--1709
[]\TU/NimbusMonoPS(1)/m/sc/12 The IN-VERTED CITY is now so close its win-dows ne
arly breach the
 []


Overfull \hbox (0.97557pt too wide) in paragraph at lines 1712--1714
[]\TU/NimbusMonoPS(1)/m/sc/12 Not peo-ple — SHAPES. Pure ge-o-met-ric forms. 
Im-pos-si-ble poly-he-
 []


Overfull \hbox (0.97557pt too wide) in paragraph at lines 1717--1719
[]\TU/NimbusMonoPS(1)/m/sc/12 The SIGIL be-neath the ice pulses brightly, frac-t
ur-ing fur-ther
 []


Overfull \hbox (0.97557pt too wide) in paragraph at lines 1720--1721
[]\TU/NimbusMonoPS(1)/m/sc/12 A cold wind rises from be-low the wa-ter — thoug
h it should not
 []


Overfull \hbox (36.68628pt too wide) in paragraph at lines 1731--1734
[]\TU/NimbusMonoPS(1)/b/n/12 AR-CHI-TECTS (V.O.) \TU/NimbusMonoPS(1)/m/it/12 THE
 SEAM HAS OPENED. DO YOU UN-DER-STAND THE SCALE
 []


Overfull \hbox (8.41727pt too wide) in paragraph at lines 1735--1736
[]\TU/NimbusMonoPS(1)/m/sc/12 Kant stag-gers back-ward on the ice. Tears freeze on his cheeks. 
 []


Overfull \hbox (23.30066pt too wide) in paragraph at lines 1741--1742
[]\TU/NimbusMonoPS(1)/m/sc/12 The AR-CHI-TECTS’ voices echo like struc-tures 
turn-ing in-side them-
 []


Overfull \hbox (6.9195pt too wide) in paragraph at lines 1743--1746
[]\TU/NimbusMonoPS(1)/b/n/12 AR-CHI-TECTS (V.O.) \TU/NimbusMonoPS(1)/m/it/12 YOU
 DO NOT BE-LIEVE YOUR OWN LIE. THE VEIL IS
 []


Overfull \hbox (45.62575pt too wide) in paragraph at lines 1768--1769
[]\TU/NimbusMonoPS(1)/m/sc/12 The SIGIL be-neath the ice con-tracts sharply 
— like a clos-ing wound. 
 []



[29]
Overfull \hbox (38.18405pt too wide) in paragraph at lines 1800--1801
[]\TU/NimbusMonoPS(1)/m/sc/12 He turns away from the river, walk-ing slowly back
 to-ward the city. 
 []


Overfull \hbox (8.41727pt too wide) in paragraph at lines 1820--1822
[]\TU/NimbusMonoPS(1)/m/sc/12 Kant en-ters like a man re-turn-ing from war — 
steps un-even, coat
 []


Overfull \hbox (23.30066pt too wide) in paragraph at lines 1820--1822
\TU/NimbusMonoPS(1)/m/sc/12 still dusty with river-ice, hair mat-ted with snow. He leaves the
 []


Overfull \hbox (30.74236pt too wide) in paragraph at lines 1823--1825
[]\TU/NimbusMonoPS(1)/m/sc/12 His SHADOW fol-lows him a half-step be-hind, then snaps into proper
 []


Overfull \hbox (38.18405pt too wide) in paragraph at lines 1828--1830
[]\TU/NimbusMonoPS(1)/m/sc/12 He crosses to the desk, col-lapses into the chair,
 star-ing at blank
 []



[30]
Overfull \hbox (15.85896pt too wide) in paragraph at lines 1833--1836
[]\TU/NimbusMonoPS(1)/m/sc/12 Then— A faint CRACK echoes from the inkpot. A ha
ir-line frac-ture
 []


Overfull \hbox (15.85896pt too wide) in paragraph at lines 1847--1849
[]\TU/NimbusMonoPS(1)/m/sc/12 His hands trem-ble un-con-trol-lably. He forces th
em still by grip-
 []


Overfull \hbox (8.41727pt too wide) in paragraph at lines 1862--1863
[]\TU/NimbusMonoPS(1)/m/sc/12 He stops. The ink on the page seems to rip-ple, as
 if re-act-ing. 
 []


Overfull \hbox (15.85896pt too wide) in paragraph at lines 1864--1865
[]\TU/NimbusMonoPS(1)/m/sc/12 Kant forces him-self to con-tinue writ-ing — a 
slow, tight script. 
 []


Overfull \hbox (0.97557pt too wide) in paragraph at lines 1867--1868
[]\TU/NimbusMonoPS(1)/m/it/12 “…but a form im-posed by our sen-si-bil-ity, 
struc-tur-ing the man-
 []


Overfull \hbox (38.18405pt too wide) in paragraph at lines 1869--1871
[]\TU/NimbusMonoPS(1)/m/sc/12 He freezes mid-way through the sen-tence — eyes wide 
— sens-ing some-
 []


Overfull \hbox (8.41727pt too wide) in paragraph at lines 1885--1886
[]\TU/NimbusMonoPS(1)/m/it/12 “…a wall built to con-tain that which must not
 en-ter the un-der-
 []


Overfull \hbox (8.41727pt too wide) in paragraph at lines 1894--1896
[]\TU/NimbusMonoPS(1)/m/sc/12 He grabs the page, tears it out, crum-ples it vi-o
-lently, tosses
 []


Overfull \hbox (9.52112pt too wide) in paragraph at lines 1897--1899
[]\TU/NimbusMonoPS(1)/m/sc/12 The crum-pled page \TU/NimbusMonoPS(1)/m/it/12 un-
curls it-self \TU/NimbusMonoPS(1)/m/sc/12 on the coals, the sigil form-
 []



[31]
Overfull \hbox (15.85896pt too wide) in paragraph at lines 1908--1909
[]\TU/NimbusMonoPS(1)/m/sc/12 He seizes a NEW sheet of parch-ment — hands trem
-bling but de-ter-
 []


Overfull \hbox (8.41727pt too wide) in paragraph at lines 1913--1914
[]\TU/NimbusMonoPS(1)/m/it/12 “Let us sup-pose that all ap-pear-ances are or-d
ered by the un-der-
 []


Overfull \hbox (15.85896pt too wide) in paragraph at lines 1920--1921
[]\TU/NimbusMonoPS(1)/m/it/12 “…and that these con-cepts serve not to re-vea
l the world, but to
 []


Overfull \hbox (15.85896pt too wide) in paragraph at lines 1928--1929
[]\TU/NimbusMonoPS(1)/m/sc/12 A strange calm over-takes him — the eye of a met
a-phys-i-cal storm. 
 []


Overfull \hbox (23.30066pt too wide) in paragraph at lines 1930--1932
[]\TU/NimbusMonoPS(1)/m/sc/12 He writes with in-creas-ing force, each stroke an act of meta-phys-
 []


Overfull \hbox (0.97557pt too wide) in paragraph at lines 1936--1937
[] \TU/NimbusMonoPS(1)/m/it/12 “The cat-e-gories are the con-di-tions of the 
pos-si-bil-ity of ex-
 []


Overfull \hbox (0.97557pt too wide) in paragraph at lines 1951--1952
[] \TU/NimbusMonoPS(1)/m/it/12 “To deny knowl-edge is to deny breach. Ig-no-ra
nce is not fail-
 []


Overfull \hbox (0.97557pt too wide) in paragraph at lines 1953--1954
[]\TU/NimbusMonoPS(1)/m/sc/12 The quill scratches vi-o-lently — nearly tear-in
g the parch-ment. 
 []


Overfull \hbox (0.97557pt too wide) in paragraph at lines 1957--1958
[]\TU/NimbusMonoPS(1)/m/sc/12 A low HUM fills the room — not sound, but struc-
ture it-self vi-
 []


Overfull \hbox (0.97557pt too wide) in paragraph at lines 1959--1960
[]\TU/NimbusMonoPS(1)/m/sc/12 The pages on the desk \TU/NimbusMonoPS(1)/m/it/12
 align them-selves \TU/NimbusMonoPS(1)/m/sc/12 into a per-fect rect-an-
 []


Overfull \hbox (8.41727pt too wide) in paragraph at lines 1963--1964
[]\TU/NimbusMonoPS(1)/m/sc/12 His shadow moves a frac-tion later than he does, 
then cor-rects. 
 []



[32]
Overfull \hbox (0.97557pt too wide) in paragraph at lines 1983--1984
[]\TU/NimbusMonoPS(1)/m/sc/12 The sigil-fracture in the inkpot seals over, smoot
h as glass. 
 []


Overfull \hbox (8.41727pt too wide) in paragraph at lines 2009--2011
[]\TU/NimbusMonoPS(1)/m/sc/12 The BOUND-ARY DRAFT lies un-der a cloth on the rig
ht side of the
 []


Overfull \hbox (8.41727pt too wide) in paragraph at lines 2009--2011
\TU/NimbusMonoPS(1)/m/sc/12 desk, its edges per-fectly aligned, as though aligne
d by an un-
 []


Overfull \hbox (8.41727pt too wide) in paragraph at lines 2012--2014
[]\TU/NimbusMonoPS(1)/m/sc/12 On the left: a fresh stack of blank pa-pers — th
e fu-ture \TU/NimbusMonoPS(1)/m/it/12 Dreams
 []


Overfull \hbox (15.85896pt too wide) in paragraph at lines 2015--2016
[]\TU/NimbusMonoPS(1)/m/sc/12 Kant sits be-tween the two stacks like a man caugh
t be-tween mir-
 []


Overfull \hbox (38.18405pt too wide) in paragraph at lines 2023--2024
[]\TU/NimbusMonoPS(1)/m/sc/12 He be-gins to write — but the words are false fr
om the first stroke: 
 []


Overfull \hbox (15.85896pt too wide) in paragraph at lines 2026--2027
[]\TU/NimbusMonoPS(1)/m/it/12 “In the mat-ter of the vi-sion-ary Swe-den-borg,
 one finds more delu-
 []



[33]
Overfull \hbox (45.62575pt too wide) in paragraph at lines 2033--2034
[]\TU/NimbusMonoPS(1)/m/it/12 “…and one is com-pelled, by sober re-flec-tion
, to dis-miss such spirit-
 []


Overfull \hbox (8.41727pt too wide) in paragraph at lines 2035--2037
[]\TU/NimbusMonoPS(1)/m/sc/12 As he writes this, the BOUND-ARY DRAFT be-neath th
e cloth shifts
 []


Overfull \hbox (15.85896pt too wide) in paragraph at lines 2041--2042
[]\TU/NimbusMonoPS(1)/m/it/12 “…for rea-son must not yield it-self to fan-ta
sies, nor per-mit the
 []


Overfull \hbox (30.74236pt too wide) in paragraph at lines 2051--2052
[]\TU/NimbusMonoPS(1)/m/sc/12 He re-sumes writ-ing, the page fill-ing with sharp
, de-ci-sive strokes. 
 []


Overfull \hbox (38.18405pt too wide) in paragraph at lines 2057--2058
[] \TU/NimbusMonoPS(1)/m/it/12 “Let the pub-lic laugh, then, at the no-tion of
 spir-its, for laugh-
 []


Overfull \hbox (23.30066pt too wide) in paragraph at lines 2059--2061
[]\TU/NimbusMonoPS(1)/m/sc/12 As Kant writes the word \TU/NimbusMonoPS(1)/m/it/
12 laugh-ter\TU/NimbusMonoPS(1)/m/sc/12 , the can-dle flick-ers — vi-o-lently
 []


Overfull \hbox (15.85896pt too wide) in paragraph at lines 2076--2077
[] \TU/NimbusMonoPS(1)/m/it/12 “…and let the wise man, con-tem-plat-ing such
 tales, con-tent him-
 []


Overfull \hbox (16.67755pt too wide) in paragraph at lines 2084--2085
[] \TU/NimbusMonoPS(1)/m/it/12 “For the un-der-stand-ing must be pro-tected, 
even if by mock-ery.” 
 []


Overfull \hbox (30.74236pt too wide) in paragraph at lines 2088--2090
[]\TU/NimbusMonoPS(1)/m/sc/12 The room is silent ex-cept for the faint tick-ing of the town clock
 []


Overfull \hbox (30.74236pt too wide) in paragraph at lines 2093--2094
[]\TU/NimbusMonoPS(1)/m/sc/12 He stares at the pages he has writ-ten — a work of de-lib-er-ate con-
 []



[34]
Overfull \hbox (8.41727pt too wide) in paragraph at lines 2107--2108
[]\TU/NimbusMonoPS(1)/m/sc/12 He places the freshly writ-ten MOCK-ERY MANUSCRIPT
 atop the left
 []


Overfull \hbox (0.97557pt too wide) in paragraph at lines 2109--2111
[]\TU/NimbusMonoPS(1)/m/sc/12 He binds it with twine, hands steady now — per-f
orm-ing a cruel
 []


Overfull \hbox (15.85896pt too wide) in paragraph at lines 2112--2113
[]\TU/NimbusMonoPS(1)/m/sc/12 A low RUM-BLE stirs the air — not sound, but a 
shift in equi-lib-
 []


Overfull \hbox (23.30066pt too wide) in paragraph at lines 2125--2126
[]\TU/NimbusMonoPS(1)/m/sc/12 Kant takes up the ti-tle page of the de-coy manusc
ript and writes: 
 []

LaTeX Font Info:    Font shape `TU/NimbusMonoPS(1)/b/n' will be
(Font)              scaled to size 14.70717pt on input line 2127.

Overfull \hbox (23.30066pt too wide) in paragraph at lines 2133--2135
[]\TU/NimbusMonoPS(1)/m/sc/12 Then — from be-hind him — a SEC-OND SIG-NA-TUR
E ap-pears on the page,
 []


Overfull \hbox (8.41727pt too wide) in paragraph at lines 2152--2154
[]\TU/NimbusMonoPS(1)/m/sc/12 A mild thaw. Ven-dors un-fold creak-ing shut-ters.
 Bar-rels of win-
 []


Overfull \hbox (15.85896pt too wide) in paragraph at lines 2152--2154
\TU/NimbusMonoPS(1)/m/sc/12 ter ap-ples. A fish-mon-ger chop-ping ice with slow,
 rhyth-mic blows. 
 []



[35]
Overfull \hbox (0.97557pt too wide) in paragraph at lines 2159--2162
[]\TU/NimbusMonoPS(1)/m/sc/12 A group of STU-DENTS gath-ers around a pamphlet-se
ller’s stall.
 []


Overfull \hbox (1.53369pt too wide) in paragraph at lines 2159--2162
\TU/NimbusMonoPS(1)/m/sc/12 Freshly printed copies of \TU/NimbusMonoPS(1)/m/it/
12 Dreams of a Spirit-Seer \TU/NimbusMonoPS(1)/m/sc/12 are stacked
 []


Underfull \hbox (badness 10000) in paragraph at lines 2166--2169
[]\TU/NimbusMonoPS(1)/m/sc/12 Hot off the press! Kant’s de-mo-li-tion of the
 []


Underfull \hbox (badness 10000) in paragraph at lines 2176--2178
[]\TU/NimbusMonoPS(1)/m/sc/12 “Spirit-seeing is but a day-dream of the
 []


Overfull \hbox (15.85896pt too wide) in paragraph at lines 2188--2189
[]\TU/NimbusMonoPS(1)/m/sc/12 The laugh-ter echoes strangely — as though the 
air is too re-flec-
 []


Overfull \hbox (30.74236pt too wide) in paragraph at lines 2190--2191
[]\TU/NimbusMonoPS(1)/m/sc/12 Snowflakes drift hor-i-zon-tally, then cor-rect do
wn-ward, em-bar-rassed. 
 []


Underfull \hbox (badness 10000) in paragraph at lines 2197--2199
[]\TU/NimbusMonoPS(1)/m/sc/12 Pro-fes-sor Kant! Your book — it’s a mar-vel.
 []


Underfull \hbox (badness 10000) in paragraph at lines 2204--2206
[]\TU/NimbusMonoPS(1)/m/sc/12 The mind must be dis-ci-plined. Even against
 []


Overfull \hbox (8.41727pt too wide) in paragraph at lines 2214--2216
[]\TU/NimbusMonoPS(1)/m/sc/12 He turns — and no-tices an OLD WOMAN star-ing at
 him from across
 []



[36]
Underfull \hbox (badness 10000) in paragraph at lines 2238--2241
[]\TU/NimbusMonoPS(1)/m/sc/12 The dead speak to me. They speak gen-tly.
 []


Overfull \hbox (30.74236pt too wide) in paragraph at lines 2273--2275
[]\TU/NimbusMonoPS(1)/m/sc/12 As he walks, ev-ery pud-dle and win-dow avoids re-
flect-ing him — their
 []



[37]
Overfull \hbox (38.18405pt too wide) in paragraph at lines 2294--2295
[]\TU/NimbusMonoPS(1)/m/sc/12 Forms a per-fect straight line — then the first stroke of the SIGIL. 
 []


Overfull \hbox (0.97557pt too wide) in paragraph at lines 2308--2310
[]\TU/NimbusMonoPS(1)/m/sc/12 He steps out of the al-ley, re-join-ing the flow 
of peo-ple — peo-
 []


Overfull \hbox (8.41727pt too wide) in paragraph at lines 2308--2310
\TU/NimbusMonoPS(1)/m/sc/12 ple who laugh and read and be-lieve ex-actly what he
 needed them
 []


Overfull \hbox (0.97557pt too wide) in paragraph at lines 2327--2329
[]\TU/NimbusMonoPS(1)/m/sc/12 A cav-ernous lec-ture hall with Gothic win-dows. 
Sun-light fil-ters
 []


Overfull \hbox (15.85896pt too wide) in paragraph at lines 2327--2329
\TU/NimbusMonoPS(1)/m/sc/12 through dust motes that twist un-nat-u-rally, as tho
ugh stirred by
 []


Overfull \hbox (8.41727pt too wide) in paragraph at lines 2330--2332
[]\TU/NimbusMonoPS(1)/m/sc/12 The hall is filled: PRO-FES-SORS, DEANS, STU-DENTS
 in heavy win-ter
 []


Overfull \hbox (0.97557pt too wide) in paragraph at lines 2333--2337
[]\TU/NimbusMonoPS(1)/m/sc/12 At the front sits the FAC-ULTY PANEL: KNUTZEN, REC
-TOR FIS-CHER,
 []


Overfull \hbox (8.41727pt too wide) in paragraph at lines 2333--2337
\TU/NimbusMonoPS(1)/m/sc/12 PRO-FES-SOR VON HIP-PEL, and sev-eral stern, for-mal
ly dressed aca-
 []


Overfull \hbox (23.30066pt too wide) in paragraph at lines 2333--2337
\TU/NimbusMonoPS(1)/m/sc/12 demics. Their WIGS seem to lean slightly for-ward, 
as though lis-
 []



[38]
Overfull \hbox (38.18405pt too wide) in paragraph at lines 2342--2345
[]\TU/NimbusMonoPS(1)/m/sc/12 KANT stands at the lectern. Pale. Poised. The manu
script of \TU/NimbusMonoPS(1)/m/it/12 Dreams
 []


Overfull \hbox (1.53369pt too wide) in paragraph at lines 2342--2345
\TU/NimbusMonoPS(1)/m/it/12 of a Spirit-Seer \TU/NimbusMonoPS(1)/m/sc/12 lies cl
osed be-fore him — a mask bound in pa-
 []


Underfull \hbox (badness 10000) in paragraph at lines 2351--2353
[]\TU/NimbusMonoPS(1)/m/sc/12 This dis-pu-ta-tion con-cerns the re-cent spread
 []


Underfull \hbox (badness 10000) in paragraph at lines 2351--2353
\TU/NimbusMonoPS(1)/m/sc/12 of mys-ti-cal delu-sions, and Pro-fes-sor Kant’s
 []


Underfull \hbox (badness 10000) in paragraph at lines 2360--2362
[]\TU/NimbusMonoPS(1)/m/sc/12 Rea-son de-mands dis-ci-pline. And su-per-sti-tion

 []


Overfull \hbox (15.85896pt too wide) in paragraph at lines 2366--2367
[]\TU/NimbusMonoPS(1)/m/sc/12 Kant forces a smile, but his hands trem-ble agains
t the lectern. 
 []


Overfull \hbox (38.18405pt too wide) in paragraph at lines 2368--2370
[]\TU/NimbusMonoPS(1)/m/sc/12 Be-hind him, the tall arched win-dows warp faintly
 — the glass bend-
 []


Overfull \hbox (15.85896pt too wide) in paragraph at lines 2368--2370
\TU/NimbusMonoPS(1)/m/sc/12 ing im-per-cep-ti-bly in-ward, as though eaves-drop-
ping on the words. 
 []


Underfull \hbox (badness 10000) in paragraph at lines 2374--2378
[]\TU/NimbusMonoPS(1)/m/sc/12 Pro-fes-sor Kant, you claim Swe-den-borg’s vi-
 []


Underfull \hbox (badness 10000) in paragraph at lines 2374--2378
\TU/NimbusMonoPS(1)/m/sc/12 sions were mere fab-ri-ca-tions of the imag-
 []


Underfull \hbox (badness 10000) in paragraph at lines 2374--2378
\TU/NimbusMonoPS(1)/m/sc/12 i-na-tion. Yet the tes-ti-monies are nu-mer-ous
 []


Underfull \hbox (badness 10000) in paragraph at lines 2383--2385
[]\TU/NimbusMonoPS(1)/m/sc/12 The imag-i-na-tion… is ca-pa-ble of great co-or-

 []


Overfull \hbox (45.62575pt too wide) in paragraph at lines 2387--2388
[]\TU/NimbusMonoPS(1)/m/sc/12 A rus-tle of agree-ment — but a few STU-DENTS ex
-change un-easy glances. 
 []


Overfull \hbox (8.41727pt too wide) in paragraph at lines 2389--2390
[]\TU/NimbusMonoPS(1)/m/sc/12 A brief flicker — the shad-ows of the en-tire pa
nel shift a half-
 []



[39]
Underfull \hbox (badness 10000) in paragraph at lines 2396--2399
[]\TU/NimbusMonoPS(1)/m/sc/12 Your book im-plies these vi-sions pose no
 []


Underfull \hbox (badness 10000) in paragraph at lines 2396--2399
\TU/NimbusMonoPS(1)/m/sc/12 threat. Yet panic has swept Berlin and Ham-
 []


Overfull \hbox (15.85896pt too wide) in paragraph at lines 2403--2404
[]\TU/NimbusMonoPS(1)/m/sc/12 The SIGIL flashes — faintly — in the re-flec-t
ion of his wa-ter gob-
 []


Underfull \hbox (badness 10000) in paragraph at lines 2408--2410
[]\TU/NimbusMonoPS(1)/m/sc/12 Panic is the mind re-coil-ing from its own
 []


Underfull \hbox (badness 10000) in paragraph at lines 2408--2410
\TU/NimbusMonoPS(1)/m/sc/12 ig-no-rance, des-per-ate to pop-u-late the un-
 []


Underfull \hbox (badness 10000) in paragraph at lines 2415--2417
[]\TU/NimbusMonoPS(1)/m/sc/12 The un-known does not speak. We speak into
 []


Overfull \hbox (15.85896pt too wide) in paragraph at lines 2419--2420
[]\TU/NimbusMonoPS(1)/m/sc/12 Ap-plause be-gins — but stut-ters, as though re-
al-ity is wait-ing to
 []


Underfull \hbox (badness 10000) in paragraph at lines 2426--2428
[]\TU/NimbusMonoPS(1)/m/sc/12 Then you deny the ex-is-tence of spir-its?
 []


Overfull \hbox (23.30066pt too wide) in paragraph at lines 2432--2434
[]\TU/NimbusMonoPS(1)/m/sc/12 The SIGIL be-gins to form again — this time on 
the pol-ished floor-
 []


Underfull \hbox (badness 10000) in paragraph at lines 2438--2440
[]\TU/NimbusMonoPS(1)/m/sc/12 I deny… any claim to knowl-edge be-yond the
 []


Overfull \hbox (0.97557pt too wide) in paragraph at lines 2444--2446
[]\TU/NimbusMonoPS(1)/m/sc/12 But the panel’s shad-ows… flare. Longer. Sharp
er. An-gled wrong. 
 []



[40]
Overfull \hbox (23.30066pt too wide) in paragraph at lines 2457--2459
[]\TU/NimbusMonoPS(1)/m/sc/12 He knows what he must say. He knows it is the lie that holds the
 []


Underfull \hbox (badness 10000) in paragraph at lines 2462--2464
[]\TU/NimbusMonoPS(1)/m/sc/12 Swe-den-borg saw noth-ing. And we must see
 []


Overfull \hbox (38.18405pt too wide) in paragraph at lines 2466--2468
[]\TU/NimbusMonoPS(1)/m/sc/12 A strange, syn-chro-nized ex-hale sweeps through 
the hall — as though
 []


Overfull \hbox (23.30066pt too wide) in paragraph at lines 2479--2480
[]\TU/NimbusMonoPS(1)/m/sc/12 But his eyes re-main locked on the floor where the
 sigil had been. 
 []


Overfull \hbox (0.97557pt too wide) in paragraph at lines 2489--2492
[]\TU/NimbusMonoPS(1)/m/sc/12 The win-ter light is thin, metal-lic. Stu-dents bu
rst out of the
 []


Overfull \hbox (0.97557pt too wide) in paragraph at lines 2489--2492
\TU/NimbusMonoPS(1)/m/sc/12 hall in ex-cited clus-ters. COATS flap, voices rise 
— the sound-
 []


Overfull \hbox (15.85896pt too wide) in paragraph at lines 2493--2495
[]\TU/NimbusMonoPS(1)/m/sc/12 KANT ex-its the hall alone, step-ping into the cou
rt-yard with the
 []


Overfull \hbox (8.41727pt too wide) in paragraph at lines 2496--2497
[]\TU/NimbusMonoPS(1)/m/sc/12 A breeze moves through the trees. The branches bow
 to-ward him. 
 []


Underfull \hbox (badness 10000) in paragraph at lines 2509--2510
[]\TU/NimbusMonoPS(1)/m/sc/12 You have re-stored or-der to minds far less
 []



[41]
Overfull \hbox (0.97557pt too wide) in paragraph at lines 2520--2523
[]\TU/NimbusMonoPS(1)/m/sc/12 Kant walks across the snow-dusted path. His foot-s
teps fall in
 []


Overfull \hbox (8.41727pt too wide) in paragraph at lines 2520--2523
\TU/NimbusMonoPS(1)/m/sc/12 per-fect in-ter-vals — the same spac-ing as the ca
t-e-gories di-a-gram
 []


Overfull \hbox (38.18405pt too wide) in paragraph at lines 2526--2529
[]\TU/NimbusMonoPS(1)/m/sc/12 A nearby LANTERN flick-ers. Its flame LEANS to-war
d Kant as he passes.
 []


Underfull \hbox (badness 10000) in paragraph at lines 2538--2540
[]\TU/NimbusMonoPS(1)/m/sc/12 Come join us for wine, Im-manuel! A vic-tory
 []


Overfull \hbox (8.41727pt too wide) in paragraph at lines 2550--2554
[]\TU/NimbusMonoPS(1)/m/sc/12 The court-yard be-hind him sub-tly shifts — the shad-ows of trees,
 []


Overfull \hbox (30.74236pt too wide) in paragraph at lines 2550--2554
\TU/NimbusMonoPS(1)/m/sc/12 benches, stu-dents — all ad-just their lengths a 
frac-tion of a sec-
 []


Overfull \hbox (23.30066pt too wide) in paragraph at lines 2567--2569
[]\TU/NimbusMonoPS(1)/m/sc/12 Kant walks with me-chan-i-cal calm, gloved hands 
clasped be-hind his
 []


Overfull \hbox (30.74236pt too wide) in paragraph at lines 2570--2574
[]\TU/NimbusMonoPS(1)/m/sc/12 A HORSE-DRAWN CAR-RIAGE passes. Its SHADOW twists 
— bend-ing around
 []


Overfull \hbox (15.85896pt too wide) in paragraph at lines 2570--2574
\TU/NimbusMonoPS(1)/m/sc/12 Kant in a pro-tec-tive arc, then snap-ping back into
 place once it
 []



[42]
Overfull \hbox (23.30066pt too wide) in paragraph at lines 2583--2585
[]\TU/NimbusMonoPS(1)/m/sc/12 Two CHIL-DREN play with sticks by the side of the road. They stop
 []


Overfull \hbox (38.18405pt too wide) in paragraph at lines 2610--2612
[]\TU/NimbusMonoPS(1)/m/sc/12 He steps left. The shadow fol-lows in-stantly 
— faster than physics. 
 []


Overfull \hbox (15.85896pt too wide) in paragraph at lines 2616--2617
[]\TU/NimbusMonoPS(1)/m/sc/12 The chil-dren watch in awe, then scurry away with-
out fur-ther ex-
 []


Overfull \hbox (8.41727pt too wide) in paragraph at lines 2622--2625
[]\TU/NimbusMonoPS(1)/m/sc/12 The SOUND echoes a frac-tion too long. The echo be
nds up-ward in
 []


Underfull \hbox (badness 10000) in paragraph at lines 2629--2631
[]\TU/NimbusMonoPS(1)/m/sc/12 I told them what they wanted. I did what
 []


Overfull \hbox (8.41727pt too wide) in paragraph at lines 2633--2636
[]\TU/NimbusMonoPS(1)/m/sc/12 A GUST OF WIND cir-cles him — not around the str
eet, but around
 []


Overfull \hbox (8.41727pt too wide) in paragraph at lines 2637--2640
[]\TU/NimbusMonoPS(1)/m/sc/12 Snowflakes spi-ral into a faint, mo-men-tary sigil
 shape — a ghost
 []


Overfull \hbox (8.41727pt too wide) in paragraph at lines 2637--2640
\TU/NimbusMonoPS(1)/m/sc/12 of the old ge-om-e-try — be-fore smooth-ing into 
or-di-nary snow-fall. 
 []



[43]
Overfull \hbox (15.85896pt too wide) in paragraph at lines 2652--2655
[]\TU/NimbusMonoPS(1)/m/sc/12 He be-gins walk-ing again — slower now, with the
 care-ful dread of
 []


Overfull \hbox (8.41727pt too wide) in paragraph at lines 2662--2664
[]\TU/NimbusMonoPS(1)/m/sc/12 Kant reaches the fa-mil-iar door-way. The win-dows
 glow with lamp-
 []


Overfull \hbox (0.97557pt too wide) in paragraph at lines 2667--2669
[]\TU/NimbusMonoPS(1)/m/sc/12 The wood warms be-neath his palm. Warmer than wood
 should ever
 []


Overfull \hbox (8.41727pt too wide) in paragraph at lines 2684--2687
[]\TU/NimbusMonoPS(1)/m/sc/12 — the SHADOW of his house shifts into a sigil-li
ke shape, only
 []


Overfull \hbox (15.85896pt too wide) in paragraph at lines 2699--2701
[]\TU/NimbusMonoPS(1)/m/sc/12 The en-try-way is im-mac-u-late — ev-ery boot al
igned, each coat hung
 []


Overfull \hbox (8.41727pt too wide) in paragraph at lines 2699--2701
\TU/NimbusMonoPS(1)/m/sc/12 with strict sym-me-try. But some-thing in the ge-om-
e-try feels *too
 []


Overfull \hbox (30.74236pt too wide) in paragraph at lines 2702--2704
[]\TU/NimbusMonoPS(1)/m/sc/12 KANT en-ters and closes the door gen-tly, as if af
raid of startling
 []


Overfull \hbox (8.41727pt too wide) in paragraph at lines 2705--2707
[]\TU/NimbusMonoPS(1)/m/sc/12 A lantern glows on a side ta-ble. Its flame stands
 straight, ut-
 []


Overfull \hbox (15.85896pt too wide) in paragraph at lines 2705--2707
\TU/NimbusMonoPS(1)/m/sc/12 terly mo-tion-less — even though Kant has just dis
-turbed the air. 
 []



[44]
Overfull \hbox (0.97557pt too wide) in paragraph at lines 2708--2710
[]\TU/NimbusMonoPS(1)/m/sc/12 He re-moves his gloves. Hangs his coat. Each move-
ment is care-
 []


Underfull \hbox (badness 10000) in paragraph at lines 2718--2720
[]\TU/NimbusMonoPS(1)/m/sc/12 Pro-fes-sor Kant — your sup-per is warm. I
 []


Underfull \hbox (badness 10000) in paragraph at lines 2718--2720
\TU/NimbusMonoPS(1)/m/sc/12 heard you re-turned vic-to-ri-ous from the dis-
 []


Underfull \hbox (badness 10000) in paragraph at lines 2728--2729
[]\TU/NimbusMonoPS(1)/m/sc/12 Thank you. That will be all for the
 []


Overfull \hbox (0.97557pt too wide) in paragraph at lines 2733--2735
[]\TU/NimbusMonoPS(1)/m/sc/12 Her SHADOW hes-i-tates a beat be-hind her move-men
t. She does not
 []


Underfull \hbox (badness 10000) in paragraph at lines 2737--2738
[]\TU/NimbusMonoPS(1)/m/sc/12 Will you want the stove stoked for the
 []


Overfull \hbox (53.06744pt too wide) in paragraph at lines 2740--2741
[]\TU/NimbusMonoPS(1)/m/sc/12 Kant watches her shadow catch up, align-ing into 
place like a trained
 []


Overfull \hbox (15.85896pt too wide) in paragraph at lines 2749--2752
[]\TU/NimbusMonoPS(1)/m/sc/12 The door to the kitchen closes. Its CLICK re-ver-b
er-ates too long
 []


Overfull \hbox (8.41727pt too wide) in paragraph at lines 2759--2762
[]\TU/NimbusMonoPS(1)/m/sc/12 Kant sits at the small ta-ble. He takes the spoon.
 Dips it into
 []



[45]
Overfull \hbox (30.74236pt too wide) in paragraph at lines 2765--2767
[]\TU/NimbusMonoPS(1)/m/sc/12 The sur-face of the soup is per-fectly still — 
not even the slight-
 []


Overfull \hbox (8.41727pt too wide) in paragraph at lines 2778--2779
[]\TU/NimbusMonoPS(1)/m/sc/12 One of the vol-umes — *Locke’s Es-say* — pro
-trudes a frac-tion of
 []


Overfull \hbox (53.06744pt too wide) in paragraph at lines 2782--2784
[]\TU/NimbusMonoPS(1)/m/sc/12 The house CREAKS — not ran-domly, but in a faint
 ca-dence that matches
 []


Overfull \hbox (15.85896pt too wide) in paragraph at lines 2787--2789
[]\TU/NimbusMonoPS(1)/m/sc/12 The *Locke* vol-ume slides in-ward on its own, ali
gn-ing flush with
 []


Overfull \hbox (30.74236pt too wide) in paragraph at lines 2794--2797
[]\TU/NimbusMonoPS(1)/m/sc/12 A quill on the writ-ing desk— slanted at a sligh
t an-gle— straight-
 []


Overfull \hbox (15.85896pt too wide) in paragraph at lines 2798--2800
[]\TU/NimbusMonoPS(1)/m/sc/12 A can-dle wick that burned too low— elon-gates 
up-ward a frac-tion,
 []


Overfull \hbox (15.85896pt too wide) in paragraph at lines 2810--2811
[]\TU/NimbusMonoPS(1)/m/sc/12 A soft SOUND — like pa-per fold-ing it-self 
— em-anates be-hind him. 
 []


Overfull \hbox (0.97557pt too wide) in paragraph at lines 2820--2823
[]\TU/NimbusMonoPS(1)/m/sc/12 Its BLANK PAGE shows faint in-den-ta-tions — as though in-vis-i-ble
 []


Overfull \hbox (23.30066pt too wide) in paragraph at lines 2826--2828
[]\TU/NimbusMonoPS(1)/m/sc/12 A sin-gle line of text AP-PEARS on the blank page 
— faint graphite
 []



[46]
Overfull \hbox (8.41727pt too wide) in paragraph at lines 2839--2841
[]\TU/NimbusMonoPS(1)/m/sc/12 The chair catches him — tilt-ing it-self just en
ough to keep him
 []


Overfull \hbox (15.85896pt too wide) in paragraph at lines 2871--2874
[]\TU/NimbusMonoPS(1)/m/sc/12 FLOOR-BOARDS be-neath him shift mi-cro-scop-i-call
y — flat-ten-ing them-
 []


Overfull \hbox (30.74236pt too wide) in paragraph at lines 2871--2874
\TU/NimbusMonoPS(1)/m/sc/12 selves, smooth-ing un-even wear, as though try-ing 
to present a per-
 []


Overfull \hbox (30.74236pt too wide) in paragraph at lines 2875--2879
[]\TU/NimbusMonoPS(1)/m/sc/12 The hall-way lanterns dim in se-quence as he passe
s, each flame bow-
 []


Overfull \hbox (23.30066pt too wide) in paragraph at lines 2875--2879
\TU/NimbusMonoPS(1)/m/sc/12 ing its tip to-ward him — less like a can-dle and more like a ser-
 []


Overfull \hbox (0.97557pt too wide) in paragraph at lines 2886--2888
[]\TU/NimbusMonoPS(1)/m/sc/12 The metal warms in-stantly — to ex-actly the tem
-per-a-ture of his
 []



[47]
Overfull \hbox (8.41727pt too wide) in paragraph at lines 2906--2910
[]\TU/NimbusMonoPS(1)/m/sc/12 The bed-room is mod-est. Bed neatly made. Cur-tain
s still. A sin-
 []


Overfull \hbox (15.85896pt too wide) in paragraph at lines 2913--2915
[]\TU/NimbusMonoPS(1)/m/sc/12 Be-hind him, the door swings shut with a soft-ness
 that feels al-
 []


Overfull \hbox (45.62575pt too wide) in paragraph at lines 2918--2921
[]\TU/NimbusMonoPS(1)/m/sc/12 Its flame does not flicker. Does not re-spond to 
his breath. It waits. 
 []


Overfull \hbox (15.85896pt too wide) in paragraph at lines 2924--2926
[]\TU/NimbusMonoPS(1)/m/sc/12 A floor-board CREAKS — then im-me-di-ately un-cr
eaks, cor-rect-ing it-
 []


Underfull \hbox (badness 10000) in paragraph at lines 2931--2933
[]\TU/NimbusMonoPS(1)/m/sc/12 I can-not be tended like this. I am not a
 []


Overfull \hbox (23.30066pt too wide) in paragraph at lines 2937--2938
[]\TU/NimbusMonoPS(1)/m/sc/12 The SHADOW on the wall is no longer an ex-act repl
ica of his pos-
 []


Overfull \hbox (23.30066pt too wide) in paragraph at lines 2946--2951
[]\TU/NimbusMonoPS(1)/m/sc/12 The SHADOW mir-rors him — but not pre-cisely. It
s hand rises first.
 []


Overfull \hbox (23.30066pt too wide) in paragraph at lines 2966--2969
[]\TU/NimbusMonoPS(1)/m/sc/12 The SHADOW tilts its head — the same ges-ture Sw
e-den-borg’s shadow
 []



[48]
Overfull \hbox (8.41727pt too wide) in paragraph at lines 2984--2986
[]\TU/NimbusMonoPS(1)/m/sc/12 The SHADOW steps closer to him on the wall — its
 move-ment gen-
 []


Overfull \hbox (15.85896pt too wide) in paragraph at lines 2993--2995
[]\TU/NimbusMonoPS(1)/m/sc/12 A soft RUSTLING — the cur-tains move slightly th
ough there is no
 []


Overfull \hbox (30.74236pt too wide) in paragraph at lines 3001--3003
[]\TU/NimbusMonoPS(1)/m/sc/12 The SHADOW reaches one hand to-ward the shape of 
Kant’s bowed head
 []


Overfull \hbox (0.97557pt too wide) in paragraph at lines 3017--3019
[]\TU/NimbusMonoPS(1)/m/sc/12 Then, very slowly, the SHADOW with-draws. It pulls
 back across
 []


Overfull \hbox (30.74236pt too wide) in paragraph at lines 3020--3022
[]\TU/NimbusMonoPS(1)/m/sc/12 It folds its hands be-fore it — an im-i-ta-tion of rev-er-ent dis-tance. 
 []


Overfull \hbox (8.41727pt too wide) in paragraph at lines 3028--3029
[]\TU/NimbusMonoPS(1)/m/sc/12 Kant slams his palm down on the ta-ble, ex-tin-gui
sh-ing the flame. 
 []


Overfull \hbox (0.97557pt too wide) in paragraph at lines 3032--3034
[]\TU/NimbusMonoPS(1)/m/sc/12 In that dark-ness, the SHADOW moves — a whis-per
 of ink re-turn-
 []



[49]
Overfull \hbox (8.41727pt too wide) in paragraph at lines 3043--3045
[]\TU/NimbusMonoPS(1)/m/sc/12 Dark-ness. Not the chaos of ab-sence, but the quie
t of an in-tel-
 []


Overfull \hbox (45.62575pt too wide) in paragraph at lines 3046--3049
[]\TU/NimbusMonoPS(1)/m/sc/12 KANT lies in bed, fully clothed, atop the cov-ers.
 Eyes open. Breath
 []


Overfull \hbox (0.97557pt too wide) in paragraph at lines 3050--3052
[]\TU/NimbusMonoPS(1)/m/sc/12 The room around him seems to hold it-self per-fect
ly still — as
 []


Overfull \hbox (8.41727pt too wide) in paragraph at lines 3050--3052
\TU/NimbusMonoPS(1)/m/sc/12 if ev-ery ob-ject is con-cen-trat-ing, wait-ing for the right way to
 []


Overfull \hbox (23.30066pt too wide) in paragraph at lines 3069--3071
[]\TU/NimbusMonoPS(1)/m/sc/12 Kant slowly turns his head on the pil-low. Eyes fi
xed on the ceil-
 []


Overfull \hbox (38.18405pt too wide) in paragraph at lines 3072--3074
[]\TU/NimbusMonoPS(1)/m/sc/12 An-other soft CREAK — the groan of win-ter tim-b
er ad-just-ing to cold. 
 []


Overfull \hbox (23.30066pt too wide) in paragraph at lines 3079--3082
[]\TU/NimbusMonoPS(1)/m/sc/12 The creak-ing abruptly re-verses it-self — like a record spun back-
 []


Overfull \hbox (0.97557pt too wide) in paragraph at lines 3092--3096
[]\TU/NimbusMonoPS(1)/m/sc/12 The FAB-RIC MOVES on its own — sub-tle, ten-der 
— tuck-ing it-self
 []


Overfull \hbox (15.85896pt too wide) in paragraph at lines 3092--3096
\TU/NimbusMonoPS(1)/m/sc/12 around him with eerie pre-ci-sion, like hands smooth
-ing a child’s
 []



[50]
Overfull \hbox (8.41727pt too wide) in paragraph at lines 3103--3105
[]\TU/NimbusMonoPS(1)/m/sc/12 The blan-ket freezes mid-fall. Hov-ers for one im-
pos-si-ble heart-
 []


Overfull \hbox (0.97557pt too wide) in paragraph at lines 3116--3119
[]\TU/NimbusMonoPS(1)/m/sc/12 A low, al-most in-audi-ble ex-hale. The tim-bers 
re-lax-ing, the air
 []


Overfull \hbox (30.74236pt too wide) in paragraph at lines 3116--3119
\TU/NimbusMonoPS(1)/m/sc/12 shift-ing, the floor sink-ing by a mil-lime-ter 
— as though the struc-
 []


Overfull \hbox (0.97557pt too wide) in paragraph at lines 3131--3134
[]\TU/NimbusMonoPS(1)/m/sc/12 Then — very slowly — the house pulls its pres-
ence in-ward. The
 []


Overfull \hbox (8.41727pt too wide) in paragraph at lines 3131--3134
\TU/NimbusMonoPS(1)/m/sc/12 still-ness grows deeper, emp-tier, like a con-scious
-ness at-tempt-
 []


Overfull \hbox (15.85896pt too wide) in paragraph at lines 3137--3140
[]\TU/NimbusMonoPS(1)/m/sc/12 His shadow on the op-po-site wall lies flat and ob
e-di-ent — but its
 []


Overfull \hbox (8.41727pt too wide) in paragraph at lines 3137--3140
\TU/NimbusMonoPS(1)/m/sc/12 edges trem-ble faintly, as though sup-press-ing the urge to reach
 []


Overfull \hbox (8.41727pt too wide) in paragraph at lines 3141--3143
[]\TU/NimbusMonoPS(1)/m/sc/12 Kant’s breath-ing stead-ies. For the first time in days, he looks
 []


Overfull \hbox (38.18405pt too wide) in paragraph at lines 3146--3148
[]\TU/NimbusMonoPS(1)/m/sc/12 A soft KNOCK comes from the head-board — a warni
ng-knock, not meant
 []


Overfull \hbox (38.18405pt too wide) in paragraph at lines 3161--3164
[]\TU/NimbusMonoPS(1)/m/sc/12 On the wall above the head-board, just vis-i-ble 
in dark-ness: A faint
 []


Overfull \hbox (38.18405pt too wide) in paragraph at lines 3161--3164
\TU/NimbusMonoPS(1)/m/sc/12 SIGIL, traced in con-den-sa-tion, as though some-one
 ex-haled it there. 
 []



[51]
Overfull \hbox (8.41727pt too wide) in paragraph at lines 3190--3194
[]\TU/NimbusMonoPS(1)/m/sc/12 The sigil dims. The house stills. Not per-fect, no
t warm — just
 []


Overfull \hbox (0.97557pt too wide) in paragraph at lines 3195--3197
[]\TU/NimbusMonoPS(1)/m/sc/12 Kant’s breath-ing slows. His body fi-nally sur-r
en-ders to ex-haus-
 []


Overfull \hbox (15.85896pt too wide) in paragraph at lines 3214--3216
[]\TU/NimbusMonoPS(1)/m/sc/12 A si-lence so per-fect it feels *en-forced*, as if
 ev-ery floor-board
 []


Overfull \hbox (15.85896pt too wide) in paragraph at lines 3226--3229
[]\TU/NimbusMonoPS(1)/m/sc/12 The shadow’s HAND sep-a-rates from the rest of 
its form. Just the
 []


Overfull \hbox (15.85896pt too wide) in paragraph at lines 3226--3229
\TU/NimbusMonoPS(1)/m/sc/12 hand. A dark sil-hou-ette of fin-gers ris-ing from 
the floor like ink
 []



[52]
Overfull \hbox (23.30066pt too wide) in paragraph at lines 3242--3244
[]\TU/NimbusMonoPS(1)/m/sc/12 The shadow-hand glides along the wall, its fin-ger
s stretch-ing and
 []


Overfull \hbox (0.97557pt too wide) in paragraph at lines 3245--3248
[]\TU/NimbusMonoPS(1)/m/sc/12 It pauses be-neath a framed botan-i-cal il-lus-tra
-tion. The il-lus-
 []


Overfull \hbox (0.97557pt too wide) in paragraph at lines 3245--3248
\TU/NimbusMonoPS(1)/m/sc/12 tra-tion SHIV-ERS — flow-ers trem-bling as though touched by wind. 
 []


Overfull \hbox (23.30066pt too wide) in paragraph at lines 3261--3264
[]\TU/NimbusMonoPS(1)/m/sc/12 The door stands open — it did not creak. What-ev
er opened it took
 []


Overfull \hbox (30.74236pt too wide) in paragraph at lines 3265--3267
[]\TU/NimbusMonoPS(1)/m/sc/12 KANT’S STUDY is ex-actly as he left it: or-derly
, se-vere, the world
 []


Overfull \hbox (23.30066pt too wide) in paragraph at lines 3268--3272
[]\TU/NimbusMonoPS(1)/m/sc/12 On the desk: Kant’s **PRI-VATE JOUR-NAL**, bound
 in dark calf-skin,
 []


Overfull \hbox (8.41727pt too wide) in paragraph at lines 3275--3278
[]\TU/NimbusMonoPS(1)/m/sc/12 It re-forms into KANT’S FULL SHADOW — up-right
, tall, obe-di-ently
 []


Overfull \hbox (30.74236pt too wide) in paragraph at lines 3275--3278
\TU/NimbusMonoPS(1)/m/sc/12 human-shaped — ex-cept for the head, which tilts 
with un-canny pre-
 []


Overfull \hbox (23.30066pt too wide) in paragraph at lines 3283--3286
[]\TU/NimbusMonoPS(1)/m/sc/12 The quill lifts — not jerked, but raised with ca
re-ful rev-er-ence. 
 []


Overfull \hbox (15.85896pt too wide) in paragraph at lines 3291--3293
[]\TU/NimbusMonoPS(1)/m/sc/12 Pages turn with the faintest flut-ter — like a 
bird held in trem-
 []


Overfull \hbox (30.74236pt too wide) in paragraph at lines 3296--3301
[]\TU/NimbusMonoPS(1)/m/sc/12 The words form in Kant’s hand-writ-ing — slant
ed, con-trolled, rigid
 []


Overfull \hbox (0.97557pt too wide) in paragraph at lines 3296--3301
\TU/NimbusMonoPS(1)/m/sc/12 — but the style is sub-tly wrong: each let-ter too
 sym-met-ri-cal,
 []



[53]
Overfull \hbox (0.97557pt too wide) in paragraph at lines 3314--3316
[]\TU/NimbusMonoPS(1)/m/sc/12 The shadow pauses — its head turn-ing sharply to
-ward the door. 
 []


Overfull \hbox (0.97557pt too wide) in paragraph at lines 3329--3330
[]\TU/NimbusMonoPS(1)/m/sc/12 Ev-ery ob-ject the shadow touched re-turns to per-
fect still-ness. 
 []


Overfull \hbox (15.85896pt too wide) in paragraph at lines 3331--3334
[]\TU/NimbusMonoPS(1)/m/sc/12 It moves to the cen-ter of the room and LIS-TENS 
— per-ceiv-ing vi-
 []


Overfull \hbox (8.41727pt too wide) in paragraph at lines 3331--3334
\TU/NimbusMonoPS(1)/m/sc/12 bra-tions in the ar-chi-tec-ture, like an an-i-mal 
at-tuned to di-men-
 []


Overfull \hbox (0.97557pt too wide) in paragraph at lines 3335--3337
[]\TU/NimbusMonoPS(1)/m/sc/12 Some-thing in the walls **pulses** — a faint ge-
o-met-ric rhythm. 
 []


Overfull \hbox (8.41727pt too wide) in paragraph at lines 3338--3340
[]\TU/NimbusMonoPS(1)/m/sc/12 The shadow leans its head against the plas-ter, as
 if lis-ten-ing
 []


Overfull \hbox (0.97557pt too wide) in paragraph at lines 3345--3347
[]\TU/NimbusMonoPS(1)/m/sc/12 A slow dread spreads across its fea-ture-less form
 — a recog-ni-
 []


Overfull \hbox (8.41727pt too wide) in paragraph at lines 3362--3365
[]\TU/NimbusMonoPS(1)/m/sc/12 The SHADOW stands over him — its edges trem-blin
g, barely main-
 []



[54]
Overfull \hbox (23.30066pt too wide) in paragraph at lines 3380--3383
[]\TU/NimbusMonoPS(1)/m/sc/12 The shadow SNAPS up-right — rigid, alert. The tr
emor in its edges
 []


Overfull \hbox (45.62575pt too wide) in paragraph at lines 3388--3390
[]\TU/NimbusMonoPS(1)/m/sc/12 The shadow shifts into a de-fen-sive pos-ture over
 Kant — half shield-
 []


Overfull \hbox (15.85896pt too wide) in paragraph at lines 3401--3403
[]\TU/NimbusMonoPS(1)/m/sc/12 It slowly, re-luc-tantly, re-as-sumes its cor-rect
 place on the floor
 []


Overfull \hbox (0.97557pt too wide) in paragraph at lines 3409--3411
[]\TU/NimbusMonoPS(1)/m/sc/12 As if some-thing tried to fin-ish the ges-ture and
 thought bet-ter
 []


Overfull \hbox (30.74236pt too wide) in paragraph at lines 3429--3431
[]\TU/NimbusMonoPS(1)/m/sc/12 KANT wakes in the chair where he col-lapsed af-ter
 the night’s ter-
 []


Overfull \hbox (8.41727pt too wide) in paragraph at lines 3432--3435
[]\TU/NimbusMonoPS(1)/m/sc/12 He blinks at the **PRI-VATE JOUR-NAL** on the desk
. Closed. Per-
 []



[55]
Overfull \hbox (23.30066pt too wide) in paragraph at lines 3441--3444
[]\TU/NimbusMonoPS(1)/m/sc/12 He pock-ets the jour-nal — hes-i-tates — then pock-ets it deeper, be-
 []


Overfull \hbox (53.06744pt too wide) in paragraph at lines 3451--3453
[]\TU/NimbusMonoPS(1)/m/sc/12 Stu-dents cross the court-yard in lively clus-ters
. Fresh snow crunches
 []


Overfull \hbox (15.85896pt too wide) in paragraph at lines 3454--3457
[]\TU/NimbusMonoPS(1)/m/sc/12 Kant walks alone through the cen-ter path — mea-
sured, im-mac-u-late
 []


Overfull \hbox (38.18405pt too wide) in paragraph at lines 3458--3460
[]\TU/NimbusMonoPS(1)/m/sc/12 He clutches the jour-nal in-side his coat as if it
 were a live coal. 
 []


Overfull \hbox (0.97557pt too wide) in paragraph at lines 3471--3474
[]\TU/NimbusMonoPS(1)/m/sc/12 A PACKED HALL. Boys in stiff col-lars. Schol-ars 
in thick coats.
 []


Overfull \hbox (0.97557pt too wide) in paragraph at lines 3477--3480
[]\TU/NimbusMonoPS(1)/m/sc/12 He places his lec-ture notes on the lectern. The 
PRI-VATE JOUR-
 []


Overfull \hbox (15.85896pt too wide) in paragraph at lines 3477--3480
\TU/NimbusMonoPS(1)/m/sc/12 NAL, un-seen, slips free and lands be-side them 
— KNOCK-ING softly
 []


Underfull \hbox (badness 10000) in paragraph at lines 3487--3489
[]\TU/NimbusMonoPS(1)/m/sc/12 Gen-tle-men — to-day we con-tinue our in-quiry
 []


Underfull \hbox (badness 10000) in paragraph at lines 3487--3489
\TU/NimbusMonoPS(1)/m/sc/12 into the con-di-tions which make knowl-edge
 []


Underfull \hbox (badness 10000) in paragraph at lines 3496--3498
[]\TU/NimbusMonoPS(1)/m/sc/12 Be-fore any ex-pe-ri-ence can oc-cur, the mind
 []


Underfull \hbox (badness 10000) in paragraph at lines 3496--3498
\TU/NimbusMonoPS(1)/m/sc/12 must fur-nish the very forms of that ex-pe-ri-
 []



[56]
Underfull \hbox (badness 10000) in paragraph at lines 3505--3506
[]\TU/NimbusMonoPS(1)/m/sc/12 Thus, sen-si-bil-ity is not a pas-sive mir-ror,
 []


Overfull \hbox (8.41727pt too wide) in paragraph at lines 3530--3532
[]\TU/NimbusMonoPS(1)/m/sc/12 The let-ters glow faintly — then stop, re-turn-i
ng to nor-mal ink,
 []



[57]
Underfull \hbox (badness 10000) in paragraph at lines 3565--3567
[]\TU/NimbusMonoPS(1)/m/sc/12 Ahem. We… we must dis-tin-guish be-tween the
 []

LaTeX Font Info:    Font shape `TU/NimbusMonoPS(1)/m/n' will be
(Font)              scaled to size 8.26855pt on input line 3577.
LaTeX Font Info:    Font shape `TU/NimbusMonoPS(1)/m/n' will be
(Font)              scaled to size 6.20142pt on input line 3577.
LaTeX Font Info:    External font `cmex10' loaded for size
(Font)              <12> on input line 3577.
LaTeX Font Info:    External font `cmex10' loaded for size
(Font)              <8> on input line 3577.
LaTeX Font Info:    External font `cmex10' loaded for size
(Font)              <6> on input line 3577.

Underfull \hbox (badness 10000) in paragraph at lines 3586--3586
| \TU/NimbusMonoPS(1)/m/it/12 (to the book, un-der his
 []


Overfull \hbox (8.41727pt too wide) in paragraph at lines 3605--3607
[]\TU/NimbusMonoPS(1)/m/sc/12 Kant sweeps up the jour-nal, hides it un-der his 
coat, and ex-its
 []


Overfull \hbox (0.97557pt too wide) in paragraph at lines 3608--3610
[]\TU/NimbusMonoPS(1)/m/sc/12 Be-hind him, the chalk-board be-gins to drip white
 lines — form-
 []


Overfull \hbox (23.30066pt too wide) in paragraph at lines 3619--3620
[]\TU/NimbusMonoPS(1)/m/it/12 A se-quence of im-ages un-fold-ing with glacial ca
lm, the world set-
 []


Overfull \hbox (8.41727pt too wide) in paragraph at lines 3619--3620
\TU/NimbusMonoPS(1)/m/it/12 tling into the shape Kant builds for it. Each mo-men
t is quiet,
 []


Overfull \hbox (23.30066pt too wide) in paragraph at lines 3619--3620
\TU/NimbusMonoPS(1)/m/it/12 re-strained, al-most cer-e-mo-ni-ally or-dered. The hor-ror is gone from
 []



[58]
Overfull \hbox (23.30066pt too wide) in paragraph at lines 3623--3627
[]\TU/NimbusMonoPS(1)/m/sc/12 KANT walks the same seven streets in his daily cir
-cuit. His pos-
 []


Overfull \hbox (8.41727pt too wide) in paragraph at lines 3623--3627
\TU/NimbusMonoPS(1)/m/sc/12 ture rigid, his breath mea-sured. His SHADOW fol-low
s in per-fect
 []


Overfull \hbox (0.97557pt too wide) in paragraph at lines 3623--3627
\TU/NimbusMonoPS(1)/m/sc/12 align-ment, no lag, no tremor. The towns-peo-ple spe
ak of him as
 []


Overfull \hbox (23.30066pt too wide) in paragraph at lines 3632--3634
[]\TU/NimbusMonoPS(1)/m/sc/12 Kant writes in the \TU/NimbusMonoPS(1)/m/it/12 Cri
-tique \TU/NimbusMonoPS(1)/m/sc/12 manuscript, each stroke of the quill
 []


Overfull \hbox (0.97557pt too wide) in paragraph at lines 3635--3638
[]\TU/NimbusMonoPS(1)/m/sc/12 On a shelf be-hind him, a small pud-dle of can-dle
-wax cools. For
 []


Overfull \hbox (30.74236pt too wide) in paragraph at lines 3635--3638
\TU/NimbusMonoPS(1)/m/sc/12 an in-stant it forms the sigil— then soft-ens, blu
rs, be-comes noth-
 []


Overfull \hbox (45.62575pt too wide) in paragraph at lines 3662--3663
[]\TU/NimbusMonoPS(1)/m/sc/12 The chalk-board be-hind him re-mains obe-di-ently blank un-til he writes. 
 []


Overfull \hbox (8.41727pt too wide) in paragraph at lines 3672--3674
[]\TU/NimbusMonoPS(1)/m/sc/12 The ven-dor bows a lit-tle too deeply— half re-s
pect, half su-per-
 []


Overfull \hbox (23.30066pt too wide) in paragraph at lines 3675--3676
[]\TU/NimbusMonoPS(1)/m/sc/12 A child tugs at her mother’s sleeve, star-ing at
 the philoso-pher. 
 []


Underfull \hbox (badness 10000) in paragraph at lines 3678--3679
[]\TU/NimbusMonoPS(1)/m/sc/12 Mama… why does the man make the shad-ows
 []



[59]
Overfull \hbox (30.74236pt too wide) in paragraph at lines 3687--3689
[]\TU/NimbusMonoPS(1)/m/sc/12 The com-pleted manuscript of the \TU/NimbusMonoPS
(1)/m/it/12 Cri-tique of Pure Rea-son \TU/NimbusMonoPS(1)/m/sc/12 sits tied
 []


Overfull \hbox (67.95084pt too wide) in paragraph at lines 3690--3692
[]\TU/NimbusMonoPS(1)/m/sc/12 Kant runs a hand over the cover— a bene-dic-tion
, a seal-ing, a farewell. 
 []


Overfull \hbox (0.97557pt too wide) in paragraph at lines 3697--3699
[]\TU/NimbusMonoPS(1)/m/sc/12 A faint pulse trav-els through the floor-boards
— a soft ac-knowl-
 []


Overfull \hbox (8.41727pt too wide) in paragraph at lines 3710--3712
[]\TU/NimbusMonoPS(1)/m/sc/12 For a brief mo-ment, ev-ery shadow in the street 
aligns with un-
 []


Overfull \hbox (0.97557pt too wide) in paragraph at lines 3721--3727
[]\TU/NimbusMonoPS(1)/m/sc/12 Kant at his desk, re-vis-ing. Walk-ing his seven 
streets. Drink-
 []


Overfull \hbox (0.97557pt too wide) in paragraph at lines 3721--3727
\TU/NimbusMonoPS(1)/m/sc/12 ing cof-fee with me-chan-i-cal pre-ci-sion. Avoid-in
g mir-rors. Avoid-
 []


Overfull \hbox (23.30066pt too wide) in paragraph at lines 3751--3753
[]\TU/NimbusMonoPS(1)/m/sc/12 But it breathes softly, cau-tiously. It tries not to dis-turb him. 
 []



[60]
Overfull \hbox (8.41727pt too wide) in paragraph at lines 3770--3773
[]\TU/NimbusMonoPS(1)/m/sc/12 For one frame— a sin-gle heart-beat— the sigil
 glows be-neath the
 []


Overfull \hbox (0.97557pt too wide) in paragraph at lines 3784--3786
[]\TU/NimbusMonoPS(1)/m/sc/12 His SHADOW fol-lows in per-fect align-ment, obe-di
-ent to the end. 
 []


Overfull \hbox (38.18405pt too wide) in paragraph at lines 3791--3794
[]\TU/NimbusMonoPS(1)/m/sc/12 A dim, win-try hush. The shut-ters rat-tle faintly
 with the low wind.
 []


Overfull \hbox (8.41727pt too wide) in paragraph at lines 3795--3797
[]\TU/NimbusMonoPS(1)/m/sc/12 OLD KANT lies in bed, breath shal-low, cheeks sunk
en. His eyes,
 []


Overfull \hbox (0.97557pt too wide) in paragraph at lines 3795--3797
\TU/NimbusMonoPS(1)/m/sc/12 still sharp be-neath age’s tremor, watch the ceil-
ing with grim
 []


Overfull \hbox (15.85896pt too wide) in paragraph at lines 3798--3799
[]\TU/NimbusMonoPS(1)/m/sc/12 A SER-VANT ush-ers in two YOUNG MEN — barely mor
e than boys, full
 []


Overfull \hbox (30.74236pt too wide) in paragraph at lines 3800--3801
[]\TU/NimbusMonoPS(1)/m/sc/12 GEORG HEGEL, 33 — in-tense, se-vere, gaze alive with di-alec-tic fire. 
 []


Overfull \hbox (23.30066pt too wide) in paragraph at lines 3802--3803
[]\TU/NimbusMonoPS(1)/m/sc/12 ARTHUR SCHOPEN-HAUER, 16 — pale, sharp-featured,
 pupils too deep,
 []


Underfull \hbox (badness 10000) in paragraph at lines 3807--3808
[]\TU/NimbusMonoPS(1)/m/sc/12 Herr Pro-fes-sor… these young schol-ars wished
 []



[61]
Underfull \hbox (badness 10000) in paragraph at lines 3818--3820
[]\TU/NimbusMonoPS(1)/m/sc/12 Pro-fes-sor Kant… it is an honor. Your phi-
 []


Underfull \hbox (badness 10000) in paragraph at lines 3818--3820
\TU/NimbusMonoPS(1)/m/sc/12 los-o-phy has opened a new epoch for the hu-
 []


Underfull \hbox (badness 10000) in paragraph at lines 3825--3828
[]\TU/NimbusMonoPS(1)/m/sc/12 Epochs… yes. Be care-ful, young man. They
 []


Underfull \hbox (badness 10000) in paragraph at lines 3835--3839
[]\TU/NimbusMonoPS(1)/m/sc/12 Pro-fes-sor… I have read your \TU/NimbusMonoPS(
1)/m/it/12 Cri-tique\TU/NimbusMonoPS(1)/m/sc/12 . It
 []


Underfull \hbox (badness 10000) in paragraph at lines 3844--3848
[]\TU/NimbusMonoPS(1)/m/sc/12 Im-mense? No. A wall is never im-mense… only
 []


Overfull \hbox (0.97557pt too wide) in paragraph at lines 3852--3855
[]\TU/NimbusMonoPS(1)/m/sc/12 A faint shud-der moves through the room. The can-d
les bow their
 []


Overfull \hbox (8.41727pt too wide) in paragraph at lines 3852--3855
\TU/NimbusMonoPS(1)/m/sc/12 flames to-ward Kant’s bed — a ges-ture of rev-er
-ence or vig-i-lance. 
 []


Overfull \hbox (8.41727pt too wide) in paragraph at lines 3863--3865
[]\TU/NimbusMonoPS(1)/m/sc/12 Kant’s eyes flick to the shad-ows along the wall
 — per-fect, obe-
 []


Underfull \hbox (badness 10000) in paragraph at lines 3875--3878
[]\TU/NimbusMonoPS(1)/m/sc/12 Your Bound-ary… will not en-dure un-changed.
 []


Underfull \hbox (badness 10000) in paragraph at lines 3875--3878
\TU/NimbusMonoPS(1)/m/sc/12 Spirit must un-fold. Rea-son be-comes Ab-so-
 []



[62]
Underfull \hbox (badness 10000) in paragraph at lines 3883--3884
[]\TU/NimbusMonoPS(1)/m/sc/12 Be wary, Hegel… | \TU/NimbusMonoPS(1)/m/it/12 (w
eak,
 []


Underfull \hbox (badness 10000) in paragraph at lines 3893--3895
[]\TU/NimbusMonoPS(1)/m/sc/12 And what of the world-as-will, sir? What
 []


Underfull \hbox (badness 10000) in paragraph at lines 3893--3895
\TU/NimbusMonoPS(1)/m/sc/12 lies be-neath the forms of our rep-re-sen-ta-
 []


Underfull \hbox (badness 10000) in paragraph at lines 3900--3901
[]\TU/NimbusMonoPS(1)/m/sc/12 Noth-ing… a man can sur-vive.
 []


Overfull \hbox (8.41727pt too wide) in paragraph at lines 3908--3910
[]\TU/NimbusMonoPS(1)/m/sc/12 Hegel and Schopen-hauer ex-change a glance — eac
h mis-un-der-stand-
 []


Underfull \hbox (badness 10000) in paragraph at lines 3914--3916
[]\TU/NimbusMonoPS(1)/m/sc/12 Lis-ten to me, both of you. My Bound-ary…
 []


Underfull \hbox (badness 10000) in paragraph at lines 3936--3940
[]\TU/NimbusMonoPS(1)/m/sc/12 Then… then what re-mains for us? If the
 []


Underfull \hbox (badness 10000) in paragraph at lines 3936--3940
\TU/NimbusMonoPS(1)/m/sc/12 Bound-ary was nec-es-sary… must we keep it?
 []



[63]
Overfull \hbox (0.97557pt too wide) in paragraph at lines 3942--3944
[]\TU/NimbusMonoPS(1)/m/sc/12 Kant looks at the boy — a pierc-ing mo-ment of 
recog-ni-tion, al-
 []


Underfull \hbox (badness 10000) in paragraph at lines 3946--3950
[]\TU/NimbusMonoPS(1)/m/sc/12 You will both try. Each in your
 []


Underfull \hbox (badness 10000) in paragraph at lines 3946--3950
\TU/NimbusMonoPS(1)/m/sc/12 way. And the world… will trem-ble.
 []


Overfull \hbox (23.30066pt too wide) in paragraph at lines 3963--3964
[]\TU/NimbusMonoPS(1)/m/sc/12 Kant’s eyes roll slightly up-ward — search-ing
 old mem-o-ries he has
 []


Underfull \hbox (badness 10000) in paragraph at lines 3966--3967
[]\TU/NimbusMonoPS(1)/m/sc/12 Ar-chi-tec-ture. | \TU/NimbusMonoPS(1)/m/it/12 (ba
rely au-
 []


Overfull \hbox (15.85896pt too wide) in paragraph at lines 3971--3973
[]\TU/NimbusMonoPS(1)/m/sc/12 A tremor passes through the room — wood set-tlin
g, beams mur-mur-
 []


Underfull \hbox (badness 10000) in paragraph at lines 3981--3985
[]\TU/NimbusMonoPS(1)/m/sc/12 Hold fast… to rea-son. Or it will hold… to
 []


Overfull \hbox (15.85896pt too wide) in paragraph at lines 3994--3996
[]\TU/NimbusMonoPS(1)/m/sc/12 Hegel crosses him-self re-flex-ively. Schopen-haue
r’s note-book falls
 []



[64]
Overfull \hbox (15.85896pt too wide) in paragraph at lines 4013--4015
[]\TU/NimbusMonoPS(1)/m/sc/12 A pale win-ter light fil-ters through thin cur-tai
ns. OLD KANT lies
 []


Overfull \hbox (23.30066pt too wide) in paragraph at lines 4018--4019
[]\TU/NimbusMonoPS(1)/m/sc/12 The YOUNG SEC-RE-TARY en-ters qui-etly, car-ry-ing
 a folded LET-TER and
 []


Overfull \hbox (0.97557pt too wide) in paragraph at lines 4022--4023
[]\TU/NimbusMonoPS(1)/m/sc/12 Be-fore he can speak, Kant turns his head slightly
 — as though
 []


Overfull \hbox (0.97557pt too wide) in paragraph at lines 4022--4023
\TU/NimbusMonoPS(1)/m/sc/12 notic-ing vis-i-tors ar-riv-ing from *an-other di-re
c-tion* en-tirely. 
 []


Overfull \hbox (15.85896pt too wide) in paragraph at lines 4029--4031
[]\TU/NimbusMonoPS(1)/m/sc/12 GEORG HEGEL — young, in-tense, sharply dressed, eyes bright with
 []


Overfull \hbox (8.41727pt too wide) in paragraph at lines 4029--4031
\TU/NimbusMonoPS(1)/m/sc/12 con-vic-tion. ARTHUR SCHOPEN-HAUER — also young, 
se-ri-ous, al-ready
 []


Overfull \hbox (15.85896pt too wide) in paragraph at lines 4032--4033
[]\TU/NimbusMonoPS(1)/m/sc/12 They stand at the foot of the bed, not quite touch
-ing the floor. 
 []


Underfull \hbox (badness 10000) in paragraph at lines 4052--4055
[]\TU/NimbusMonoPS(1)/m/sc/12 You will build sys-tems. Grand ones. Let
 []


Underfull \hbox (badness 10000) in paragraph at lines 4052--4055
\TU/NimbusMonoPS(1)/m/sc/12 them be beau-ti-ful, even if they be-come
 []



[65]
Overfull \hbox (8.41727pt too wide) in paragraph at lines 4063--4064
[]\TU/NimbusMonoPS(1)/m/sc/12 Schopen-hauer “steps” for-ward — Kant’s ey
es track him with rev-
 []


Underfull \hbox (badness 10000) in paragraph at lines 4066--4070
[]\TU/NimbusMonoPS(1)/m/sc/12 And you… Arthur. For-give me for the bur-
 []


Underfull \hbox (badness 10000) in paragraph at lines 4066--4070
\TU/NimbusMonoPS(1)/m/sc/12 den you will in-herit. The world will not be
 []


Underfull \hbox (badness 10000) in paragraph at lines 4075--4078
[]\TU/NimbusMonoPS(1)/m/sc/12 Pro-fes-sor Kant — you re-ceived a let-ter.
 []


Underfull \hbox (badness 10000) in paragraph at lines 4090--4092
[]\TU/NimbusMonoPS(1)/m/sc/12 But the suf-fer-ing, sir… there was al-ways an-
 []


Overfull \hbox (38.18405pt too wide) in paragraph at lines 4101--4102
[]\TU/NimbusMonoPS(1)/m/sc/12 The sec-re-tary hes-i-tates, then gen-tly sets the
 LET-TER and MEDICINES
 []


Overfull \hbox (15.85896pt too wide) in paragraph at lines 4112--4113
[]\TU/NimbusMonoPS(1)/m/sc/12 They stand very still, like re-spect-ful phan-toms
 await-ing his fi-
 []



[66]
Overfull \hbox (30.74236pt too wide) in paragraph at lines 4133--4134
[]\TU/NimbusMonoPS(1)/m/sc/12 Kant is smil-ing faintly — not at him, but at th
e two silent young
 []


Overfull \hbox (8.41727pt too wide) in paragraph at lines 4139--4140
[]\TU/NimbusMonoPS(1)/m/sc/12 Hegel and Schopen-hauer stand by the bed, their fo
rms flick-er-ing
 []


Overfull \hbox (23.30066pt too wide) in paragraph at lines 4158--4159
[]\TU/NimbusMonoPS(1)/m/sc/12 The sec-re-tary stands in the door-way, watch-ing Kant for one last,
 []


Overfull \hbox (0.97557pt too wide) in paragraph at lines 4160--4161
[]\TU/NimbusMonoPS(1)/m/sc/12 Kant lies peace-fully, eyes half-open, gaz-ing at vis-i-tors only
 []


Overfull \hbox (45.62575pt too wide) in paragraph at lines 4162--4163
[]\TU/NimbusMonoPS(1)/m/sc/12 The sec-re-tary swal-lows — un-sure whether to 
call a doc-tor, a priest,
 []


Overfull \hbox (30.74236pt too wide) in paragraph at lines 4168--4169
[]\TU/NimbusMonoPS(1)/m/sc/12 The CAM-ERA SLOWLY TRACKS BACK with him — glid-i
ng out of the room,
 []


Overfull \hbox (8.41727pt too wide) in paragraph at lines 4168--4169
\TU/NimbusMonoPS(1)/m/sc/12 re-treat-ing down the thresh-old like a breath be-in
g drawn out of
 []



[67]
Overfull \hbox (15.85896pt too wide) in paragraph at lines 4180--4181
[]\TU/NimbusMonoPS(1)/m/sc/12 The CAM-ERA HOLDS on the wooden door, plank-grain lit by the dim
 []


Overfull \hbox (15.85896pt too wide) in paragraph at lines 4186--4187
[]\TU/NimbusMonoPS(1)/m/sc/12 Then — al-most too quiet to no-tice — a faint set-tling sound from
 []


Overfull \hbox (8.41727pt too wide) in paragraph at lines 4186--4187
\TU/NimbusMonoPS(1)/m/sc/12 the room be-yond, like a manuscript fi-nally rest-in
g in a drawer. 
 []



[68] (./main.aux)
 ***********
LaTeX2e <2025-06-01> patch level 1
L3 programming layer <2025-09-02>
 ***********


LaTeX Font Warning: Some font shapes were not available, defaults substituted.

)

Here is how much of LuaTeX's memory you used:
 3493 strings out of 476291
 100000,552014 words of node,token memory allocated
 411 words of node memory still in use:
   3 hlist, 1 vlist, 1 rule, 2 glue, 3 kern, 1 glyph, 4 attribute, 49 glue_spec,
 4 attribute_list, 1 write nodes
   avail lists: 2:265,3:122,4:14,5:60,6:76,7:3451,8:1,9:194,10:13,11:200
 25754 multiletter control sequences out of 65536+600000
 45 fonts using 4089983 bytes
 73i,6n,113p,294b,264s stack positions out of 10000i,1000n,20000p,200000b,200000s
</usr/share/fonts/opentype/urw-base35/NimbusMonoPS-Italic.otf></usr/share/fonts/
opentype/urw-base35/NimbusMonoPS-Bold.otf></usr/share/fonts/opentype/urw-base35/
NimbusMonoPS-Regular.otf></usr/local/texlive/2025/texmf-dist/fonts/type1/public/
amsfonts/cm/cmsy10.pfb>
Output written on main.pdf (68 pages, 121410 bytes).

PDF statistics: 242 PDF objects out of 1000 (max. 8388607)
 160 compressed objects within 2 object streams
 0 named destinations out of 1000 (max. 131072)
 1 words of extra memory for PDF output out of 10000 (max. 100000000)

