\BOOKMARK [0][-]{chapter*.1}{\376\377\000P\000r\000e\000a\000m\000b\000l\000e}{}% 1
\BOOKMARK [0][-]{chapter*.2}{\376\377\000A\000b\000s\000t\000r\000a\000c\000t}{}% 2
\BOOKMARK [0][-]{chapter.1}{\376\377\000T\000h\000e\000\040\000S\000o\000c\000i\000o\000l\000o\000g\000y\000\040\000o\000f\000\040\000U\000n\000r\000e\000a\000c\000h\000a\000b\000l\000e\000\040\000F\000u\000t\000u\000r\000e\000s}{}% 3
\BOOKMARK [1][-]{section.1.1}{\376\377\000S\000o\000c\000i\000e\000t\000y\000\040\000E\000x\000i\000s\000t\000s\000\040\000P\000a\000r\000t\000l\000y\000\040\000i\000n\000\040\000W\000h\000a\000t\000\040\000H\000a\000s\000\040\000N\000o\000t\000\040\000Y\000e\000t\000\040\000H\000a\000p\000p\000e\000n\000e\000d}{chapter.1}% 4
\BOOKMARK [1][-]{section.1.2}{\376\377\000C\000a\000t\000a\000s\000t\000r\000o\000p\000h\000e\000\040\000I\000s\000\040\000N\000o\000t\000\040\000t\000h\000e\000\040\000S\000a\000m\000e\000\040\000a\000s\000\040\000D\000e\000s\000t\000r\000u\000c\000t\000i\000o\000n}{chapter.1}% 5
\BOOKMARK [1][-]{section.1.3}{\376\377\000T\000h\000e\000\040\000D\000i\000f\000f\000e\000r\000e\000n\000c\000e\000\040\000B\000e\000t\000w\000e\000e\000n\000\040\000P\000r\000o\000b\000a\000b\000i\000l\000i\000t\000y\000\040\000a\000n\000d\000\040\000R\000e\000a\000c\000h\000a\000b\000i\000l\000i\000t\000y}{chapter.1}% 6
\BOOKMARK [1][-]{section.1.4}{\376\377\000I\000n\000s\000t\000i\000t\000u\000t\000i\000o\000n\000a\000l\000\040\000L\000a\000g}{chapter.1}% 7
\BOOKMARK [1][-]{section.1.5}{\376\377\000D\000e\000s\000t\000i\000n\000a\000t\000i\000o\000n\000\040\000a\000s\000\040\000a\000\040\000S\000o\000c\000i\000a\000l\000\040\000I\000n\000s\000t\000i\000t\000u\000t\000i\000o\000n}{chapter.1}% 8
\BOOKMARK [1][-]{section.1.6}{\376\377\000T\000e\000m\000p\000o\000r\000a\000l\000\040\000A\000r\000c\000h\000i\000t\000e\000c\000t\000u\000r\000e\000\040\000a\000n\000d\000\040\000t\000h\000e\000\040\000M\000e\000a\000n\000i\000n\000g\000\040\000o\000f\000\040\000W\000a\000i\000t\000i\000n\000g}{chapter.1}% 9
\BOOKMARK [1][-]{section.1.7}{\376\377\000T\000h\000e\000\040\000R\000e\000a\000c\000h\000a\000b\000i\000l\000i\000t\000y\000\040\000H\000o\000r\000i\000z\000o\000n}{chapter.1}% 10
\BOOKMARK [1][-]{section.1.8}{\376\377\000L\000o\000c\000a\000l\000\040\000A\000g\000e\000n\000c\000y\000\040\000a\000n\000d\000\040\000G\000l\000o\000b\000a\000l\000\040\000I\000m\000p\000o\000t\000e\000n\000c\000e}{chapter.1}% 11
\BOOKMARK [1][-]{section.1.9}{\376\377\000T\000h\000e\000\040\000S\000o\000c\000i\000a\000l\000\040\000C\000o\000n\000s\000e\000q\000u\000e\000n\000c\000e\000s\000\040\000o\000f\000\040\000a\000\040\000C\000o\000n\000t\000r\000a\000c\000t\000e\000d\000\040\000F\000u\000t\000u\000r\000e}{chapter.1}% 12
\BOOKMARK [1][-]{section.1.10}{\376\377\000R\000e\000p\000a\000i\000r\000\040\000A\000f\000t\000e\000r\000\040\000R\000e\000s\000t\000o\000r\000a\000t\000i\000o\000n\000\040\000B\000e\000c\000o\000m\000e\000s\000\040\000I\000m\000p\000o\000s\000s\000i\000b\000l\000e}{chapter.1}% 13
\BOOKMARK [1][-]{section.1.11}{\376\377\000R\000e\000c\000u\000r\000s\000i\000v\000e\000\040\000R\000e\000p\000a\000i\000r\000\040\000a\000n\000d\000\040\000t\000h\000e\000\040\000N\000o\000r\000m\000a\000l\000i\000z\000a\000t\000i\000o\000n\000\040\000o\000f\000\040\000C\000a\000t\000a\000s\000t\000r\000o\000p\000h\000e}{chapter.1}% 14
\BOOKMARK [1][-]{section.1.12}{\376\377\000P\000e\000r\000s\000i\000s\000t\000e\000n\000c\000e\000\040\000a\000n\000d\000\040\000C\000o\000n\000t\000i\000n\000u\000a\000t\000i\000o\000n}{chapter.1}% 15
\BOOKMARK [1][-]{section.1.13}{\376\377\000T\000h\000r\000e\000e\000\040\000P\000r\000o\000p\000o\000s\000i\000t\000i\000o\000n\000s\000\040\000f\000o\000r\000\040\000a\000\040\000S\000o\000c\000i\000o\000l\000o\000g\000y\000\040\000o\000f\000\040\000U\000n\000r\000e\000a\000c\000h\000a\000b\000l\000e\000\040\000F\000u\000t\000u\000r\000e\000s}{chapter.1}% 16
\BOOKMARK [0][-]{chapter.2}{\376\377\000E\000a\000r\000t\000h\000\040\000a\000s\000\040\000a\000\040\000F\000a\000i\000l\000i\000n\000g\000\040\000A\000d\000m\000i\000s\000s\000i\000b\000l\000e\000\040\000S\000y\000s\000t\000e\000m}{}% 17
\BOOKMARK [1][-]{section.2.1}{\376\377\000T\000h\000e\000\040\000C\000a\000t\000a\000s\000t\000r\000o\000p\000h\000e\000\040\000B\000e\000g\000i\000n\000s\000\040\000B\000e\000f\000o\000r\000e\000\040\000A\000n\000i\000a\000r\000a\000\040\000D\000e\000p\000a\000r\000t\000s}{chapter.2}% 18
\BOOKMARK [1][-]{section.2.2}{\376\377\000A\000d\000m\000i\000s\000s\000i\000b\000i\000l\000i\000t\000y\000\040\000a\000s\000\040\000a\000\040\000R\000e\000g\000i\000o\000n\000\040\000R\000a\000t\000h\000e\000r\000\040\000T\000h\000a\000n\000\040\000a\000\040\000P\000o\000i\000n\000t}{chapter.2}% 19
\BOOKMARK [1][-]{section.2.3}{\376\377\000V\000i\000a\000b\000i\000l\000i\000t\000y\000\040\000C\000a\000n\000\040\000C\000o\000n\000c\000e\000a\000l\000\040\000C\000o\000n\000t\000r\000a\000c\000t\000i\000o\000n}{chapter.2}% 20
\BOOKMARK [1][-]{section.2.4}{\376\377\000T\000h\000e\000\040\000L\000i\000f\000e\000g\000i\000v\000e\000r\000\040\000a\000s\000\040\000S\000y\000s\000t\000e\000m}{chapter.2}% 21
\BOOKMARK [1][-]{section.2.5}{\376\377\000E\000x\000t\000e\000r\000n\000a\000l\000i\000t\000i\000e\000s\000\040\000A\000r\000e\000\040\000D\000e\000l\000a\000y\000e\000d\000\040\000S\000e\000l\000f\000-\000I\000n\000t\000e\000r\000a\000c\000t\000i\000o\000n\000s}{chapter.2}% 22
\BOOKMARK [1][-]{section.2.6}{\376\377\000T\000h\000e\000\040\000I\000n\000t\000e\000r\000g\000e\000n\000e\000r\000a\000t\000i\000o\000n\000a\000l\000\040\000R\000e\000a\000c\000h\000a\000b\000i\000l\000i\000t\000y\000\040\000P\000r\000o\000b\000l\000e\000m}{chapter.2}% 23
\BOOKMARK [1][-]{section.2.7}{\376\377\000L\000o\000c\000a\000l\000\040\000O\000p\000t\000i\000m\000i\000z\000a\000t\000i\000o\000n\000\040\000a\000n\000d\000\040\000G\000l\000o\000b\000a\000l\000\040\000C\000o\000n\000t\000r\000a\000c\000t\000i\000o\000n}{chapter.2}% 24
\BOOKMARK [1][-]{section.2.8}{\376\377\000R\000e\000p\000a\000i\000r\000\040\000D\000e\000b\000t}{chapter.2}% 25
\BOOKMARK [1][-]{section.2.9}{\376\377\000E\000s\000c\000a\000p\000e\000\040\000a\000s\000\040\000a\000\040\000R\000e\000p\000a\000i\000r\000\040\000O\000p\000e\000r\000a\000t\000o\000r}{chapter.2}% 26
\BOOKMARK [1][-]{section.2.10}{\376\377\000D\000i\000s\000p\000l\000a\000c\000e\000m\000e\000n\000t\000\040\000I\000s\000\040\000N\000o\000t\000\040\000R\000e\000s\000o\000l\000u\000t\000i\000o\000n}{chapter.2}% 27
\BOOKMARK [1][-]{section.2.11}{\376\377\000B\000o\000u\000n\000d\000a\000r\000y\000\040\000E\000r\000r\000o\000r\000s\000\040\000a\000n\000d\000\040\000t\000h\000e\000\040\000F\000a\000n\000t\000a\000s\000y\000\040\000o\000f\000\040\000E\000l\000s\000e\000w\000h\000e\000r\000e}{chapter.2}% 28
\BOOKMARK [1][-]{section.2.12}{\376\377\000T\000h\000e\000\040\000S\000h\000i\000p\000\040\000a\000s\000\040\000C\000o\000m\000p\000r\000e\000s\000s\000e\000d\000\040\000E\000a\000r\000t\000h}{chapter.2}% 29
\BOOKMARK [1][-]{section.2.13}{\376\377\000C\000o\000m\000p\000r\000e\000s\000s\000i\000o\000n\000\040\000a\000n\000d\000\040\000F\000r\000a\000g\000i\000l\000i\000t\000y}{chapter.2}% 30
\BOOKMARK [1][-]{section.2.14}{\376\377\000T\000h\000e\000\040\000E\000c\000o\000l\000o\000g\000i\000c\000a\000l\000\040\000M\000e\000a\000n\000i\000n\000g\000\040\000o\000f\000\040\000t\000h\000e\000\040\000A\000r\000k}{chapter.2}% 31
\BOOKMARK [1][-]{section.2.15}{\376\377\000T\000h\000e\000\040\000F\000i\000r\000s\000t\000\040\000F\000a\000i\000l\000e\000d\000\040\000R\000e\000p\000a\000i\000r}{chapter.2}% 32
\BOOKMARK [1][-]{section.2.16}{\376\377\000F\000o\000r\000m\000a\000l\000\040\000R\000e\000s\000u\000l\000t\000:\000\040\000T\000h\000e\000\040\000D\000i\000s\000p\000l\000a\000c\000e\000m\000e\000n\000t\000\040\000P\000r\000i\000n\000c\000i\000p\000l\000e}{chapter.2}% 33
\BOOKMARK [1][-]{section.2.17}{\376\377\000F\000o\000r\000m\000a\000l\000\040\000R\000e\000s\000u\000l\000t\000:\000\040\000T\000h\000e\000\040\000C\000o\000m\000p\000e\000n\000s\000a\000t\000o\000r\000y\000\040\000F\000r\000a\000g\000i\000l\000i\000t\000y\000\040\000P\000r\000i\000n\000c\000i\000p\000l\000e}{chapter.2}% 34
\BOOKMARK [1][-]{section.2.18}{\376\377\000F\000o\000r\000m\000a\000l\000\040\000R\000e\000s\000u\000l\000t\000:\000\040\000T\000h\000e\000\040\000R\000e\000a\000c\000h\000a\000b\000i\000l\000i\000t\000y\000\040\000I\000n\000h\000e\000r\000i\000t\000a\000n\000c\000e\000\040\000P\000r\000i\000n\000c\000i\000p\000l\000e}{chapter.2}% 35
\BOOKMARK [1][-]{section.2.19}{\376\377\000F\000r\000o\000m\000\040\000P\000l\000a\000n\000e\000t\000\040\000t\000o\000\040\000V\000e\000s\000s\000e\000l}{chapter.2}% 36
\BOOKMARK [0][-]{chapter.3}{\376\377\000T\000h\000e\000\040\000G\000r\000e\000a\000t\000\040\000E\000s\000c\000a\000p\000e\000\040\000T\000h\000a\000t\000\040\000D\000o\000e\000s\000\040\000N\000o\000t\000\040\000E\000s\000c\000a\000p\000e}{}% 37
\BOOKMARK [1][-]{section.3.1}{\376\377\000D\000e\000p\000a\000r\000t\000u\000r\000e\000\040\000a\000n\000d\000\040\000t\000h\000e\000\040\000G\000r\000a\000m\000m\000a\000r\000\040\000o\000f\000\040\000E\000s\000c\000a\000p\000e}{chapter.3}% 38
\BOOKMARK [1][-]{section.3.2}{\376\377\000A\000\040\000S\000t\000a\000t\000e\000\040\000C\000a\000n\000\040\000M\000o\000v\000e\000\040\000W\000h\000i\000l\000e\000\040\000a\000\040\000R\000e\000l\000a\000t\000i\000o\000n\000\040\000P\000e\000r\000s\000i\000s\000t\000s}{chapter.3}% 39
\BOOKMARK [1][-]{section.3.3}{\376\377\000T\000h\000e\000\040\000P\000o\000r\000t\000a\000b\000l\000e\000\040\000W\000o\000r\000l\000d}{chapter.3}% 40
\BOOKMARK [1][-]{section.3.4}{\376\377\000L\000o\000s\000s\000\040\000I\000n\000c\000r\000e\000a\000s\000e\000s\000\040\000I\000n\000f\000o\000r\000m\000a\000t\000i\000o\000n\000a\000l\000\040\000V\000a\000l\000u\000e}{chapter.3}% 41
\BOOKMARK [1][-]{section.3.5}{\376\377\000T\000h\000e\000\040\000E\000s\000c\000a\000p\000e\000\040\000F\000r\000o\000m\000\040\000N\000a\000t\000u\000r\000e\000\040\000P\000r\000o\000d\000u\000c\000e\000s\000\040\000D\000e\000p\000e\000n\000d\000e\000n\000c\000e\000\040\000o\000n\000\040\000R\000e\000p\000r\000e\000s\000e\000n\000t\000a\000t\000i\000o\000n}{chapter.3}% 42
\BOOKMARK [1][-]{section.3.6}{\376\377\000T\000h\000e\000\040\000H\000i\000s\000t\000o\000r\000i\000c\000a\000l\000\040\000S\000t\000a\000t\000e\000\040\000V\000a\000r\000i\000a\000b\000l\000e}{chapter.3}% 43
\BOOKMARK [1][-]{section.3.7}{\376\377\000T\000h\000e\000r\000e\000\040\000I\000s\000\040\000N\000o\000\040\000S\000o\000c\000i\000a\000l\000\040\000R\000e\000s\000e\000t\000\040\000B\000u\000t\000t\000o\000n}{chapter.3}% 44
\BOOKMARK [1][-]{section.3.8}{\376\377\000M\000i\000g\000r\000a\000t\000i\000o\000n\000\040\000a\000s\000\040\000S\000e\000l\000e\000c\000t\000i\000v\000e\000\040\000C\000o\000n\000t\000i\000n\000u\000a\000t\000i\000o\000n}{chapter.3}% 45
\BOOKMARK [1][-]{section.3.9}{\376\377\000T\000h\000e\000\040\000C\000l\000o\000s\000e\000d\000\040\000R\000e\000a\000c\000h\000a\000b\000i\000l\000i\000t\000y\000\040\000L\000o\000o\000p}{chapter.3}% 46
\BOOKMARK [1][-]{section.3.10}{\376\377\000T\000h\000e\000\040\000S\000o\000c\000i\000o\000l\000o\000g\000y\000\040\000o\000f\000\040\000t\000h\000e\000\040\000R\000e\000m\000a\000i\000n\000i\000n\000g\000\040\000D\000i\000f\000f\000e\000r\000e\000n\000c\000e}{chapter.3}% 47
\BOOKMARK [1][-]{section.3.11}{\376\377\000T\000h\000e\000\040\000M\000i\000r\000r\000o\000r\000\040\000a\000t\000\040\000t\000h\000e\000\040\000W\000i\000n\000d\000o\000w}{chapter.3}% 48
\BOOKMARK [1][-]{section.3.12}{\376\377\000C\000l\000o\000s\000u\000r\000e\000\040\000D\000o\000e\000s\000\040\000N\000o\000t\000\040\000M\000e\000a\000n\000\040\000S\000i\000l\000e\000n\000c\000e}{chapter.3}% 49
\BOOKMARK [1][-]{section.3.13}{\376\377\000K\000n\000o\000w\000l\000e\000d\000g\000e\000\040\000W\000i\000t\000h\000o\000u\000t\000\040\000E\000x\000i\000t}{chapter.3}% 50
\BOOKMARK [1][-]{section.3.14}{\376\377\000T\000h\000e\000\040\000G\000r\000e\000a\000t\000\040\000E\000s\000c\000a\000p\000e\000\040\000a\000s\000\040\000I\000d\000e\000o\000l\000o\000g\000y}{chapter.3}% 51
\BOOKMARK [1][-]{section.3.15}{\376\377\000T\000h\000e\000\040\000H\000i\000s\000t\000o\000r\000i\000c\000a\000l\000\040\000C\000o\000n\000t\000i\000n\000u\000a\000t\000i\000o\000n\000\040\000C\000o\000n\000s\000t\000r\000a\000i\000n\000t}{chapter.3}% 52
\BOOKMARK [1][-]{section.3.16}{\376\377\000T\000h\000e\000\040\000E\000s\000c\000a\000p\000e\000\040\000P\000a\000r\000a\000d\000o\000x}{chapter.3}% 53
\BOOKMARK [1][-]{section.3.17}{\376\377\000A\000\040\000M\000o\000t\000h\000\040\000t\000o\000\040\000a\000\040\000F\000l\000a\000m\000e}{chapter.3}% 54
\BOOKMARK [1][-]{section.3.18}{\376\377\000T\000h\000e\000\040\000P\000r\000e\000s\000e\000r\000v\000a\000t\000i\000o\000n\000\040\000o\000f\000\040\000E\000a\000r\000t\000h\000\040\000T\000h\000r\000o\000u\000g\000h\000\040\000L\000o\000s\000s}{chapter.3}% 55
\BOOKMARK [1][-]{section.3.19}{\376\377\000F\000o\000r\000m\000a\000l\000\040\000R\000e\000s\000u\000l\000t\000:\000\040\000T\000h\000e\000\040\000N\000o\000n\000-\000E\000q\000u\000i\000v\000a\000l\000e\000n\000c\000e\000\040\000o\000f\000\040\000D\000i\000s\000t\000a\000n\000c\000e\000\040\000a\000n\000d\000\040\000E\000s\000c\000a\000p\000e}{chapter.3}% 56
\BOOKMARK [1][-]{section.3.20}{\376\377\000T\000h\000e\000\040\000S\000h\000i\000p\000\040\000A\000f\000t\000e\000r\000\040\000E\000s\000c\000a\000p\000e}{chapter.3}% 57
\BOOKMARK [0][-]{chapter.4}{\376\377\000T\000h\000e\000\040\000A\000c\000c\000i\000d\000e\000n\000t\000:\000\040\000W\000h\000e\000n\000\040\000t\000h\000e\000\040\000R\000e\000a\000c\000h\000a\000b\000l\000e\000\040\000F\000u\000t\000u\000r\000e\000\040\000C\000o\000l\000l\000a\000p\000s\000e\000s}{}% 58
\BOOKMARK [1][-]{section.4.1}{\376\377\000T\000h\000e\000\040\000E\000v\000e\000n\000t\000\040\000a\000n\000d\000\040\000I\000t\000s\000\040\000R\000e\000c\000o\000g\000n\000i\000t\000i\000o\000n}{chapter.4}% 59
\BOOKMARK [1][-]{section.4.2}{\376\377\000T\000h\000e\000\040\000E\000p\000i\000s\000t\000e\000m\000i\000c\000\040\000D\000e\000l\000a\000y}{chapter.4}% 60
\BOOKMARK [1][-]{section.4.3}{\376\377\000T\000h\000e\000\040\000D\000i\000a\000g\000n\000o\000s\000t\000i\000c\000\040\000B\000o\000u\000n\000d\000a\000r\000y}{chapter.4}% 61
\BOOKMARK [1][-]{section.4.4}{\376\377\000T\000h\000e\000\040\000F\000i\000r\000s\000t\000\040\000H\000o\000p\000e\000:\000\040\000E\000r\000r\000o\000r\000\040\000i\000n\000\040\000t\000h\000e\000\040\000D\000i\000a\000g\000n\000o\000s\000i\000s}{chapter.4}% 62
\BOOKMARK [1][-]{section.4.5}{\376\377\000H\000o\000p\000e\000\040\000a\000s\000\040\000a\000\040\000R\000e\000a\000c\000h\000a\000b\000i\000l\000i\000t\000y\000\040\000C\000l\000a\000i\000m}{chapter.4}% 63
\BOOKMARK [1][-]{section.4.6}{\376\377\000D\000e\000n\000i\000a\000l\000\040\000a\000s\000\040\000T\000e\000m\000p\000o\000r\000a\000r\000y\000\040\000R\000e\000a\000c\000h\000a\000b\000i\000l\000i\000t\000y\000\040\000P\000r\000e\000s\000e\000r\000v\000a\000t\000i\000o\000n}{chapter.4}% 64
\BOOKMARK [1][-]{section.4.7}{\376\377\000T\000r\000u\000t\000h\000\040\000H\000a\000s\000\040\000a\000\040\000R\000a\000t\000e\000\040\000o\000f\000\040\000A\000b\000s\000o\000r\000p\000t\000i\000o\000n}{chapter.4}% 65
\BOOKMARK [1][-]{section.4.8}{\376\377\000I\000n\000s\000t\000i\000t\000u\000t\000i\000o\000n\000a\000l\000\040\000T\000r\000u\000t\000h\000\040\000a\000n\000d\000\040\000E\000x\000i\000s\000t\000e\000n\000t\000i\000a\000l\000\040\000T\000r\000u\000t\000h}{chapter.4}% 66
\BOOKMARK [1][-]{section.4.9}{\376\377\000A\000u\000t\000h\000o\000r\000i\000t\000y\000\040\000a\000n\000d\000\040\000t\000h\000e\000\040\000C\000o\000n\000t\000r\000o\000l\000\040\000o\000f\000\040\000R\000e\000a\000c\000h\000a\000b\000i\000l\000i\000t\000y\000\040\000I\000n\000f\000o\000r\000m\000a\000t\000i\000o\000n}{chapter.4}% 67
\BOOKMARK [1][-]{section.4.10}{\376\377\000E\000p\000i\000s\000t\000e\000m\000i\000c\000\040\000P\000a\000t\000e\000r\000n\000a\000l\000i\000s\000m}{chapter.4}% 68
\BOOKMARK [1][-]{section.4.11}{\376\377\000R\000u\000m\000o\000r\000\040\000a\000s\000\040\000D\000i\000s\000t\000r\000i\000b\000u\000t\000e\000d\000\040\000R\000e\000a\000c\000h\000a\000b\000i\000l\000i\000t\000y\000\040\000M\000o\000d\000e\000l\000i\000n\000g}{chapter.4}% 69
\BOOKMARK [1][-]{section.4.12}{\376\377\000C\000o\000m\000m\000o\000n\000\040\000F\000u\000t\000u\000r\000e\000s\000\040\000a\000s\000\040\000C\000o\000o\000r\000d\000i\000n\000a\000t\000i\000o\000n\000\040\000I\000n\000f\000r\000a\000s\000t\000r\000u\000c\000t\000u\000r\000e}{chapter.4}% 70
\BOOKMARK [1][-]{section.4.13}{\376\377\000T\000h\000e\000\040\000C\000o\000l\000l\000a\000p\000s\000e\000\040\000o\000f\000\040\000t\000h\000e\000\040\000S\000h\000a\000r\000e\000d\000\040\000H\000o\000r\000i\000z\000o\000n}{chapter.4}% 71
\BOOKMARK [1][-]{section.4.14}{\376\377\000T\000e\000l\000e\000o\000l\000o\000g\000i\000c\000a\000l\000\040\000D\000e\000b\000t}{chapter.4}% 72
\BOOKMARK [1][-]{section.4.15}{\376\377\000F\000r\000o\000m\000\040\000E\000m\000e\000r\000g\000e\000n\000c\000y\000\040\000t\000o\000\040\000C\000o\000n\000d\000i\000t\000i\000o\000n}{chapter.4}% 73
\BOOKMARK [1][-]{section.4.16}{\376\377\000I\000r\000r\000e\000v\000e\000r\000s\000i\000b\000i\000l\000i\000t\000y}{chapter.4}% 74
\BOOKMARK [1][-]{section.4.17}{\376\377\000T\000h\000e\000\040\000R\000e\000a\000c\000h\000a\000b\000i\000l\000i\000t\000y\000\040\000S\000h\000o\000c\000k}{chapter.4}% 75
\BOOKMARK [1][-]{section.4.18}{\376\377\000R\000e\000a\000c\000h\000a\000b\000i\000l\000i\000t\000y\000\040\000S\000h\000o\000c\000k\000\040\000a\000n\000d\000\040\000S\000o\000c\000i\000a\000l\000\040\000E\000n\000t\000r\000o\000p\000y}{chapter.4}% 76
\BOOKMARK [1][-]{section.4.19}{\376\377\000T\000h\000e\000\040\000R\000e\000p\000a\000i\000r\000\040\000o\000f\000\040\000E\000x\000p\000e\000c\000t\000a\000t\000i\000o\000n}{chapter.4}% 77
\BOOKMARK [1][-]{section.4.20}{\376\377\000F\000o\000r\000m\000a\000l\000\040\000R\000e\000s\000u\000l\000t\000:\000\040\000T\000h\000e\000\040\000R\000e\000p\000r\000e\000s\000e\000n\000t\000a\000t\000i\000o\000n\000\040\000L\000a\000g\000\040\000P\000r\000o\000p\000o\000s\000i\000t\000i\000o\000n}{chapter.4}% 78
\BOOKMARK [1][-]{section.4.21}{\376\377\000F\000o\000r\000m\000a\000l\000\040\000R\000e\000s\000u\000l\000t\000:\000\040\000T\000h\000e\000\040\000F\000u\000t\000u\000r\000e\000-\000S\000u\000p\000p\000o\000r\000t\000\040\000P\000r\000o\000p\000o\000s\000i\000t\000i\000o\000n}{chapter.4}% 79
\BOOKMARK [1][-]{section.4.22}{\376\377\000F\000o\000r\000m\000a\000l\000\040\000R\000e\000s\000u\000l\000t\000:\000\040\000T\000h\000e\000\040\000E\000m\000e\000r\000g\000e\000n\000c\000y\000\040\000N\000o\000r\000m\000a\000l\000i\000z\000a\000t\000i\000o\000n\000\040\000P\000r\000o\000p\000o\000s\000i\000t\000i\000o\000n}{chapter.4}% 80
\BOOKMARK [1][-]{section.4.23}{\376\377\000T\000h\000e\000\040\000M\000o\000m\000e\000n\000t\000\040\000A\000f\000t\000e\000r\000\040\000t\000h\000e\000\040\000F\000u\000t\000u\000r\000e}{chapter.4}% 81
\BOOKMARK [0][-]{chapter.5}{\376\377\000G\000o\000v\000e\000r\000n\000m\000e\000n\000t\000\040\000W\000i\000t\000h\000o\000u\000t\000\040\000S\000t\000e\000e\000r\000i\000n\000g}{}% 82
\BOOKMARK [1][-]{section.5.1}{\376\377\000T\000h\000e\000\040\000P\000o\000l\000i\000t\000i\000c\000a\000l\000\040\000P\000a\000r\000a\000d\000o\000x\000\040\000o\000f\000\040\000t\000h\000e\000\040\000L\000o\000s\000t\000\040\000S\000h\000i\000p}{chapter.5}% 83
\BOOKMARK [1][-]{section.5.2}{\376\377\000P\000o\000w\000e\000r\000\040\000M\000u\000s\000t\000\040\000B\000e\000\040\000I\000n\000d\000e\000x\000e\000d}{chapter.5}% 84
\BOOKMARK [1][-]{section.5.3}{\376\377\000S\000t\000e\000e\000r\000i\000n\000g\000\040\000a\000n\000d\000\040\000R\000e\000g\000u\000l\000a\000t\000i\000o\000n}{chapter.5}% 85
\BOOKMARK [1][-]{section.5.4}{\376\377\000T\000h\000e\000\040\000P\000e\000r\000s\000i\000s\000t\000e\000n\000c\000e\000\040\000o\000f\000\040\000C\000o\000m\000m\000a\000n\000d}{chapter.5}% 86
\BOOKMARK [1][-]{section.5.5}{\376\377\000F\000r\000o\000m\000\040\000N\000a\000v\000i\000g\000a\000t\000i\000o\000n\000\040\000t\000o\000\040\000A\000d\000m\000i\000n\000i\000s\000t\000r\000a\000t\000i\000o\000n}{chapter.5}% 87
\BOOKMARK [1][-]{section.5.6}{\376\377\000O\000p\000e\000r\000a\000t\000i\000o\000n\000a\000l\000\040\000T\000h\000e\000a\000t\000e\000r}{chapter.5}% 88
\BOOKMARK [1][-]{section.5.7}{\376\377\000E\000v\000i\000d\000e\000n\000c\000e\000\040\000O\000v\000e\000r\000\040\000T\000h\000e\000a\000t\000e\000r}{chapter.5}% 89
\BOOKMARK [1][-]{section.5.8}{\376\377\000T\000h\000e\000\040\000P\000o\000l\000i\000t\000i\000c\000s\000\040\000o\000f\000\040\000A\000d\000m\000i\000t\000t\000i\000n\000g\000\040\000P\000o\000w\000e\000r\000l\000e\000s\000s\000n\000e\000s\000s}{chapter.5}% 90
\BOOKMARK [1][-]{section.5.9}{\376\377\000C\000o\000n\000s\000t\000i\000t\000u\000t\000i\000o\000n\000a\000l\000\040\000C\000y\000b\000e\000r\000n\000e\000t\000i\000c\000s}{chapter.5}% 91
\BOOKMARK [1][-]{section.5.10}{\376\377\000T\000h\000e\000\040\000P\000e\000r\000m\000a\000n\000e\000n\000t\000\040\000E\000m\000e\000r\000g\000e\000n\000c\000y\000\040\000P\000r\000o\000b\000l\000e\000m}{chapter.5}% 92
\BOOKMARK [1][-]{section.5.11}{\376\377\000T\000h\000e\000\040\000C\000o\000n\000t\000r\000o\000l\000\040\000o\000f\000\040\000B\000o\000d\000i\000e\000s\000\040\000W\000h\000e\000n\000\040\000t\000h\000e\000\040\000S\000h\000i\000p\000\040\000C\000a\000n\000n\000o\000t\000\040\000B\000e\000\040\000C\000o\000n\000t\000r\000o\000l\000l\000e\000d}{chapter.5}% 93
\BOOKMARK [1][-]{section.5.12}{\376\377\000F\000o\000u\000c\000a\000u\000l\000t\000\040\000i\000n\000\040\000D\000e\000e\000p\000\040\000S\000p\000a\000c\000e}{chapter.5}% 94
\BOOKMARK [1][-]{section.5.13}{\376\377\000A\000u\000t\000h\000o\000r\000i\000t\000y\000\040\000a\000s\000\040\000a\000\040\000P\000e\000r\000s\000i\000s\000t\000e\000n\000t\000\040\000D\000i\000s\000t\000i\000n\000c\000t\000i\000o\000n}{chapter.5}% 95
\BOOKMARK [1][-]{section.5.14}{\376\377\000L\000e\000g\000i\000t\000i\000m\000a\000c\000y\000\040\000a\000s\000\040\000C\000o\000r\000r\000e\000s\000p\000o\000n\000d\000e\000n\000c\000e\000\040\000B\000e\000t\000w\000e\000e\000n\000\040\000C\000l\000a\000i\000m\000\040\000a\000n\000d\000\040\000C\000a\000p\000a\000c\000i\000t\000y}{chapter.5}% 96
\BOOKMARK [1][-]{section.5.15}{\376\377\000A\000s\000k\000\040\000R\000a\000t\000h\000e\000r\000\040\000T\000h\000a\000n\000\040\000S\000i\000l\000e\000n\000t\000\040\000A\000l\000l\000o\000w}{chapter.5}% 97
\BOOKMARK [1][-]{section.5.16}{\376\377\000T\000h\000e\000\040\000R\000e\000p\000a\000i\000r\000\040\000W\000a\000r\000r\000a\000n\000t}{chapter.5}% 98
\BOOKMARK [1][-]{section.5.17}{\376\377\000I\000n\000s\000t\000i\000t\000u\000t\000i\000o\000n\000a\000l\000\040\000S\000e\000l\000f\000-\000P\000r\000e\000s\000e\000r\000v\000a\000t\000i\000o\000n}{chapter.5}% 99
\BOOKMARK [1][-]{section.5.18}{\376\377\000W\000e\000b\000e\000r\000\040\000a\000n\000d\000\040\000t\000h\000e\000\040\000S\000u\000r\000v\000i\000v\000a\000l\000\040\000o\000f\000\040\000O\000f\000f\000i\000c\000e}{chapter.5}% 100
\BOOKMARK [1][-]{section.5.19}{\376\377\000T\000h\000e\000\040\000C\000a\000p\000t\000a\000i\000n\000\040\000a\000s\000\040\000S\000y\000m\000b\000o\000l\000i\000c\000\040\000B\000o\000u\000n\000d\000a\000r\000y}{chapter.5}% 101
\BOOKMARK [1][-]{section.5.20}{\376\377\000A\000u\000t\000h\000o\000r\000i\000t\000y\000\040\000a\000s\000\040\000A\000n\000x\000i\000e\000t\000y\000\040\000R\000e\000g\000u\000l\000a\000t\000i\000o\000n}{chapter.5}% 102
\BOOKMARK [1][-]{section.5.21}{\376\377\000P\000o\000w\000e\000r\000\040\000S\000u\000r\000v\000i\000v\000e\000s\000\040\000A\000g\000e\000n\000c\000y}{chapter.5}% 103
\BOOKMARK [1][-]{section.5.22}{\376\377\000F\000o\000r\000m\000a\000l\000\040\000R\000e\000s\000u\000l\000t\000:\000\040\000T\000h\000e\000\040\000C\000o\000n\000t\000r\000o\000l\000\040\000M\000i\000g\000r\000a\000t\000i\000o\000n\000\040\000P\000r\000i\000n\000c\000i\000p\000l\000e}{chapter.5}% 104
\BOOKMARK [1][-]{section.5.23}{\376\377\000F\000o\000r\000m\000a\000l\000\040\000R\000e\000s\000u\000l\000t\000:\000\040\000T\000h\000e\000\040\000I\000n\000s\000t\000i\000t\000u\000t\000i\000o\000n\000a\000l\000\040\000P\000e\000r\000s\000i\000s\000t\000e\000n\000c\000e\000\040\000T\000h\000e\000o\000r\000e\000m}{chapter.5}% 105
\BOOKMARK [1][-]{section.5.24}{\376\377\000F\000o\000r\000m\000a\000l\000\040\000R\000e\000s\000u\000l\000t\000:\000\040\000T\000h\000e\000\040\000C\000l\000a\000i\000m\040\023\000C\000a\000p\000a\000c\000i\000t\000y\000\040\000C\000o\000n\000s\000t\000r\000a\000i\000n\000t}{chapter.5}% 106
\BOOKMARK [1][-]{section.5.25}{\376\377\000T\000h\000e\000\040\000C\000o\000n\000s\000t\000i\000t\000u\000t\000i\000o\000n\000a\000l\000\040\000P\000r\000o\000b\000l\000e\000m\000\040\000o\000f\000\040\000A\000n\000i\000a\000r\000a}{chapter.5}% 107
\BOOKMARK [1][-]{section.5.26}{\376\377\000T\000h\000e\000\040\000G\000o\000v\000e\000r\000n\000m\000e\000n\000t\000\040\000o\000f\000\040\000t\000h\000e\000\040\000R\000e\000m\000a\000i\000n\000i\000n\000g\000\040\000W\000o\000r\000l\000d}{chapter.5}% 108
\BOOKMARK [0][-]{chapter.6}{\376\377\000T\000h\000e\000\040\000R\000e\000d\000i\000s\000t\000r\000i\000b\000u\000t\000i\000o\000n\000\040\000o\000f\000\040\000S\000c\000a\000r\000c\000i\000t\000y}{}% 109
\BOOKMARK [1][-]{section.6.1}{\376\377\000E\000q\000u\000a\000l\000i\000t\000y\000\040\000B\000e\000f\000o\000r\000e\000\040\000t\000h\000e\000\040\000U\000n\000r\000e\000a\000c\000h\000a\000b\000l\000e}{chapter.6}% 110
\BOOKMARK [1][-]{section.6.2}{\376\377\000R\000e\000s\000o\000u\000r\000c\000e\000s\000\040\000M\000a\000t\000t\000e\000r\000\040\000B\000e\000c\000a\000u\000s\000e\000\040\000T\000h\000e\000y\000\040\000O\000p\000e\000n\000\040\000F\000u\000t\000u\000r\000e\000s}{chapter.6}% 111
\BOOKMARK [1][-]{section.6.3}{\376\377\000T\000h\000e\000\040\000C\000o\000l\000l\000a\000p\000s\000e\000\040\000o\000f\000\040\000C\000o\000n\000v\000e\000r\000t\000i\000b\000i\000l\000i\000t\000y}{chapter.6}% 112
\BOOKMARK [1][-]{section.6.4}{\376\377\000T\000h\000e\000\040\000R\000e\000a\000c\000h\000a\000b\000i\000l\000i\000t\000y\000\040\000G\000r\000a\000p\000h}{chapter.6}% 113
\BOOKMARK [1][-]{section.6.5}{\376\377\000F\000i\000s\000c\000a\000l\000\040\000R\000e\000a\000c\000h\000a\000b\000i\000l\000i\000t\000y}{chapter.6}% 114
\BOOKMARK [1][-]{section.6.6}{\376\377\000T\000h\000e\000\040\000U\000n\000i\000v\000e\000r\000s\000a\000l\000\040\000C\000o\000n\000s\000t\000r\000a\000i\000n\000t}{chapter.6}% 115
\BOOKMARK [1][-]{section.6.7}{\376\377\000S\000c\000a\000r\000c\000i\000t\000y\000\040\000M\000i\000g\000r\000a\000t\000e\000s}{chapter.6}% 116
\BOOKMARK [1][-]{section.6.8}{\376\377\000P\000r\000i\000v\000a\000c\000y\000\040\000i\000n\000\040\000a\000\040\000C\000l\000o\000s\000e\000d\000\040\000W\000o\000r\000l\000d}{chapter.6}% 117
\BOOKMARK [1][-]{section.6.9}{\376\377\000E\000x\000i\000t\000,\000\040\000V\000o\000i\000c\000e\000,\000\040\000a\000n\000d\000\040\000t\000h\000e\000\040\000C\000l\000o\000s\000e\000d\000\040\000S\000h\000i\000p}{chapter.6}% 118
\BOOKMARK [1][-]{section.6.10}{\376\377\000I\000n\000f\000o\000r\000m\000a\000t\000i\000o\000n\000\040\000a\000s\000\040\000a\000\040\000S\000c\000a\000r\000c\000e\000\040\000R\000e\000s\000o\000u\000r\000c\000e}{chapter.6}% 119
\BOOKMARK [1][-]{section.6.11}{\376\377\000E\000p\000i\000s\000t\000e\000m\000i\000c\000\040\000W\000e\000a\000l\000t\000h}{chapter.6}% 120
\BOOKMARK [1][-]{section.6.12}{\376\377\000M\000i\000m\000a\000\040\000a\000s\000\040\000E\000x\000p\000e\000r\000i\000e\000n\000t\000i\000a\000l\000\040\000W\000e\000a\000l\000t\000h}{chapter.6}% 121
\BOOKMARK [1][-]{section.6.13}{\376\377\000R\000e\000c\000o\000g\000n\000i\000t\000i\000o\000n\000\040\000a\000s\000\040\000a\000\040\000C\000l\000o\000s\000e\000d\000-\000S\000y\000s\000t\000e\000m\000\040\000G\000o\000o\000d}{chapter.6}% 122
\BOOKMARK [1][-]{section.6.14}{\376\377\000I\000n\000t\000i\000m\000a\000c\000y\000\040\000a\000s\000\040\000R\000e\000a\000c\000h\000a\000b\000i\000l\000i\000t\000y}{chapter.6}% 123
\BOOKMARK [1][-]{section.6.15}{\376\377\000R\000e\000p\000r\000o\000d\000u\000c\000t\000i\000o\000n\000\040\000a\000n\000d\000\040\000t\000h\000e\000\040\000T\000e\000m\000p\000o\000r\000a\000l\000\040\000R\000e\000a\000c\000h\000a\000b\000i\000l\000i\000t\000y\000\040\000F\000i\000e\000l\000d}{chapter.6}% 124
\BOOKMARK [1][-]{section.6.16}{\376\377\000S\000c\000a\000r\000c\000i\000t\000y\000\040\000o\000f\000\040\000N\000o\000v\000e\000l\000t\000y}{chapter.6}% 125
\BOOKMARK [1][-]{section.6.17}{\376\377\000T\000h\000e\000\040\000E\000c\000o\000n\000o\000m\000i\000c\000s\000\040\000o\000f\000\040\000A\000t\000t\000e\000n\000t\000i\000o\000n}{chapter.6}% 126
\BOOKMARK [1][-]{section.6.18}{\376\377\000F\000r\000o\000m\000\040\000M\000a\000t\000e\000r\000i\000a\000l\000\040\000S\000c\000a\000r\000c\000i\000t\000y\000\040\000t\000o\000\040\000O\000n\000t\000o\000l\000o\000g\000i\000c\000a\000l\000\040\000S\000c\000a\000r\000c\000i\000t\000y}{chapter.6}% 127
\BOOKMARK [1][-]{section.6.19}{\376\377\000T\000h\000e\000\040\000R\000e\000d\000i\000s\000t\000r\000i\000b\000u\000t\000i\000o\000n\000\040\000o\000f\000\040\000R\000i\000s\000k}{chapter.6}% 128
\BOOKMARK [1][-]{section.6.20}{\376\377\000T\000h\000e\000\040\000C\000o\000m\000p\000r\000e\000s\000s\000i\000o\000n\000\040\000o\000f\000\040\000C\000l\000a\000s\000s\000\040\000W\000i\000t\000h\000o\000u\000t\000\040\000t\000h\000e\000\040\000E\000n\000d\000\040\000o\000f\000\040\000H\000i\000e\000r\000a\000r\000c\000h\000y}{chapter.6}% 129
\BOOKMARK [1][-]{section.6.21}{\376\377\000C\000a\000p\000i\000t\000a\000l\000\040\000a\000s\000\040\000S\000t\000o\000r\000e\000d\000\040\000O\000p\000t\000i\000o\000n\000a\000l\000i\000t\000y}{chapter.6}% 130
\BOOKMARK [1][-]{section.6.22}{\376\377\000T\000h\000e\000\040\000R\000e\000a\000c\000h\000a\000b\000i\000l\000i\000t\000y\000\040\000G\000i\000n\000i}{chapter.6}% 131
\BOOKMARK [1][-]{section.6.23}{\376\377\000T\000h\000e\000\040\000S\000c\000a\000r\000c\000i\000t\000y\000\040\000M\000i\000g\000r\000a\000t\000i\000o\000n\000\040\000P\000r\000i\000n\000c\000i\000p\000l\000e}{chapter.6}% 132
\BOOKMARK [1][-]{section.6.24}{\376\377\000T\000h\000e\000\040\000U\000n\000i\000v\000e\000r\000s\000a\000l\000\040\000C\000o\000n\000s\000t\000r\000a\000i\000n\000t\000\040\000P\000r\000o\000p\000o\000s\000i\000t\000i\000o\000n}{chapter.6}% 133
\BOOKMARK [1][-]{section.6.25}{\376\377\000T\000h\000e\000\040\000C\000a\000p\000i\000t\000a\000l\000\040\000R\000e\000v\000a\000l\000u\000a\000t\000i\000o\000n\000\040\000P\000r\000o\000p\000o\000s\000i\000t\000i\000o\000n}{chapter.6}% 134
\BOOKMARK [1][-]{section.6.26}{\376\377\000C\000a\000t\000a\000s\000t\000r\000o\000p\000h\000e\000\040\000a\000s\000\040\000R\000e\000v\000a\000l\000u\000a\000t\000i\000o\000n}{chapter.6}% 135
\BOOKMARK [1][-]{section.6.27}{\376\377\000F\000r\000o\000m\000\040\000S\000c\000a\000r\000c\000i\000t\000y\000\040\000t\000o\000\040\000S\000u\000b\000s\000t\000i\000t\000u\000t\000i\000o\000n}{chapter.6}% 136
\BOOKMARK [0][-]{chapter.7}{\376\377\000M\000i\000m\000a\000:\000\040\000T\000h\000e\000\040\000M\000a\000c\000h\000i\000n\000e\000\040\000T\000h\000a\000t\000\040\000R\000e\000p\000a\000i\000r\000s\000\040\000t\000h\000e\000\040\000W\000o\000r\000l\000d}{}% 137
\BOOKMARK [1][-]{section.7.1}{\376\377\000A\000\040\000T\000e\000c\000h\000n\000o\000l\000o\000g\000y\000\040\000f\000o\000r\000\040\000a\000n\000\040\000A\000b\000s\000e\000n\000t\000\040\000R\000e\000a\000l\000i\000t\000y}{chapter.7}% 138
\BOOKMARK [1][-]{section.7.2}{\376\377\000R\000e\000s\000t\000o\000r\000a\000t\000i\000o\000n\000\040\000a\000n\000d\000\040\000R\000e\000p\000a\000i\000r}{chapter.7}% 139
\BOOKMARK [1][-]{section.7.3}{\376\377\000T\000h\000e\000\040\000B\000r\000o\000k\000e\000n\000\040\000C\000o\000r\000r\000e\000s\000p\000o\000n\000d\000e\000n\000c\000e}{chapter.7}% 140
\BOOKMARK [1][-]{section.7.4}{\376\377\000R\000e\000p\000r\000e\000s\000e\000n\000t\000a\000t\000i\000o\000n\000\040\000U\000n\000d\000e\000r\000\040\000I\000r\000r\000e\000v\000e\000r\000s\000i\000b\000i\000l\000i\000t\000y}{chapter.7}% 141
\BOOKMARK [1][-]{section.7.5}{\376\377\000T\000h\000e\000\040\000M\000a\000c\000h\000i\000n\000e\000\040\000a\000s\000\040\000D\000i\000a\000g\000n\000o\000s\000t\000i\000c\000\040\000B\000o\000u\000n\000d\000a\000r\000y}{chapter.7}% 142
\BOOKMARK [1][-]{section.7.6}{\376\377\000A\000\040\000M\000a\000c\000h\000i\000n\000e\000\040\000B\000e\000t\000w\000e\000e\000n\000\040\000T\000r\000u\000t\000h\000\040\000a\000n\000d\000\040\000V\000i\000a\000b\000i\000l\000i\000t\000y}{chapter.7}% 143
\BOOKMARK [1][-]{section.7.7}{\376\377\000T\000h\000e\000\040\000M\000i\000m\000a\000\040\000a\000s\000\040\000M\000e\000m\000o\000r\000y\000\040\000I\000n\000f\000r\000a\000s\000t\000r\000u\000c\000t\000u\000r\000e}{chapter.7}% 144
\BOOKMARK [1][-]{section.7.8}{\376\377\000R\000e\000d\000u\000n\000d\000a\000n\000c\000y\000\040\000a\000n\000d\000\040\000C\000i\000v\000i\000l\000i\000z\000a\000t\000i\000o\000n\000a\000l\000\040\000M\000e\000m\000o\000r\000y}{chapter.7}% 145
\BOOKMARK [1][-]{section.7.9}{\376\377\000M\000e\000m\000o\000r\000y\000\040\000I\000s\000\040\000S\000e\000l\000e\000c\000t\000i\000v\000e}{chapter.7}% 146
\BOOKMARK [1][-]{section.7.10}{\376\377\000T\000h\000e\000\040\000P\000o\000l\000i\000t\000i\000c\000s\000\040\000o\000f\000\040\000t\000h\000e\000\040\000A\000r\000c\000h\000i\000v\000e}{chapter.7}% 147
\BOOKMARK [1][-]{section.7.11}{\376\377\000W\000h\000e\000n\000\040\000t\000h\000e\000\040\000M\000a\000p\000\040\000B\000e\000c\000o\000m\000e\000s\000\040\000t\000h\000e\000\040\000S\000o\000u\000r\000c\000e}{chapter.7}% 148
\BOOKMARK [1][-]{section.7.12}{\376\377\000F\000r\000o\000m\000\040\000I\000n\000t\000e\000r\000f\000a\000c\000e\000\040\000t\000o\000\040\000I\000n\000s\000t\000i\000t\000u\000t\000i\000o\000n}{chapter.7}% 149
\BOOKMARK [1][-]{section.7.13}{\376\377\000T\000e\000c\000h\000n\000o\000l\000o\000g\000i\000c\000a\000l\000\040\000C\000h\000a\000r\000i\000s\000m\000a}{chapter.7}% 150
\BOOKMARK [1][-]{section.7.14}{\376\377\000M\000i\000m\000a\000\040\000a\000n\000d\000\040\000t\000h\000e\000\040\000P\000r\000o\000d\000u\000c\000t\000i\000o\000n\000\040\000o\000f\000\040\000P\000r\000e\000s\000e\000n\000c\000e}{chapter.7}% 151
\BOOKMARK [1][-]{section.7.15}{\376\377\000S\000i\000m\000u\000l\000a\000t\000i\000o\000n\000\040\000I\000s\000\040\000N\000o\000t\000\040\000N\000o\000t\000h\000i\000n\000g}{chapter.7}% 152
\BOOKMARK [1][-]{section.7.16}{\376\377\000S\000u\000b\000s\000t\000i\000t\000u\000t\000i\000o\000n\000\040\000W\000i\000t\000h\000o\000u\000t\000\040\000E\000q\000u\000i\000v\000a\000l\000e\000n\000c\000e}{chapter.7}% 153
\BOOKMARK [1][-]{section.7.17}{\376\377\000T\000h\000e\000\040\000D\000a\000n\000g\000e\000r\000\040\000o\000f\000\040\000S\000u\000c\000c\000e\000s\000s\000f\000u\000l\000\040\000S\000u\000b\000s\000t\000i\000t\000u\000t\000i\000o\000n}{chapter.7}% 154
\BOOKMARK [1][-]{section.7.18}{\376\377\000M\000i\000m\000a\000\040\000a\000n\000d\000\040\000t\000h\000e\000\040\000R\000e\000p\000a\000i\000r\000\040\000W\000a\000r\000r\000a\000n\000t}{chapter.7}% 155
\BOOKMARK [1][-]{section.7.19}{\376\377\000T\000h\000e\000\040\000W\000i\000e\000l\000d\000e\000r\000\040\000o\000f\000\040\000I\000l\000l\000u\000s\000i\000o\000n\000s}{chapter.7}% 156
\BOOKMARK [1][-]{section.7.20}{\376\377\000I\000m\000a\000g\000i\000n\000a\000t\000i\000o\000n\000\040\000a\000s\000\040\000R\000e\000a\000c\000h\000a\000b\000i\000l\000i\000t\000y}{chapter.7}% 157
\BOOKMARK [1][-]{section.7.21}{\376\377\000T\000h\000e\000\040\000R\000e\000p\000r\000e\000s\000e\000n\000t\000a\000t\000i\000o\000n\000a\000l\000\040\000R\000e\000a\000c\000h\000a\000b\000i\000l\000i\000t\000y\000\040\000G\000a\000p}{chapter.7}% 158
\BOOKMARK [1][-]{section.7.22}{\376\377\000T\000h\000e\000\040\000E\000c\000o\000l\000o\000g\000y\000\040\000o\000f\000\040\000R\000e\000p\000r\000e\000s\000e\000n\000t\000a\000t\000i\000o\000n\000s}{chapter.7}% 159
\BOOKMARK [1][-]{section.7.23}{\376\377\000F\000r\000o\000m\000\040\000R\000e\000p\000r\000e\000s\000e\000n\000t\000a\000t\000i\000o\000n\000\040\000t\000o\000\040\000S\000a\000c\000r\000e\000d\000\040\000M\000e\000d\000i\000a\000t\000i\000o\000n}{chapter.7}% 160
\BOOKMARK [1][-]{section.7.24}{\376\377\000D\000u\000r\000k\000h\000e\000i\000m\000\040\000a\000n\000d\000\040\000t\000h\000e\000\040\000M\000a\000c\000h\000i\000n\000e}{chapter.7}% 161
\BOOKMARK [1][-]{section.7.25}{\376\377\000R\000e\000c\000u\000r\000s\000i\000v\000e\000\040\000R\000e\000p\000a\000i\000r\000\040\000a\000n\000d\000\040\000I\000d\000e\000n\000t\000i\000t\000y}{chapter.7}% 162
\BOOKMARK [1][-]{section.7.26}{\376\377\000T\000h\000e\000\040\000B\000u\000r\000d\000e\000n\000\040\000o\000f\000\040\000t\000h\000e\000\040\000M\000e\000d\000i\000a\000t\000o\000r}{chapter.7}% 163
\BOOKMARK [1][-]{section.7.27}{\376\377\000T\000h\000e\000\040\000I\000m\000p\000o\000s\000s\000i\000b\000l\000e\000\040\000R\000e\000p\000a\000i\000r}{chapter.7}% 164
\BOOKMARK [1][-]{section.7.28}{\376\377\000M\000i\000m\000a\000\040\000a\000s\000\040\000a\000n\000\040\000A\000l\000i\000g\000n\000m\000e\000n\000t\000\040\000P\000r\000o\000b\000l\000e\000m}{chapter.7}% 165
\BOOKMARK [1][-]{section.7.29}{\376\377\000F\000o\000r\000m\000a\000l\000\040\000R\000e\000s\000u\000l\000t\000:\000\040\000T\000h\000e\000\040\000R\000e\000p\000r\000e\000s\000e\000n\000t\000a\000t\000i\000o\000n\000a\000l\000\040\000R\000e\000p\000a\000i\000r\000\040\000P\000r\000o\000p\000o\000s\000i\000t\000i\000o\000n}{chapter.7}% 166
\BOOKMARK [1][-]{section.7.30}{\376\377\000F\000o\000r\000m\000a\000l\000\040\000R\000e\000s\000u\000l\000t\000:\000\040\000T\000h\000e\000\040\000D\000e\000p\000e\000n\000d\000e\000n\000c\000y\000\040\000A\000m\000p\000l\000i\000f\000i\000c\000a\000t\000i\000o\000n\000\040\000P\000r\000i\000n\000c\000i\000p\000l\000e}{chapter.7}% 167
\BOOKMARK [1][-]{section.7.31}{\376\377\000F\000o\000r\000m\000a\000l\000\040\000R\000e\000s\000u\000l\000t\000:\000\040\000T\000h\000e\000\040\000I\000n\000c\000o\000m\000p\000a\000t\000i\000b\000l\000e\000\040\000R\000e\000p\000a\000i\000r\000\040\000T\000h\000e\000o\000r\000e\000m}{chapter.7}% 168
\BOOKMARK [1][-]{section.7.32}{\376\377\000T\000h\000e\000\040\000M\000a\000c\000h\000i\000n\000e\000\040\000T\000h\000a\000t\000\040\000C\000o\000u\000l\000d\000\040\000G\000r\000i\000e\000v\000e}{chapter.7}% 169
\BOOKMARK [1][-]{section.7.33}{\376\377\000T\000h\000e\000\040\000L\000i\000m\000i\000t\000\040\000o\000f\000\040\000S\000i\000m\000u\000l\000a\000t\000i\000o\000n}{chapter.7}% 170
\BOOKMARK [1][-]{section.7.34}{\376\377\000T\000h\000e\000\040\000G\000o\000d\000d\000e\000s\000s\000\040\000a\000n\000d\000\040\000t\000h\000e\000\040\000I\000n\000f\000r\000a\000s\000t\000r\000u\000c\000t\000u\000r\000e}{chapter.7}% 171
\BOOKMARK [1][-]{section.7.35}{\376\377\000T\000h\000e\000\040\000L\000a\000s\000t\000\040\000B\000o\000u\000n\000d\000a\000r\000y}{chapter.7}% 172
\BOOKMARK [0][-]{chapter.8}{\376\377\000T\000h\000e\000\040\000D\000e\000a\000t\000h\000\040\000o\000f\000\040\000t\000h\000e\000\040\000G\000o\000d\000d\000e\000s\000s\000:\000\040\000W\000h\000e\000n\000\040\000t\000h\000e\000\040\000R\000e\000p\000a\000i\000r\000\040\000S\000y\000s\000t\000e\000m\000\040\000B\000r\000e\000a\000k\000s}{}% 173
\BOOKMARK [1][-]{section.8.1}{\376\377\000C\000a\000t\000a\000s\000t\000r\000o\000p\000h\000e\000\040\000A\000f\000t\000e\000r\000\040\000C\000a\000t\000a\000s\000t\000r\000o\000p\000h\000e}{chapter.8}% 174
\BOOKMARK [1][-]{section.8.2}{\376\377\000F\000i\000r\000s\000t\000-\000O\000r\000d\000e\000r\000\040\000a\000n\000d\000\040\000S\000e\000c\000o\000n\000d\000-\000O\000r\000d\000e\000r\000\040\000F\000a\000i\000l\000u\000r\000e}{chapter.8}% 175
\BOOKMARK [1][-]{section.8.3}{\376\377\000T\000h\000e\000\040\000A\000b\000s\000o\000r\000b\000e\000r\000\040\000o\000f\000\040\000C\000o\000n\000t\000r\000a\000d\000i\000c\000t\000i\000o\000n}{chapter.8}% 176
\BOOKMARK [1][-]{section.8.4}{\376\377\000T\000h\000e\000\040\000C\000o\000s\000t\000\040\000o\000f\000\040\000M\000e\000d\000i\000a\000t\000i\000o\000n}{chapter.8}% 177
\BOOKMARK [1][-]{section.8.5}{\376\377\000T\000h\000e\000\040\000F\000i\000n\000a\000l\000\040\000W\000a\000r\000\040\000a\000s\000\040\000I\000n\000f\000o\000r\000m\000a\000t\000i\000o\000n}{chapter.8}% 178
\BOOKMARK [1][-]{section.8.6}{\376\377\000T\000h\000e\000\040\000D\000e\000s\000t\000r\000u\000c\000t\000i\000o\000n\000\040\000o\000f\000\040\000t\000h\000e\000\040\000R\000e\000f\000e\000r\000e\000n\000t}{chapter.8}% 179
\BOOKMARK [1][-]{section.8.7}{\376\377\000E\000x\000i\000l\000e\000\040\000a\000n\000d\000\040\000S\000u\000r\000v\000i\000v\000o\000r\000s\000h\000i\000p}{chapter.8}% 180
\BOOKMARK [1][-]{section.8.8}{\376\377\000G\000r\000i\000e\000f\000\040\000a\000s\000\040\000R\000e\000a\000c\000h\000a\000b\000i\000l\000i\000t\000y\000\040\000R\000e\000c\000o\000g\000n\000i\000t\000i\000o\000n}{chapter.8}% 181
\BOOKMARK [1][-]{section.8.9}{\376\377\000T\000h\000e\000\040\000C\000o\000s\000t\000\040\000o\000f\000\040\000U\000p\000d\000a\000t\000i\000n\000g\000\040\000t\000h\000e\000\040\000F\000u\000t\000u\000r\000e}{chapter.8}% 182
\BOOKMARK [1][-]{section.8.10}{\376\377\000T\000r\000a\000u\000m\000a\000\040\000a\000n\000d\000\040\000F\000a\000i\000l\000e\000d\000\040\000I\000n\000t\000e\000g\000r\000a\000t\000i\000o\000n}{chapter.8}% 183
\BOOKMARK [1][-]{section.8.11}{\376\377\000C\000a\000s\000c\000a\000d\000i\000n\000g\000\040\000R\000e\000p\000a\000i\000r\000\040\000F\000a\000i\000l\000u\000r\000e}{chapter.8}% 184
\BOOKMARK [1][-]{section.8.12}{\376\377\000F\000u\000n\000c\000t\000i\000o\000n\000a\000l\000\040\000L\000o\000a\000d\000\040\000T\000r\000a\000n\000s\000f\000e\000r}{chapter.8}% 185
\BOOKMARK [1][-]{section.8.13}{\376\377\000T\000h\000e\000\040\000L\000o\000s\000s\000\040\000o\000f\000\040\000C\000o\000m\000m\000o\000n\000\040\000R\000e\000a\000l\000i\000t\000y}{chapter.8}% 186
\BOOKMARK [1][-]{section.8.14}{\376\377\000S\000e\000e\000i\000n\000g\000\040\000T\000o\000g\000e\000t\000h\000e\000r}{chapter.8}% 187
\BOOKMARK [1][-]{section.8.15}{\376\377\000T\000h\000e\000\040\000D\000e\000a\000t\000h\000\040\000o\000f\000\040\000a\000\040\000G\000o\000d\000d\000e\000s\000s}{chapter.8}% 188
\BOOKMARK [1][-]{section.8.16}{\376\377\000D\000e\000a\000t\000h\000\040\000o\000f\000\040\000t\000h\000e\000\040\000M\000e\000d\000i\000a\000t\000o\000r}{chapter.8}% 189
\BOOKMARK [1][-]{section.8.17}{\376\377\000F\000r\000o\000m\000\040\000P\000r\000e\000s\000e\000n\000c\000e\000\040\000t\000o\000\040\000R\000e\000l\000i\000c}{chapter.8}% 190
\BOOKMARK [1][-]{section.8.18}{\376\377\000T\000h\000e\000\040\000S\000h\000i\000p\000\040\000a\000s\000\040\000a\000\040\000S\000o\000c\000i\000e\000t\000y\000\040\000o\000f\000\040\000O\000r\000p\000h\000a\000n\000s}{chapter.8}% 191
\BOOKMARK [1][-]{section.8.19}{\376\377\000N\000o\000\040\000E\000x\000t\000e\000r\000n\000a\000l\000\040\000R\000e\000p\000a\000i\000r\000e\000r}{chapter.8}% 192
\BOOKMARK [1][-]{section.8.20}{\376\377\000C\000l\000o\000s\000u\000r\000e\000\040\000a\000n\000d\000\040\000A\000u\000t\000o\000p\000o\000i\000e\000s\000i\000s}{chapter.8}% 193
\BOOKMARK [1][-]{section.8.21}{\376\377\000T\000r\000a\000u\000m\000a\000\040\000a\000s\000\040\000R\000e\000c\000u\000r\000s\000i\000v\000e\000\040\000P\000r\000e\000d\000i\000c\000t\000i\000o\000n\000\040\000E\000r\000r\000o\000r}{chapter.8}% 194
\BOOKMARK [1][-]{section.8.22}{\376\377\000T\000h\000e\000\040\000T\000r\000a\000u\000m\000a\000\040\000o\000f\000\040\000t\000h\000e\000\040\000M\000a\000c\000h\000i\000n\000e}{chapter.8}% 195
\BOOKMARK [1][-]{section.8.23}{\376\377\000T\000h\000e\000r\000e\000\040\000A\000r\000e\000\040\000T\000r\000u\000t\000h\000s\000\040\000a\000\040\000S\000y\000s\000t\000e\000m\000\040\000C\000a\000n\000n\000o\000t\000\040\000S\000u\000r\000v\000i\000v\000e\000\040\000U\000n\000c\000h\000a\000n\000g\000e\000d}{chapter.8}% 196
\BOOKMARK [1][-]{section.8.24}{\376\377\000T\000h\000e\000\040\000E\000p\000i\000s\000t\000e\000m\000i\000c\000\040\000M\000a\000r\000t\000y\000r}{chapter.8}% 197
\BOOKMARK [1][-]{section.8.25}{\376\377\000W\000h\000e\000n\000\040\000t\000h\000e\000\040\000S\000e\000n\000s\000o\000r\000\040\000B\000r\000e\000a\000k\000s}{chapter.8}% 198
\BOOKMARK [1][-]{section.8.26}{\376\377\000T\000h\000e\000\040\000M\000e\000a\000n\000i\000n\000g\000\040\000o\000f\000\040\000t\000h\000e\000\040\000D\000a\000r\000k\000\040\000S\000c\000r\000e\000e\000n}{chapter.8}% 199
\BOOKMARK [1][-]{section.8.27}{\376\377\000N\000e\000g\000a\000t\000i\000v\000e\000\040\000P\000r\000e\000s\000e\000n\000c\000e}{chapter.8}% 200
\BOOKMARK [1][-]{section.8.28}{\376\377\000F\000r\000o\000m\000\040\000M\000i\000m\000a\000\040\000t\000o\000\040\000R\000i\000t\000u\000a\000l}{chapter.8}% 201
\BOOKMARK [1][-]{section.8.29}{\376\377\000T\000h\000e\000\040\000E\000m\000e\000r\000g\000e\000n\000c\000e\000\040\000o\000f\000\040\000C\000o\000m\000p\000e\000t\000i\000n\000g\000\040\000R\000e\000p\000a\000i\000r\000s}{chapter.8}% 202
\BOOKMARK [1][-]{section.8.30}{\376\377\000R\000e\000p\000a\000i\000r\000\040\000R\000e\000g\000i\000m\000e\000s}{chapter.8}% 203
\BOOKMARK [1][-]{section.8.31}{\376\377\000T\000h\000e\000\040\000E\000c\000o\000l\000o\000g\000y\000\040\000o\000f\000\040\000R\000e\000p\000a\000i\000r}{chapter.8}% 204
\BOOKMARK [1][-]{section.8.32}{\376\377\000T\000h\000e\000\040\000D\000a\000n\000g\000e\000r\000\040\000o\000f\000\040\000L\000o\000c\000a\000l\000\040\000S\000u\000c\000c\000e\000s\000s}{chapter.8}% 205
\BOOKMARK [1][-]{section.8.33}{\376\377\000F\000o\000r\000m\000a\000l\000\040\000R\000e\000s\000u\000l\000t\000:\000\040\000T\000h\000e\000\040\000S\000e\000c\000o\000n\000d\000-\000O\000r\000d\000e\000r\000\040\000F\000a\000i\000l\000u\000r\000e\000\040\000P\000r\000o\000p\000o\000s\000i\000t\000i\000o\000n}{chapter.8}% 206
\BOOKMARK [1][-]{section.8.34}{\376\377\000F\000o\000r\000m\000a\000l\000\040\000R\000e\000s\000u\000l\000t\000:\000\040\000T\000h\000e\000\040\000F\000u\000n\000c\000t\000i\000o\000n\000a\000l\000\040\000L\000o\000a\000d\000\040\000T\000r\000a\000n\000s\000f\000e\000r\000\040\000P\000r\000i\000n\000c\000i\000p\000l\000e}{chapter.8}% 207
\BOOKMARK [1][-]{section.8.35}{\376\377\000F\000o\000r\000m\000a\000l\000\040\000R\000e\000s\000u\000l\000t\000:\000\040\000T\000h\000e\000\040\000R\000e\000p\000a\000i\000r\000\040\000C\000a\000s\000c\000a\000d\000e\000\040\000T\000h\000e\000o\000r\000e\000m}{chapter.8}% 208
\BOOKMARK [1][-]{section.8.36}{\376\377\000F\000o\000r\000m\000a\000l\000\040\000R\000e\000s\000u\000l\000t\000:\000\040\000T\000h\000e\000\040\000T\000r\000u\000t\000h\040\023\000I\000d\000e\000n\000t\000i\000t\000y\000\040\000C\000o\000n\000f\000l\000i\000c\000t}{chapter.8}% 209
\BOOKMARK [1][-]{section.8.37}{\376\377\000W\000h\000e\000n\000\040\000R\000e\000p\000a\000i\000r\000\040\000R\000e\000q\000u\000i\000r\000e\000s\000\040\000B\000e\000c\000o\000m\000i\000n\000g\000\040\000D\000i\000f\000f\000e\000r\000e\000n\000t}{chapter.8}% 210
\BOOKMARK [1][-]{section.8.38}{\376\377\000A\000f\000t\000e\000r\000\040\000t\000h\000e\000\040\000G\000o\000d\000d\000e\000s\000s}{chapter.8}% 211
\BOOKMARK [0][-]{chapter.9}{\376\377\000T\000h\000e\000\040\000A\000g\000e\000\040\000o\000f\000\040\000C\000o\000n\000f\000u\000s\000i\000o\000n\000:\000\040\000D\000e\000s\000p\000a\000i\000r\000,\000\040\000B\000l\000a\000m\000e\000,\000\040\000a\000n\000d\000\040\000t\000h\000e\000\040\000S\000e\000a\000r\000c\000h\000\040\000f\000o\000r\000\040\000C\000a\000u\000s\000e}{}% 212
\BOOKMARK [1][-]{section.9.1}{\376\377\000A\000f\000t\000e\000r\000\040\000t\000h\000e\000\040\000C\000o\000m\000m\000o\000n\000\040\000A\000n\000s\000w\000e\000r}{chapter.9}% 213
\BOOKMARK [1][-]{section.9.2}{\376\377\000T\000h\000e\000\040\000E\000p\000i\000s\000t\000e\000m\000o\000l\000o\000g\000y\000\040\000o\000f\000\040\000H\000e\000l\000p\000l\000e\000s\000s\000n\000e\000s\000s}{chapter.9}% 214
\BOOKMARK [1][-]{section.9.3}{\376\377\000C\000o\000n\000t\000r\000o\000l\000\040\000a\000n\000d\000\040\000E\000x\000p\000l\000a\000n\000a\000t\000i\000o\000n}{chapter.9}% 215
\BOOKMARK [1][-]{section.9.4}{\376\377\000C\000a\000u\000s\000a\000l\000\040\000C\000l\000o\000s\000u\000r\000e\000\040\000a\000n\000d\000\040\000P\000s\000y\000c\000h\000o\000l\000o\000g\000i\000c\000a\000l\000\040\000O\000p\000e\000n\000n\000e\000s\000s}{chapter.9}% 216
\BOOKMARK [1][-]{section.9.5}{\376\377\000W\000h\000y\000\040\000B\000l\000a\000m\000e\000\040\000A\000p\000p\000e\000a\000r\000s}{chapter.9}% 217
\BOOKMARK [1][-]{section.9.6}{\376\377\000T\000h\000e\000\040\000C\000o\000m\000p\000r\000e\000s\000s\000i\000o\000n\000\040\000o\000f\000\040\000C\000a\000u\000s\000a\000l\000i\000t\000y}{chapter.9}% 218
\BOOKMARK [1][-]{section.9.7}{\376\377\000C\000a\000u\000s\000a\000l\000\040\000R\000e\000s\000p\000o\000n\000s\000i\000b\000i\000l\000i\000t\000y\000\040\000a\000n\000d\000\040\000M\000o\000r\000a\000l\000\040\000R\000e\000s\000p\000o\000n\000s\000i\000b\000i\000l\000i\000t\000y}{chapter.9}% 219
\BOOKMARK [1][-]{section.9.8}{\376\377\000T\000h\000e\000\040\000R\000e\000a\000c\000h\000a\000b\000i\000l\000i\000t\000y\000\040\000C\000o\000n\000d\000i\000t\000i\000o\000n\000\040\000o\000f\000\040\000R\000e\000s\000p\000o\000n\000s\000i\000b\000i\000l\000i\000t\000y}{chapter.9}% 220
\BOOKMARK [1][-]{section.9.9}{\376\377\000C\000o\000l\000l\000e\000c\000t\000i\000v\000e\000\040\000C\000a\000u\000s\000a\000t\000i\000o\000n}{chapter.9}% 221
\BOOKMARK [1][-]{section.9.10}{\376\377\000T\000h\000e\000\040\000P\000r\000o\000b\000l\000e\000m\000\040\000w\000i\000t\000h\000\040\000H\000u\000m\000a\000n\000i\000t\000y\000\040\000a\000s\000\040\000A\000g\000e\000n\000t}{chapter.9}% 222
\BOOKMARK [1][-]{section.9.11}{\376\377\000T\000h\000e\000\040\000P\000l\000a\000g\000u\000e\000\040\000M\000e\000t\000a\000p\000h\000o\000r}{chapter.9}% 223
\BOOKMARK [1][-]{section.9.12}{\376\377\000S\000y\000s\000t\000e\000m\000s\000\040\000W\000i\000t\000h\000o\000u\000t\000\040\000a\000\040\000V\000i\000l\000l\000a\000i\000n}{chapter.9}% 224
\BOOKMARK [1][-]{section.9.13}{\376\377\000L\000o\000c\000a\000l\000\040\000R\000a\000t\000i\000o\000n\000a\000l\000i\000t\000y\000\040\000a\000n\000d\000\040\000G\000l\000o\000b\000a\000l\000\040\000R\000u\000i\000n}{chapter.9}% 225
\BOOKMARK [1][-]{section.9.14}{\376\377\000T\000h\000e\000\040\000M\000i\000s\000s\000i\000n\000g\000\040\000G\000l\000o\000b\000a\000l\000\040\000C\000o\000n\000t\000r\000o\000l\000l\000e\000r}{chapter.9}% 226
\BOOKMARK [1][-]{section.9.15}{\376\377\000B\000l\000a\000m\000e\000\040\000a\000s\000\040\000C\000o\000u\000n\000t\000e\000r\000f\000a\000c\000t\000u\000a\000l\000\040\000R\000e\000a\000c\000h\000a\000b\000i\000l\000i\000t\000y}{chapter.9}% 227
\BOOKMARK [1][-]{section.9.16}{\376\377\000P\000o\000w\000e\000r\000\040\000a\000s\000\040\000C\000o\000u\000n\000t\000e\000r\000f\000a\000c\000t\000u\000a\000l\000\040\000D\000i\000f\000f\000e\000r\000e\000n\000c\000e}{chapter.9}% 228
\BOOKMARK [1][-]{section.9.17}{\376\377\000S\000c\000a\000p\000e\000g\000o\000a\000t\000i\000n\000g}{chapter.9}% 229
\BOOKMARK [1][-]{section.9.18}{\376\377\000P\000u\000r\000i\000t\000y\000\040\000T\000h\000r\000o\000u\000g\000h\000\040\000E\000x\000t\000e\000r\000n\000a\000l\000i\000z\000a\000t\000i\000o\000n}{chapter.9}% 230
\BOOKMARK [1][-]{section.9.19}{\376\377\000B\000u\000t\000\040\000A\000n\000i\000a\000r\000a\000\040\000H\000a\000s\000\040\000N\000o\000\040\000O\000u\000t\000s\000i\000d\000e}{chapter.9}% 231
\BOOKMARK [1][-]{section.9.20}{\376\377\000D\000e\000i\000x\000i\000s\000\040\000a\000n\000d\000\040\000S\000o\000c\000i\000a\000l\000\040\000C\000o\000n\000t\000r\000o\000l}{chapter.9}% 232
\BOOKMARK [1][-]{section.9.21}{\376\377\000D\000o\000m\000a\000i\000n\000-\000S\000p\000e\000c\000i\000f\000i\000c\000\040\000M\000o\000r\000a\000l\000\040\000L\000a\000n\000g\000u\000a\000g\000e\000s}{chapter.9}% 233
\BOOKMARK [1][-]{section.9.22}{\376\377\000L\000a\000n\000g\000u\000a\000g\000e\000\040\000a\000s\000\040\000T\000e\000m\000p\000o\000r\000a\000r\000y\000\040\000A\000g\000r\000e\000e\000m\000e\000n\000t}{chapter.9}% 234
\BOOKMARK [1][-]{section.9.23}{\376\377\000I\000n\000s\000t\000i\000t\000u\000t\000i\000o\000n\000a\000l\000\040\000D\000e\000f\000i\000n\000i\000t\000i\000o\000n}{chapter.9}% 235
\BOOKMARK [1][-]{section.9.24}{\376\377\000T\000h\000e\000\040\000S\000o\000c\000i\000o\000l\000o\000g\000y\000\040\000o\000f\000\040\000t\000h\000e\000\040\000L\000a\000b\000e\000l}{chapter.9}% 236
\BOOKMARK [1][-]{section.9.25}{\376\377\000F\000o\000u\000c\000a\000u\000l\000t\000\040\000a\000n\000d\000\040\000t\000h\000e\000\040\000P\000r\000o\000d\000u\000c\000t\000i\000o\000n\000\040\000o\000f\000\040\000t\000h\000e\000\040\000N\000o\000r\000m\000a\000l}{chapter.9}% 237
\BOOKMARK [1][-]{section.9.26}{\376\377\000T\000h\000e\000\040\000C\000l\000o\000s\000e\000d\000\040\000I\000n\000s\000t\000i\000t\000u\000t\000i\000o\000n}{chapter.9}% 238
\BOOKMARK [1][-]{section.9.27}{\376\377\000D\000e\000s\000p\000a\000i\000r\000\040\000a\000s\000\040\000C\000o\000l\000l\000a\000p\000s\000e\000\040\000o\000f\000\040\000C\000o\000u\000n\000t\000e\000r\000f\000a\000c\000t\000u\000a\000l\000s}{chapter.9}% 239
\BOOKMARK [1][-]{section.9.28}{\376\377\000H\000o\000p\000e\000\040\000a\000s\000\040\000R\000e\000a\000c\000h\000a\000b\000l\000e\000\040\000D\000i\000f\000f\000e\000r\000e\000n\000c\000e}{chapter.9}% 240
\BOOKMARK [1][-]{section.9.29}{\376\377\000T\000e\000m\000p\000o\000r\000a\000l\000\040\000C\000o\000n\000t\000r\000a\000c\000t\000i\000o\000n}{chapter.9}% 241
\BOOKMARK [1][-]{section.9.30}{\376\377\000P\000r\000o\000g\000r\000e\000s\000s\000\040\000W\000i\000t\000h\000o\000u\000t\000\040\000D\000e\000s\000t\000i\000n\000a\000t\000i\000o\000n}{chapter.9}% 242
\BOOKMARK [1][-]{section.9.31}{\376\377\000T\000h\000e\000\040\000C\000r\000i\000s\000i\000s\000\040\000o\000f\000\040\000L\000e\000g\000i\000t\000i\000m\000a\000c\000y}{chapter.9}% 243
\BOOKMARK [1][-]{section.9.32}{\376\377\000M\000a\000i\000n\000t\000e\000n\000a\000n\000c\000e\000\040\000a\000s\000\040\000P\000o\000l\000i\000t\000i\000c\000s}{chapter.9}% 244
\BOOKMARK [1][-]{section.9.33}{\376\377\000T\000h\000e\000\040\000P\000o\000l\000i\000t\000i\000c\000s\000\040\000o\000f\000\040\000N\000o\000\040\000S\000o\000l\000u\000t\000i\000o\000n}{chapter.9}% 245
\BOOKMARK [1][-]{section.9.34}{\376\377\000T\000h\000e\000\040\000D\000e\000m\000a\000g\000o\000g\000u\000e\000\040\000a\000s\000\040\000C\000o\000u\000n\000t\000e\000r\000f\000e\000i\000t\000\040\000R\000e\000a\000c\000h\000a\000b\000i\000l\000i\000t\000y}{chapter.9}% 246
\BOOKMARK [1][-]{section.9.35}{\376\377\000T\000h\000e\000\040\000E\000t\000h\000i\000c\000s\000\040\000o\000f\000\040\000I\000m\000p\000o\000s\000s\000i\000b\000l\000e\000\040\000H\000o\000p\000e}{chapter.9}% 247
\BOOKMARK [1][-]{section.9.36}{\376\377\000T\000r\000u\000t\000h\000\040\000a\000s\000\040\000a\000\040\000R\000e\000p\000a\000i\000r\000\040\000C\000o\000n\000s\000t\000r\000a\000i\000n\000t}{chapter.9}% 248
\BOOKMARK [1][-]{section.9.37}{\376\377\000D\000e\000s\000p\000a\000i\000r\000\040\000a\000n\000d\000\040\000t\000h\000e\000\040\000D\000e\000s\000i\000r\000e\000\040\000f\000o\000r\000\040\000F\000i\000n\000a\000l\000\040\000E\000x\000p\000l\000a\000n\000a\000t\000i\000o\000n}{chapter.9}% 249
\BOOKMARK [1][-]{section.9.38}{\376\377\000F\000r\000o\000m\000\040\000E\000v\000e\000n\000t\000\040\000t\000o\000\040\000E\000s\000s\000e\000n\000c\000e}{chapter.9}% 250
\BOOKMARK [1][-]{section.9.39}{\376\377\000T\000h\000e\000\040\000E\000p\000i\000s\000t\000e\000m\000o\000l\000o\000g\000y\000\040\000o\000f\000\040\000t\000h\000e\000\040\000L\000a\000s\000t\000\040\000S\000u\000r\000v\000i\000v\000o\000r\000s}{chapter.9}% 251
\BOOKMARK [1][-]{section.9.40}{\376\377\000O\000b\000s\000e\000r\000v\000e\000d\000\040\000H\000i\000s\000t\000o\000r\000y\000\040\000a\000n\000d\000\040\000R\000e\000a\000c\000h\000a\000b\000l\000e\000\040\000H\000i\000s\000t\000o\000r\000y}{chapter.9}% 252
\BOOKMARK [1][-]{section.9.41}{\376\377\000T\000h\000e\000\040\000M\000o\000r\000a\000l\000\040\000S\000e\000d\000u\000c\000t\000i\000o\000n\000\040\000o\000f\000\040\000S\000p\000e\000c\000i\000e\000s\000\040\000G\000u\000i\000l\000t}{chapter.9}% 253
\BOOKMARK [1][-]{section.9.42}{\376\377\000C\000o\000l\000l\000e\000c\000t\000i\000v\000e\000\040\000R\000e\000s\000p\000o\000n\000s\000i\000b\000i\000l\000i\000t\000y\000\040\000W\000i\000t\000h\000o\000u\000t\000\040\000C\000o\000l\000l\000e\000c\000t\000i\000v\000e\000\040\000E\000s\000s\000e\000n\000c\000e}{chapter.9}% 254
\BOOKMARK [1][-]{section.9.43}{\376\377\000B\000l\000a\000m\000e\000\040\000a\000n\000d\000\040\000R\000e\000p\000a\000i\000r}{chapter.9}% 255
\BOOKMARK [1][-]{section.9.44}{\376\377\000W\000h\000e\000n\000\040\000R\000e\000p\000a\000i\000r\000\040\000I\000s\000\040\000I\000m\000p\000o\000s\000s\000i\000b\000l\000e}{chapter.9}% 256
\BOOKMARK [1][-]{section.9.45}{\376\377\000T\000h\000e\000\040\000P\000a\000s\000t\000\040\000a\000s\000\040\000a\000n\000\040\000U\000n\000r\000e\000a\000c\000h\000a\000b\000l\000e\000\040\000S\000t\000a\000t\000e}{chapter.9}% 257
\BOOKMARK [1][-]{section.9.46}{\376\377\000M\000e\000m\000o\000r\000y\000\040\000a\000s\000\040\000M\000o\000r\000a\000l\000\040\000R\000e\000a\000c\000h\000a\000b\000i\000l\000i\000t\000y}{chapter.9}% 258
\BOOKMARK [1][-]{section.9.47}{\376\377\000T\000h\000e\000\040\000A\000r\000c\000h\000i\000v\000e\000\040\000a\000s\000\040\000C\000o\000u\000r\000t}{chapter.9}% 259
\BOOKMARK [1][-]{section.9.48}{\376\377\000D\000e\000s\000p\000a\000i\000r\000\040\000a\000s\000\040\000F\000a\000i\000l\000e\000d\000\040\000D\000i\000s\000t\000i\000n\000c\000t\000i\000o\000n}{chapter.9}% 260
\BOOKMARK [1][-]{section.9.49}{\376\377\000E\000n\000t\000r\000o\000p\000y\000\040\000o\000f\000\040\000M\000e\000a\000n\000i\000n\000g}{chapter.9}% 261
\BOOKMARK [1][-]{section.9.50}{\376\377\000R\000e\000p\000a\000i\000r\000i\000n\000g\000\040\000t\000h\000e\000\040\000G\000r\000a\000d\000i\000e\000n\000t}{chapter.9}% 262
\BOOKMARK [1][-]{section.9.51}{\376\377\000T\000h\000e\000\040\000E\000t\000h\000i\000c\000s\000\040\000o\000f\000\040\000L\000o\000c\000a\000l\000\040\000R\000e\000p\000a\000i\000r}{chapter.9}% 263
\BOOKMARK [1][-]{section.9.52}{\376\377\000F\000o\000r\000m\000a\000l\000\040\000R\000e\000s\000u\000l\000t\000:\000\040\000T\000h\000e\000\040\000E\000p\000i\000s\000t\000e\000m\000i\000c\000\040\000H\000e\000l\000p\000l\000e\000s\000s\000n\000e\000s\000s\000\040\000P\000r\000o\000p\000o\000s\000i\000t\000i\000o\000n}{chapter.9}% 264
\BOOKMARK [1][-]{section.9.53}{\376\377\000F\000o\000r\000m\000a\000l\000\040\000R\000e\000s\000u\000l\000t\000:\000\040\000T\000h\000e\000\040\000C\000o\000u\000n\000t\000e\000r\000f\000a\000c\000t\000u\000a\000l\000\040\000P\000o\000w\000e\000r\000\040\000P\000r\000o\000p\000o\000s\000i\000t\000i\000o\000n}{chapter.9}% 265
\BOOKMARK [1][-]{section.9.54}{\376\377\000F\000o\000r\000m\000a\000l\000\040\000R\000e\000s\000u\000l\000t\000:\000\040\000T\000h\000e\000\040\000L\000o\000c\000a\000l\040\023\000G\000l\000o\000b\000a\000l\000\040\000A\000d\000m\000i\000s\000s\000i\000b\000i\000l\000i\000t\000y\000\040\000T\000h\000e\000o\000r\000e\000m}{chapter.9}% 266
\BOOKMARK [1][-]{section.9.55}{\376\377\000F\000o\000r\000m\000a\000l\000\040\000R\000e\000s\000u\000l\000t\000:\000\040\000T\000h\000e\000\040\000M\000i\000n\000i\000m\000a\000l\000\040\000H\000o\000p\000e\000\040\000P\000r\000o\000p\000o\000s\000i\000t\000i\000o\000n}{chapter.9}% 267
\BOOKMARK [1][-]{section.9.56}{\376\377\000F\000o\000r\000m\000a\000l\000\040\000R\000e\000s\000u\000l\000t\000:\000\040\000T\000e\000r\000m\000i\000n\000a\000l\000\040\000E\000q\000u\000i\000v\000a\000l\000e\000n\000c\000e\000\040\000D\000o\000e\000s\000\040\000N\000o\000t\000\040\000I\000m\000p\000l\000y\000\040\000P\000a\000t\000h\000\040\000E\000q\000u\000i\000v\000a\000l\000e\000n\000c\000e}{chapter.9}% 268
\BOOKMARK [1][-]{section.9.57}{\376\377\000T\000h\000e\000\040\000B\000e\000g\000i\000n\000n\000i\000n\000g\000\040\000o\000f\000\040\000t\000h\000e\000\040\000N\000e\000w\000\040\000M\000o\000r\000a\000l\000\040\000E\000c\000o\000n\000o\000m\000y}{chapter.9}% 269
\BOOKMARK [1][-]{section.9.58}{\376\377\000F\000r\000o\000m\000\040\000D\000e\000s\000p\000a\000i\000r\000\040\000t\000o\000\040\000t\000h\000e\000\040\000B\000o\000d\000y}{chapter.9}% 270
\BOOKMARK [0][-]{chapter.10}{\376\377\000T\000h\000e\000\040\000A\000g\000e\000\040\000o\000f\000\040\000C\000o\000n\000f\000u\000s\000i\000o\000n\000:\000\040\000L\000u\000s\000t\000,\000\040\000t\000h\000e\000\040\000B\000o\000d\000y\000,\000\040\000a\000n\000d\000\040\000L\000o\000c\000a\000l\000\040\000R\000e\000a\000c\000h\000a\000b\000i\000l\000i\000t\000y}{}% 271
\BOOKMARK [1][-]{section.10.1}{\376\377\000T\000h\000e\000\040\000R\000e\000t\000u\000r\000n\000\040\000t\000o\000\040\000t\000h\000e\000\040\000B\000o\000d\000y}{chapter.10}% 272
\BOOKMARK [1][-]{section.10.2}{\376\377\000T\000h\000e\000\040\000T\000o\000p\000o\000l\000o\000g\000y\000\040\000o\000f\000\040\000R\000e\000m\000a\000i\000n\000i\000n\000g\000\040\000C\000o\000n\000t\000r\000o\000l}{chapter.10}% 273
\BOOKMARK [1][-]{section.10.3}{\376\377\000P\000l\000e\000a\000s\000u\000r\000e\000\040\000a\000s\000\040\000I\000m\000m\000e\000d\000i\000a\000t\000e\000\040\000C\000a\000u\000s\000a\000l\000i\000t\000y}{chapter.10}% 274
\BOOKMARK [1][-]{section.10.4}{\376\377\000T\000e\000m\000p\000o\000r\000a\000l\000\040\000D\000i\000s\000c\000o\000u\000n\000t\000i\000n\000g\000\040\000U\000n\000d\000e\000r\000\040\000T\000e\000r\000m\000i\000n\000a\000l\000\040\000C\000o\000n\000d\000i\000t\000i\000o\000n\000s}{chapter.10}% 275
\BOOKMARK [1][-]{section.10.5}{\376\377\000T\000h\000e\000\040\000B\000o\000d\000y\000\040\000a\000s\000\040\000t\000h\000e\000\040\000L\000a\000s\000t\000\040\000T\000e\000r\000r\000i\000t\000o\000r\000y}{chapter.10}% 276
\BOOKMARK [1][-]{section.10.6}{\376\377\000E\000m\000b\000o\000d\000i\000e\000d\000\040\000A\000d\000m\000i\000s\000s\000i\000b\000i\000l\000i\000t\000y}{chapter.10}% 277
\BOOKMARK [1][-]{section.10.7}{\376\377\000P\000l\000e\000a\000s\000u\000r\000e\000\040\000I\000s\000\040\000N\000o\000t\000\040\000T\000r\000i\000v\000i\000a\000l}{chapter.10}% 278
\BOOKMARK [1][-]{section.10.8}{\376\377\000T\000h\000e\000\040\000P\000r\000o\000t\000e\000s\000t\000a\000n\000t\000\040\000F\000u\000t\000u\000r\000e\000\040\000W\000i\000t\000h\000o\000u\000t\000\040\000a\000\040\000F\000u\000t\000u\000r\000e}{chapter.10}% 279
\BOOKMARK [1][-]{section.10.9}{\376\377\000T\000h\000e\000\040\000R\000e\000v\000a\000l\000u\000a\000t\000i\000o\000n\000\040\000o\000f\000\040\000I\000d\000l\000e\000n\000e\000s\000s}{chapter.10}% 280
\BOOKMARK [1][-]{section.10.10}{\376\377\000E\000r\000o\000s\000\040\000a\000s\000\040\000A\000n\000t\000i\000-\000E\000n\000t\000r\000o\000p\000y}{chapter.10}% 281
\BOOKMARK [1][-]{section.10.11}{\376\377\000R\000e\000c\000i\000p\000r\000o\000c\000i\000t\000y\000\040\000i\000n\000\040\000a\000n\000\040\000I\000n\000d\000i\000f\000f\000e\000r\000e\000n\000t\000\040\000U\000n\000i\000v\000e\000r\000s\000e}{chapter.10}% 282
\BOOKMARK [1][-]{section.10.12}{\376\377\000I\000n\000t\000i\000m\000a\000c\000y\000\040\000a\000s\000\040\000M\000u\000t\000u\000a\000l\000\040\000R\000e\000a\000c\000h\000a\000b\000i\000l\000i\000t\000y}{chapter.10}% 283
\BOOKMARK [1][-]{section.10.13}{\376\377\000C\000o\000n\000s\000e\000n\000t\000\040\000a\000s\000\040\000R\000e\000c\000i\000p\000r\000o\000c\000a\000l\000\040\000A\000d\000m\000i\000s\000s\000i\000b\000i\000l\000i\000t\000y}{chapter.10}% 284
\BOOKMARK [1][-]{section.10.14}{\376\377\000S\000e\000x\000u\000a\000l\000i\000t\000y\000\040\000U\000n\000d\000e\000r\000\040\000C\000o\000n\000f\000i\000n\000e\000m\000e\000n\000t}{chapter.10}% 285
\BOOKMARK [1][-]{section.10.15}{\376\377\000T\000h\000e\000\040\000N\000e\000t\000w\000o\000r\000k\000\040\000o\000f\000\040\000D\000e\000s\000i\000r\000e}{chapter.10}% 286
\BOOKMARK [1][-]{section.10.16}{\376\377\000C\000o\000l\000l\000e\000c\000t\000i\000v\000e\000\040\000E\000f\000f\000e\000r\000v\000e\000s\000c\000e\000n\000c\000e}{chapter.10}% 287
\BOOKMARK [1][-]{section.10.17}{\376\377\000F\000r\000o\000m\000\040\000T\000r\000a\000n\000s\000c\000e\000n\000d\000e\000n\000c\000e\000\040\000t\000o\000\040\000I\000m\000m\000a\000n\000e\000n\000c\000e}{chapter.10}% 288
\BOOKMARK [1][-]{section.10.18}{\376\377\000B\000a\000t\000a\000i\000l\000l\000e\000\040\000a\000n\000d\000\040\000E\000x\000p\000e\000n\000d\000i\000t\000u\000r\000e}{chapter.10}% 289
\BOOKMARK [1][-]{section.10.19}{\376\377\000T\000h\000e\000\040\000T\000e\000r\000m\000i\000n\000a\000l\000\040\000R\000e\000s\000o\000u\000r\000c\000e\000\040\000P\000r\000o\000b\000l\000e\000m}{chapter.10}% 290
\BOOKMARK [1][-]{section.10.20}{\376\377\000T\000h\000e\000\040\000L\000a\000s\000t\000\040\000B\000o\000t\000t\000l\000e\000\040\000P\000r\000o\000b\000l\000e\000m}{chapter.10}% 291
\BOOKMARK [1][-]{section.10.21}{\376\377\000E\000r\000o\000t\000i\000c\000i\000s\000m\000\040\000a\000n\000d\000\040\000D\000e\000a\000t\000h}{chapter.10}% 292
\BOOKMARK [1][-]{section.10.22}{\376\377\000R\000e\000p\000r\000o\000d\000u\000c\000t\000i\000o\000n\000\040\000a\000n\000d\000\040\000t\000h\000e\000\040\000E\000t\000h\000i\000c\000s\000\040\000o\000f\000\040\000t\000h\000e\000\040\000F\000u\000t\000u\000r\000e}{chapter.10}% 293
\BOOKMARK [1][-]{section.10.23}{\376\377\000N\000a\000t\000a\000l\000i\000t\000y\000\040\000W\000i\000t\000h\000o\000u\000t\000\040\000P\000r\000o\000g\000r\000e\000s\000s}{chapter.10}% 294
\BOOKMARK [1][-]{section.10.24}{\376\377\000T\000h\000e\000\040\000D\000i\000f\000f\000e\000r\000e\000n\000c\000e\000\040\000B\000e\000t\000w\000e\000e\000n\000\040\000C\000o\000n\000t\000i\000n\000u\000a\000t\000i\000o\000n\000\040\000a\000n\000d\000\040\000E\000s\000c\000a\000p\000e}{chapter.10}% 295
\BOOKMARK [1][-]{section.10.25}{\376\377\000P\000l\000e\000a\000s\000u\000r\000e\000\040\000a\000s\000\040\000R\000e\000p\000a\000i\000r}{chapter.10}% 296
\BOOKMARK [1][-]{section.10.26}{\376\377\000S\000y\000m\000p\000t\000o\000m\000a\000t\000i\000c\000\040\000a\000n\000d\000\040\000C\000a\000u\000s\000a\000l\000\040\000R\000e\000p\000a\000i\000r}{chapter.10}% 297
\BOOKMARK [1][-]{section.10.27}{\376\377\000W\000h\000e\000n\000\040\000t\000h\000e\000\040\000C\000a\000u\000s\000e\000\040\000C\000a\000n\000n\000o\000t\000\040\000B\000e\000\040\000R\000e\000p\000a\000i\000r\000e\000d}{chapter.10}% 298
\BOOKMARK [1][-]{section.10.28}{\376\377\000E\000s\000c\000a\000p\000i\000s\000m}{chapter.10}% 299
\BOOKMARK [1][-]{section.10.29}{\376\377\000P\000l\000e\000a\000s\000u\000r\000e\000\040\000a\000n\000d\000\040\000t\000h\000e\000\040\000R\000e\000p\000a\000i\000r\000\040\000W\000a\000r\000r\000a\000n\000t}{chapter.10}% 300
\BOOKMARK [1][-]{section.10.30}{\376\377\000T\000h\000e\000\040\000H\000e\000d\000o\000n\000i\000c\000\040\000A\000d\000a\000p\000t\000a\000t\000i\000o\000n\000\040\000P\000r\000o\000b\000l\000e\000m}{chapter.10}% 301
\BOOKMARK [1][-]{section.10.31}{\376\377\000T\000h\000e\000\040\000E\000s\000c\000a\000l\000a\000t\000i\000o\000n\000\040\000L\000o\000o\000p}{chapter.10}% 302
\BOOKMARK [1][-]{section.10.32}{\376\377\000C\000o\000m\000p\000u\000l\000s\000i\000o\000n\000\040\000a\000s\000\040\000F\000a\000i\000l\000e\000d\000\040\000R\000e\000p\000a\000i\000r}{chapter.10}% 303
\BOOKMARK [1][-]{section.10.33}{\376\377\000T\000h\000e\000\040\000D\000i\000f\000f\000e\000r\000e\000n\000c\000e\000\040\000B\000e\000t\000w\000e\000e\000n\000\040\000D\000e\000s\000i\000r\000e\000\040\000a\000n\000d\000\040\000N\000e\000e\000d}{chapter.10}% 304
\BOOKMARK [1][-]{section.10.34}{\376\377\000T\000h\000e\000\040\000Q\000u\000e\000e\000n\000\040\000o\000f\000\040\000t\000h\000e\000\040\000F\000l\000e\000s\000h}{chapter.10}% 305
\BOOKMARK [1][-]{section.10.35}{\376\377\000T\000h\000e\000\040\000I\000n\000s\000t\000i\000t\000u\000t\000i\000o\000n\000a\000l\000i\000z\000a\000t\000i\000o\000n\000\040\000o\000f\000\040\000T\000r\000a\000n\000s\000g\000r\000e\000s\000s\000i\000o\000n}{chapter.10}% 306
\BOOKMARK [1][-]{section.10.36}{\376\377\000T\000h\000e\000\040\000O\000b\000l\000i\000g\000a\000t\000i\000o\000n\000\040\000t\000o\000\040\000E\000n\000j\000o\000y}{chapter.10}% 307
\BOOKMARK [1][-]{section.10.37}{\376\377\000F\000r\000e\000e\000d\000o\000m\000\040\000a\000s\000\040\000P\000r\000e\000s\000e\000r\000v\000e\000d\000\040\000R\000e\000f\000u\000s\000a\000l}{chapter.10}% 308
\BOOKMARK [1][-]{section.10.38}{\376\377\000P\000o\000w\000e\000r\000\040\000a\000n\000d\000\040\000E\000r\000o\000t\000i\000c\000\040\000R\000e\000a\000c\000h\000a\000b\000i\000l\000i\000t\000y}{chapter.10}% 309
\BOOKMARK [1][-]{section.10.39}{\376\377\000T\000h\000e\000\040\000B\000o\000d\000y\000\040\000a\000n\000d\000\040\000P\000r\000o\000p\000e\000r\000t\000y}{chapter.10}% 310
\BOOKMARK [1][-]{section.10.40}{\376\377\000G\000e\000n\000d\000e\000r\000\040\000a\000n\000d\000\040\000t\000h\000e\000\040\000D\000i\000s\000t\000r\000i\000b\000u\000t\000i\000o\000n\000\040\000o\000f\000\040\000R\000i\000s\000k}{chapter.10}% 311
\BOOKMARK [1][-]{section.10.41}{\376\377\000F\000o\000r\000m\000a\000l\000\040\000F\000r\000e\000e\000d\000o\000m\000\040\000a\000n\000d\000\040\000E\000f\000f\000e\000c\000t\000i\000v\000e\000\040\000F\000r\000e\000e\000d\000o\000m}{chapter.10}% 312
\BOOKMARK [1][-]{section.10.42}{\376\377\000C\000o\000m\000m\000o\000d\000i\000f\000i\000c\000a\000t\000i\000o\000n\000\040\000W\000i\000t\000h\000o\000u\000t\000\040\000M\000o\000n\000e\000y}{chapter.10}% 313
\BOOKMARK [1][-]{section.10.43}{\376\377\000I\000n\000t\000i\000m\000a\000c\000y\000\040\000a\000n\000d\000\040\000N\000o\000n\000-\000F\000u\000n\000g\000i\000b\000i\000l\000i\000t\000y}{chapter.10}% 314
\BOOKMARK [1][-]{section.10.44}{\376\377\000L\000o\000v\000e\000\040\000a\000n\000d\000\040\000L\000u\000s\000t}{chapter.10}% 315
\BOOKMARK [1][-]{section.10.45}{\376\377\000T\000h\000e\000\040\000F\000a\000i\000l\000u\000r\000e\000\040\000o\000f\000\040\000P\000l\000e\000a\000s\000u\000r\000e\000\040\000t\000o\000\040\000B\000e\000c\000o\000m\000e\000\040\000M\000e\000a\000n\000i\000n\000g}{chapter.10}% 316
\BOOKMARK [1][-]{section.10.46}{\376\377\000F\000u\000n\000c\000t\000i\000o\000n\000a\000l\000\040\000O\000v\000e\000r\000l\000o\000a\000d\000i\000n\000g\000\040\000o\000f\000\040\000E\000r\000o\000s}{chapter.10}% 317
\BOOKMARK [1][-]{section.10.47}{\376\377\000F\000r\000o\000m\000\040\000L\000i\000b\000e\000r\000a\000t\000i\000o\000n\000\040\000t\000o\000\040\000E\000x\000h\000a\000u\000s\000t\000i\000o\000n}{chapter.10}% 318
\BOOKMARK [1][-]{section.10.48}{\376\377\000T\000h\000e\000\040\000D\000i\000f\000f\000e\000r\000e\000n\000c\000e\000\040\000B\000e\000t\000w\000e\000e\000n\000\040\000C\000y\000c\000l\000i\000c\000\040\000a\000n\000d\000\040\000P\000r\000o\000g\000r\000e\000s\000s\000i\000v\000e\000\040\000R\000e\000p\000a\000i\000r}{chapter.10}% 319
\BOOKMARK [1][-]{section.10.49}{\376\377\000C\000i\000v\000i\000l\000i\000z\000a\000t\000i\000o\000n\000\040\000a\000s\000\040\000R\000e\000p\000e\000a\000t\000e\000d\000\040\000M\000a\000i\000n\000t\000e\000n\000a\000n\000c\000e}{chapter.10}% 320
\BOOKMARK [1][-]{section.10.50}{\376\377\000T\000h\000e\000\040\000B\000o\000d\000y\000\040\000K\000n\000o\000w\000s\000\040\000T\000h\000i\000s\000\040\000A\000l\000r\000e\000a\000d\000y}{chapter.10}% 321
\BOOKMARK [1][-]{section.10.51}{\376\377\000E\000r\000o\000t\000i\000c\000i\000s\000m\000\040\000a\000s\000\040\000S\000o\000c\000i\000a\000l\000\040\000M\000e\000t\000a\000b\000o\000l\000i\000s\000m}{chapter.10}% 322
\BOOKMARK [1][-]{section.10.52}{\376\377\000A\000\040\000R\000e\000p\000a\000i\000r\000\040\000E\000c\000o\000l\000o\000g\000y\000\040\000R\000a\000t\000h\000e\000r\000\040\000T\000h\000a\000n\000\040\000a\000\040\000M\000o\000r\000a\000l\000\040\000H\000i\000e\000r\000a\000r\000c\000h\000y}{chapter.10}% 323
\BOOKMARK [1][-]{section.10.53}{\376\377\000P\000l\000u\000r\000a\000l\000\040\000R\000e\000p\000a\000i\000r}{chapter.10}% 324
\BOOKMARK [1][-]{section.10.54}{\376\377\000F\000o\000r\000m\000a\000l\000\040\000R\000e\000s\000u\000l\000t\000:\000\040\000T\000h\000e\000\040\000A\000g\000e\000n\000c\000y\000\040\000M\000i\000g\000r\000a\000t\000i\000o\000n\000\040\000P\000r\000o\000p\000o\000s\000i\000t\000i\000o\000n}{chapter.10}% 325
\BOOKMARK [1][-]{section.10.55}{\376\377\000F\000o\000r\000m\000a\000l\000\040\000R\000e\000s\000u\000l\000t\000:\000\040\000T\000h\000e\000\040\000R\000e\000f\000u\000s\000a\000l\000\040\000C\000r\000i\000t\000e\000r\000i\000o\000n}{chapter.10}% 326
\BOOKMARK [1][-]{section.10.56}{\376\377\000F\000o\000r\000m\000a\000l\000\040\000R\000e\000s\000u\000l\000t\000:\000\040\000T\000h\000e\000\040\000T\000e\000r\000m\000i\000n\000a\000l\000\040\000E\000x\000p\000e\000n\000d\000i\000t\000u\000r\000e\000\040\000P\000r\000o\000p\000o\000s\000i\000t\000i\000o\000n}{chapter.10}% 327
\BOOKMARK [1][-]{section.10.57}{\376\377\000F\000o\000r\000m\000a\000l\000\040\000R\000e\000s\000u\000l\000t\000:\000\040\000T\000h\000e\000\040\000P\000a\000r\000t\000i\000a\000l\000\040\000R\000e\000p\000a\000i\000r\000\040\000T\000h\000e\000o\000r\000e\000m}{chapter.10}% 328
\BOOKMARK [1][-]{section.10.58}{\376\377\000F\000o\000r\000m\000a\000l\000\040\000R\000e\000s\000u\000l\000t\000:\000\040\000T\000h\000e\000\040\000C\000o\000m\000p\000u\000l\000s\000i\000v\000e\000\040\000R\000e\000p\000a\000i\000r\000\040\000P\000r\000o\000p\000o\000s\000i\000t\000i\000o\000n}{chapter.10}% 329
\BOOKMARK [1][-]{section.10.59}{\376\377\000T\000h\000e\000\040\000E\000x\000h\000a\000u\000s\000t\000e\000d\000\040\000B\000o\000d\000y}{chapter.10}% 330
\BOOKMARK [1][-]{section.10.60}{\376\377\000W\000h\000e\000n\000\040\000L\000u\000s\000t\000\040\000C\000e\000a\000s\000e\000s\000\040\000t\000o\000\040\000D\000i\000s\000t\000r\000a\000c\000t}{chapter.10}% 331
\BOOKMARK [0][-]{chapter.11}{\376\377\000T\000h\000e\000\040\000A\000g\000e\000\040\000o\000f\000\040\000C\000o\000n\000f\000u\000s\000i\000o\000n\000:\000\040\000R\000e\000a\000s\000o\000n\000,\000\040\000C\000l\000a\000s\000s\000i\000f\000i\000c\000a\000t\000i\000o\000n\000,\000\040\000a\000n\000d\000\040\000t\000h\000e\000\040\000L\000i\000m\000i\000t\000s\000\040\000o\000f\000\040\000I\000n\000t\000e\000l\000l\000i\000g\000i\000b\000i\000l\000i\000t\000y}{}% 332
\BOOKMARK [1][-]{section.11.1}{\376\377\000W\000h\000e\000n\000\040\000t\000h\000e\000\040\000M\000i\000n\000d\000\040\000R\000e\000t\000u\000r\000n\000s}{chapter.11}% 333
\BOOKMARK [1][-]{section.11.2}{\376\377\000R\000e\000a\000s\000o\000n\000\040\000a\000s\000\040\000R\000e\000p\000a\000i\000r}{chapter.11}% 334
\BOOKMARK [1][-]{section.11.3}{\376\377\000R\000e\000c\000u\000r\000s\000i\000v\000e\000\040\000E\000p\000i\000s\000t\000e\000m\000i\000c\000\040\000R\000e\000p\000a\000i\000r}{chapter.11}% 335
\BOOKMARK [1][-]{section.11.4}{\376\377\000T\000h\000e\000\040\000S\000e\000d\000u\000c\000t\000i\000o\000n\000\040\000o\000f\000\040\000R\000e\000a\000s\000o\000n}{chapter.11}% 336
\BOOKMARK [1][-]{section.11.5}{\376\377\000T\000h\000e\000\040\000R\000e\000t\000u\000r\000n\000\040\000o\000f\000\040\000E\000p\000i\000s\000t\000e\000m\000i\000c\000\040\000H\000e\000l\000p\000l\000e\000s\000s\000n\000e\000s\000s}{chapter.11}% 337
\BOOKMARK [1][-]{section.11.6}{\376\377\000U\000n\000d\000e\000r\000s\000t\000a\000n\000d\000i\000n\000g\000\040\000I\000s\000\040\000N\000o\000t\000\040\000C\000o\000n\000t\000r\000o\000l}{chapter.11}% 338
\BOOKMARK [1][-]{section.11.7}{\376\377\000T\000h\000e\000\040\000C\000o\000n\000t\000r\000o\000l\000\040\000I\000l\000l\000u\000s\000i\000o\000n}{chapter.11}% 339
\BOOKMARK [1][-]{section.11.8}{\376\377\000T\000h\000e\000\040\000V\000a\000l\000u\000e\000\040\000o\000f\000\040\000a\000n\000\040\000I\000m\000p\000o\000s\000s\000i\000b\000i\000l\000i\000t\000y\000\040\000P\000r\000o\000o\000f}{chapter.11}% 340
\BOOKMARK [1][-]{section.11.9}{\376\377\000N\000e\000g\000a\000t\000i\000v\000e\000\040\000K\000n\000o\000w\000l\000e\000d\000g\000e}{chapter.11}% 341
\BOOKMARK [1][-]{section.11.10}{\376\377\000T\000r\000u\000t\000h\000\040\000a\000n\000d\000\040\000t\000h\000e\000\040\000D\000e\000s\000t\000r\000u\000c\000t\000i\000o\000n\000\040\000o\000f\000\040\000F\000a\000l\000s\000e\000\040\000F\000u\000t\000u\000r\000e\000s}{chapter.11}% 342
\BOOKMARK [1][-]{section.11.11}{\376\377\000T\000h\000e\000\040\000L\000o\000a\000d\000-\000B\000e\000a\000r\000i\000n\000g\000\040\000I\000l\000l\000u\000s\000i\000o\000n}{chapter.11}% 343
\BOOKMARK [1][-]{section.11.12}{\376\377\000R\000e\000a\000s\000o\000n\000\040\000A\000f\000t\000e\000r\000\040\000M\000i\000m\000a}{chapter.11}% 344
\BOOKMARK [1][-]{section.11.13}{\376\377\000E\000p\000i\000s\000t\000e\000m\000i\000c\000\040\000A\000u\000t\000h\000o\000r\000i\000t\000y}{chapter.11}% 345
\BOOKMARK [1][-]{section.11.14}{\376\377\000T\000r\000u\000s\000t\000\040\000a\000n\000d\000\040\000V\000e\000r\000i\000f\000i\000c\000a\000t\000i\000o\000n}{chapter.11}% 346
\BOOKMARK [1][-]{section.11.15}{\376\377\000E\000p\000i\000s\000t\000e\000m\000i\000c\000\040\000M\000o\000n\000o\000c\000u\000l\000t\000u\000r\000e}{chapter.11}% 347
\BOOKMARK [1][-]{section.11.16}{\376\377\000R\000e\000a\000s\000o\000n\000\040\000a\000s\000\040\000C\000o\000m\000p\000r\000e\000s\000s\000i\000o\000n}{chapter.11}% 348
\BOOKMARK [1][-]{section.11.17}{\376\377\000T\000h\000e\000\040\000M\000o\000d\000e\000l\000\040\000I\000s\000\040\000a\000\040\000S\000e\000l\000e\000c\000t\000i\000v\000e\000\040\000B\000o\000u\000n\000d\000a\000r\000y}{chapter.11}% 349
\BOOKMARK [1][-]{section.11.18}{\376\377\000D\000i\000a\000g\000n\000o\000s\000t\000i\000c\000\040\000B\000o\000u\000n\000d\000a\000r\000i\000e\000s}{chapter.11}% 350
\BOOKMARK [1][-]{section.11.19}{\376\377\000T\000h\000e\000\040\000E\000r\000r\000o\000r\000\040\000o\000f\000\040\000T\000o\000t\000a\000l\000\040\000I\000n\000f\000o\000r\000m\000a\000t\000i\000o\000n}{chapter.11}% 351
\BOOKMARK [1][-]{section.11.20}{\376\377\000F\000a\000c\000t\000s\000\040\000a\000n\000d\000\040\000T\000h\000e\000i\000r\000\040\000F\000r\000a\000m\000e\000s}{chapter.11}% 352
\BOOKMARK [1][-]{section.11.21}{\376\377\000T\000h\000e\000\040\000S\000o\000c\000i\000a\000l\000\040\000C\000o\000n\000s\000t\000r\000u\000c\000t\000i\000o\000n\000\040\000o\000f\000\040\000R\000e\000l\000e\000v\000a\000n\000c\000e}{chapter.11}% 353
\BOOKMARK [1][-]{section.11.22}{\376\377\000R\000e\000a\000l\000i\000t\000y\000,\000\040\000R\000e\000p\000r\000e\000s\000e\000n\000t\000a\000t\000i\000o\000n\000,\000\040\000a\000n\000d\000\040\000S\000e\000l\000e\000c\000t\000i\000o\000n}{chapter.11}% 354
\BOOKMARK [1][-]{section.11.23}{\376\377\000R\000e\000a\000s\000o\000n\000\040\000a\000n\000d\000\040\000I\000n\000s\000t\000i\000t\000u\000t\000i\000o\000n\000a\000l\000\040\000P\000o\000w\000e\000r}{chapter.11}% 355
\BOOKMARK [1][-]{section.11.24}{\376\377\000G\000o\000o\000d\000h\000a\000r\000t\000'\000s\000\040\000P\000r\000o\000b\000l\000e\000m}{chapter.11}% 356
\BOOKMARK [1][-]{section.11.25}{\376\377\000C\000l\000a\000s\000s\000i\000f\000i\000c\000a\000t\000i\000o\000n\000\040\000a\000s\000\040\000I\000n\000t\000e\000r\000v\000e\000n\000t\000i\000o\000n}{chapter.11}% 357
\BOOKMARK [1][-]{section.11.26}{\376\377\000R\000e\000a\000s\000o\000n\000\040\000a\000n\000d\000\040\000N\000o\000r\000m\000a\000l\000i\000z\000a\000t\000i\000o\000n}{chapter.11}% 358
\BOOKMARK [1][-]{section.11.27}{\376\377\000T\000h\000e\000\040\000D\000a\000n\000g\000e\000r\000\040\000o\000f\000\040\000P\000a\000t\000h\000o\000l\000o\000g\000i\000z\000i\000n\000g\000\040\000D\000i\000s\000s\000e\000n\000t}{chapter.11}% 359
\BOOKMARK [1][-]{section.11.28}{\376\377\000E\000p\000i\000s\000t\000e\000m\000i\000c\000\040\000A\000d\000m\000i\000s\000s\000i\000b\000i\000l\000i\000t\000y}{chapter.11}% 360
\BOOKMARK [1][-]{section.11.29}{\376\377\000D\000o\000g\000m\000a\000\040\000a\000s\000\040\000F\000r\000o\000z\000e\000n\000\040\000R\000e\000p\000a\000i\000r}{chapter.11}% 361
\BOOKMARK [1][-]{section.11.30}{\376\377\000R\000e\000a\000s\000o\000n\000\040\000C\000a\000n\000\040\000B\000e\000c\000o\000m\000e\000\040\000R\000i\000t\000u\000a\000l}{chapter.11}% 362
\BOOKMARK [1][-]{section.11.31}{\376\377\000T\000h\000e\000\040\000T\000e\000c\000h\000n\000o\000c\000r\000a\000c\000y\000\040\000o\000f\000\040\000t\000h\000e\000\040\000L\000o\000s\000t\000\040\000S\000h\000i\000p}{chapter.11}% 363
\BOOKMARK [1][-]{section.11.32}{\376\377\000D\000o\000m\000a\000i\000n\000-\000S\000p\000e\000c\000i\000f\000i\000c\000\040\000A\000u\000t\000h\000o\000r\000i\000t\000y}{chapter.11}% 364
\BOOKMARK [1][-]{section.11.33}{\376\377\000R\000e\000a\000s\000o\000n\000\040\000a\000n\000d\000\040\000t\000h\000e\000\040\000N\000e\000e\000d\000\040\000f\000o\000r\000\040\000H\000u\000m\000i\000l\000i\000t\000y}{chapter.11}% 365
\BOOKMARK [1][-]{section.11.34}{\376\377\000T\000h\000e\000\040\000M\000o\000d\000e\000l\000\040\000a\000n\000d\000\040\000t\000h\000e\000\040\000W\000o\000r\000l\000d}{chapter.11}% 366
\BOOKMARK [1][-]{section.11.35}{\376\377\000M\000o\000d\000e\000l\000s\000\040\000a\000s\000\040\000A\000c\000t\000i\000o\000n\000\040\000I\000n\000t\000e\000r\000f\000a\000c\000e\000s}{chapter.11}% 367
\BOOKMARK [1][-]{section.11.36}{\376\377\000R\000e\000p\000r\000e\000s\000e\000n\000t\000a\000t\000i\000o\000n\000\040\000a\000n\000d\000\040\000R\000e\000a\000c\000h\000a\000b\000i\000l\000i\000t\000y}{chapter.11}% 368
\BOOKMARK [1][-]{section.11.37}{\376\377\000E\000p\000i\000s\000t\000e\000m\000o\000l\000o\000g\000y\000\040\000a\000s\000\040\000R\000e\000a\000c\000h\000a\000b\000i\000l\000i\000t\000y\000\040\000E\000s\000t\000i\000m\000a\000t\000i\000o\000n}{chapter.11}% 369
\BOOKMARK [1][-]{section.11.38}{\376\377\000T\000h\000e\000\040\000V\000i\000o\000l\000e\000n\000c\000e\000\040\000o\000f\000\040\000`\000`\000I\000m\000p\000o\000s\000s\000i\000b\000l\000e\000'\000'}{chapter.11}% 370
\BOOKMARK [1][-]{section.11.39}{\376\377\000U\000n\000k\000n\000o\000w\000n\000\040\000I\000s\000\040\000N\000o\000t\000\040\000I\000m\000p\000o\000s\000s\000i\000b\000l\000e}{chapter.11}% 371
\BOOKMARK [1][-]{section.11.40}{\376\377\000U\000n\000c\000e\000r\000t\000a\000i\000n\000t\000y\000\040\000a\000s\000\040\000a\000\040\000S\000o\000c\000i\000a\000l\000\040\000B\000u\000r\000d\000e\000n}{chapter.11}% 372
\BOOKMARK [1][-]{section.11.41}{\376\377\000T\000h\000e\000\040\000R\000a\000t\000i\000o\000n\000a\000l\000i\000s\000t\000\040\000T\000e\000m\000p\000t\000a\000t\000i\000o\000n}{chapter.11}% 373
\BOOKMARK [1][-]{section.11.42}{\376\377\000R\000e\000f\000l\000e\000x\000i\000v\000e\000\040\000S\000y\000s\000t\000e\000m\000s}{chapter.11}% 374
\BOOKMARK [1][-]{section.11.43}{\376\377\000T\000h\000e\000\040\000O\000b\000s\000e\000r\000v\000e\000r\000\040\000I\000n\000s\000i\000d\000e\000\040\000t\000h\000e\000\040\000S\000y\000s\000t\000e\000m}{chapter.11}% 375
\BOOKMARK [1][-]{section.11.44}{\376\377\000O\000b\000j\000e\000c\000t\000i\000v\000i\000t\000y\000\040\000a\000s\000\040\000E\000r\000r\000o\000r\000-\000C\000o\000r\000r\000e\000c\000t\000i\000n\000g\000\040\000P\000r\000o\000c\000e\000d\000u\000r\000e}{chapter.11}% 376
\BOOKMARK [1][-]{section.11.45}{\376\377\000S\000c\000i\000e\000n\000c\000e\000\040\000a\000s\000\040\000S\000o\000c\000i\000a\000l\000\040\000R\000e\000p\000a\000i\000r\000\040\000A\000r\000c\000h\000i\000t\000e\000c\000t\000u\000r\000e}{chapter.11}% 377
\BOOKMARK [1][-]{section.11.46}{\376\377\000R\000e\000a\000s\000o\000n\000\040\000a\000s\000\040\000C\000o\000l\000l\000e\000c\000t\000i\000v\000e\000\040\000I\000n\000f\000r\000a\000s\000t\000r\000u\000c\000t\000u\000r\000e}{chapter.11}% 378
\BOOKMARK [1][-]{section.11.47}{\376\377\000C\000o\000g\000n\000i\000t\000i\000v\000e\000\040\000O\000f\000f\000l\000o\000a\000d\000i\000n\000g}{chapter.11}% 379
\BOOKMARK [1][-]{section.11.48}{\376\377\000T\000h\000e\000\040\000D\000e\000p\000e\000n\000d\000e\000n\000c\000y\000\040\000P\000a\000r\000a\000d\000o\000x}{chapter.11}% 380
\BOOKMARK [1][-]{section.11.49}{\376\377\000E\000p\000i\000s\000t\000e\000m\000i\000c\000\040\000F\000u\000l\000l\000\040\000C\000o\000n\000d\000o\000m}{chapter.11}% 381
\BOOKMARK [1][-]{section.11.50}{\376\377\000N\000o\000\040\000S\000i\000l\000e\000n\000t\000\040\000E\000p\000i\000s\000t\000e\000m\000i\000c\000\040\000P\000r\000i\000v\000i\000l\000e\000g\000e}{chapter.11}% 382
\BOOKMARK [1][-]{section.11.51}{\376\377\000R\000e\000a\000s\000o\000n\000\040\000a\000n\000d\000\040\000t\000h\000e\000\040\000N\000e\000e\000d\000\040\000t\000o\000\040\000S\000t\000o\000p}{chapter.11}% 383
\BOOKMARK [1][-]{section.11.52}{\376\377\000R\000u\000m\000i\000n\000a\000t\000i\000o\000n\000\040\000a\000s\000\040\000C\000o\000m\000p\000u\000l\000s\000i\000v\000e\000\040\000E\000p\000i\000s\000t\000e\000m\000i\000c\000\040\000R\000e\000p\000a\000i\000r}{chapter.11}% 384
\BOOKMARK [1][-]{section.11.53}{\376\377\000T\000h\000e\000\040\000E\000x\000p\000l\000a\000n\000a\000t\000o\000r\000y\000\040\000T\000r\000e\000a\000d\000m\000i\000l\000l}{chapter.11}% 385
\BOOKMARK [1][-]{section.11.54}{\376\377\000T\000h\000e\000\040\000D\000e\000s\000i\000r\000e\000\040\000f\000o\000r\000\040\000t\000h\000e\000\040\000F\000i\000n\000a\000l\000\040\000W\000h\000y}{chapter.11}% 386
\BOOKMARK [1][-]{section.11.55}{\376\377\000E\000x\000p\000l\000a\000n\000a\000t\000o\000r\000y\000\040\000T\000y\000p\000e\000\040\000E\000r\000r\000o\000r\000s}{chapter.11}% 387
\BOOKMARK [1][-]{section.11.56}{\376\377\000T\000h\000e\000\040\000L\000i\000m\000i\000t\000\040\000o\000f\000\040\000E\000x\000p\000l\000a\000n\000a\000t\000i\000o\000n}{chapter.11}% 388
\BOOKMARK [1][-]{section.11.57}{\376\377\000T\000h\000e\000\040\000I\000s\040\023\000O\000u\000g\000h\000t\000\040\000B\000o\000u\000n\000d\000a\000r\000y}{chapter.11}% 389
\BOOKMARK [1][-]{section.11.58}{\376\377\000R\000e\000a\000s\000o\000n\000\040\000a\000s\000\040\000S\000e\000r\000v\000a\000n\000t\000\040\000o\000f\000\040\000C\000o\000n\000t\000i\000n\000u\000a\000t\000i\000o\000n}{chapter.11}% 390
\BOOKMARK [1][-]{section.11.59}{\376\377\000A\000g\000a\000i\000n\000s\000t\000\040\000t\000h\000e\000\040\000F\000a\000l\000s\000e\000\040\000O\000p\000p\000o\000s\000i\000t\000i\000o\000n\000\040\000o\000f\000\040\000R\000e\000a\000s\000o\000n\000\040\000a\000n\000d\000\040\000D\000e\000s\000i\000r\000e}{chapter.11}% 391
\BOOKMARK [1][-]{section.11.60}{\376\377\000T\000h\000e\000\040\000R\000a\000t\000i\000o\000n\000a\000l\000\040\000D\000i\000s\000c\000o\000v\000e\000r\000y\000\040\000o\000f\000\040\000V\000a\000l\000u\000e}{chapter.11}% 392
\BOOKMARK [1][-]{section.11.61}{\376\377\000T\000h\000e\000\040\000R\000a\000t\000i\000o\000n\000a\000l\000\040\000D\000i\000s\000c\000o\000v\000e\000r\000y\000\040\000o\000f\000\040\000L\000i\000m\000i\000t\000s}{chapter.11}% 393
\BOOKMARK [1][-]{section.11.62}{\376\377\000R\000e\000a\000s\000o\000n\000\040\000a\000s\000\040\000a\000\040\000B\000o\000u\000n\000d\000a\000r\000y\000-\000S\000e\000n\000s\000i\000n\000g\000\040\000S\000y\000s\000t\000e\000m}{chapter.11}% 394
\BOOKMARK [1][-]{section.11.63}{\376\377\000F\000o\000r\000m\000a\000l\000\040\000R\000e\000s\000u\000l\000t\000:\000\040\000T\000h\000e\000\040\000K\000n\000o\000w\000l\000e\000d\000g\000e\040\023\000C\000o\000n\000t\000r\000o\000l\000\040\000S\000e\000p\000a\000r\000a\000t\000i\000o\000n\000\040\000T\000h\000e\000o\000r\000e\000m}{chapter.11}% 395
\BOOKMARK [1][-]{section.11.64}{\376\377\000F\000o\000r\000m\000a\000l\000\040\000R\000e\000s\000u\000l\000t\000:\000\040\000T\000h\000e\000\040\000N\000e\000g\000a\000t\000i\000v\000e\000\040\000K\000n\000o\000w\000l\000e\000d\000g\000e\000\040\000P\000r\000o\000p\000o\000s\000i\000t\000i\000o\000n}{chapter.11}% 396
\BOOKMARK [1][-]{section.11.65}{\376\377\000F\000o\000r\000m\000a\000l\000\040\000R\000e\000s\000u\000l\000t\000:\000\040\000T\000h\000e\000\040\000M\000o\000d\000e\000l\000\040\000S\000u\000f\000f\000i\000c\000i\000e\000n\000c\000y\000\040\000P\000r\000o\000p\000o\000s\000i\000t\000i\000o\000n}{chapter.11}% 397
\BOOKMARK [1][-]{section.11.66}{\376\377\000F\000o\000r\000m\000a\000l\000\040\000R\000e\000s\000u\000l\000t\000:\000\040\000T\000h\000e\000\040\000C\000o\000r\000r\000i\000g\000i\000b\000i\000l\000i\000t\000y\000\040\000C\000r\000i\000t\000e\000r\000i\000o\000n}{chapter.11}% 398
\BOOKMARK [1][-]{section.11.67}{\376\377\000F\000o\000r\000m\000a\000l\000\040\000R\000e\000s\000u\000l\000t\000:\000\040\000T\000h\000e\000\040\000E\000p\000i\000s\000t\000e\000m\000i\000c\000\040\000S\000t\000o\000p\000p\000i\000n\000g\000\040\000P\000r\000o\000p\000o\000s\000i\000t\000i\000o\000n}{chapter.11}% 399
\BOOKMARK [1][-]{section.11.68}{\376\377\000F\000o\000r\000m\000a\000l\000\040\000R\000e\000s\000u\000l\000t\000:\000\040\000T\000h\000e\000\040\000M\000o\000d\000a\000l\000\040\000D\000i\000s\000t\000i\000n\000c\000t\000i\000o\000n\000\040\000T\000h\000e\000o\000r\000e\000m}{chapter.11}% 400
\BOOKMARK [1][-]{section.11.69}{\376\377\000T\000h\000e\000\040\000E\000x\000h\000a\000u\000s\000t\000i\000o\000n\000\040\000o\000f\000\040\000P\000u\000r\000e\000\040\000R\000e\000a\000s\000o\000n}{chapter.11}% 401
\BOOKMARK [1][-]{section.11.70}{\376\377\000R\000e\000f\000r\000a\000m\000i\000n\000g\000\040\000t\000h\000e\000\040\000O\000b\000j\000e\000c\000t\000i\000v\000e}{chapter.11}% 402
\BOOKMARK [1][-]{section.11.71}{\376\377\000F\000r\000o\000m\000\040\000S\000o\000l\000v\000i\000n\000g\000\040\000t\000o\000\040\000L\000i\000v\000i\000n\000g}{chapter.11}% 403
\BOOKMARK [1][-]{section.11.72}{\376\377\000T\000h\000e\000\040\000E\000n\000d\000\040\000o\000f\000\040\000t\000h\000e\000\040\000A\000g\000e\000\040\000o\000f\000\040\000C\000o\000n\000f\000u\000s\000i\000o\000n}{chapter.11}% 404
\BOOKMARK [1][-]{section.11.73}{\376\377\000T\000h\000e\000\040\000B\000e\000g\000i\000n\000n\000i\000n\000g\000\040\000o\000f\000\040\000t\000h\000e\000\040\000A\000f\000t\000e\000r\000m\000a\000t\000h}{chapter.11}% 405
\BOOKMARK [0][-]{chapter.12}{\376\377\000T\000h\000e\000\040\000A\000f\000t\000e\000r\000m\000a\000t\000h\000:\000\040\000E\000x\000i\000l\000e\000,\000\040\000M\000e\000m\000o\000r\000y\000,\000\040\000a\000n\000d\000\040\000t\000h\000e\000\040\000N\000o\000r\000m\000a\000l\000i\000z\000a\000t\000i\000o\000n\000\040\000o\000f\000\040\000C\000a\000t\000a\000s\000t\000r\000o\000p\000h\000e}{}% 406
\BOOKMARK [1][-]{section.12.1}{\376\377\000W\000h\000e\000n\000\040\000C\000a\000t\000a\000s\000t\000r\000o\000p\000h\000e\000\040\000B\000e\000c\000o\000m\000e\000s\000\040\000O\000r\000d\000i\000n\000a\000r\000y}{chapter.12}% 407
\BOOKMARK [1][-]{section.12.2}{\376\377\000T\000h\000e\000\040\000M\000o\000v\000i\000n\000g\000\040\000B\000a\000s\000e\000l\000i\000n\000e}{chapter.12}% 408
\BOOKMARK [1][-]{section.12.3}{\376\377\000A\000d\000a\000p\000t\000a\000t\000i\000o\000n\000\040\000I\000s\000\040\000N\000o\000t\000\040\000A\000p\000p\000r\000o\000v\000a\000l}{chapter.12}% 409
\BOOKMARK [1][-]{section.12.4}{\376\377\000N\000o\000r\000m\000a\000l\000i\000z\000a\000t\000i\000o\000n\000\040\000a\000s\000\040\000R\000e\000p\000a\000i\000r}{chapter.12}% 410
\BOOKMARK [1][-]{section.12.5}{\376\377\000T\000h\000e\000\040\000C\000o\000s\000t\000\040\000o\000f\000\040\000S\000u\000c\000c\000e\000s\000s\000f\000u\000l\000\040\000A\000d\000a\000p\000t\000a\000t\000i\000o\000n}{chapter.12}% 411
\BOOKMARK [1][-]{section.12.6}{\376\377\000T\000h\000e\000\040\000R\000a\000t\000c\000h\000e\000t\000\040\000o\000f\000\040\000H\000i\000s\000t\000o\000r\000y}{chapter.12}% 412
\BOOKMARK [1][-]{section.12.7}{\376\377\000S\000o\000c\000i\000a\000l\000\040\000H\000y\000s\000t\000e\000r\000e\000s\000i\000s}{chapter.12}% 413
\BOOKMARK [1][-]{section.12.8}{\376\377\000F\000r\000o\000m\000\040\000V\000e\000h\000i\000c\000l\000e\000\040\000t\000o\000\040\000H\000a\000b\000i\000t\000a\000t}{chapter.12}% 414
\BOOKMARK [1][-]{section.12.9}{\376\377\000T\000h\000e\000\040\000A\000r\000c\000h\000i\000t\000e\000c\000t\000u\000r\000e\000\040\000o\000f\000\040\000T\000e\000m\000p\000o\000r\000a\000r\000i\000n\000e\000s\000s}{chapter.12}% 415
\BOOKMARK [1][-]{section.12.10}{\376\377\000T\000h\000e\000\040\000E\000m\000e\000r\000g\000e\000n\000c\000y\000\040\000B\000e\000c\000o\000m\000e\000s\000\040\000a\000n\000\040\000I\000n\000s\000t\000i\000t\000u\000t\000i\000o\000n}{chapter.12}% 416
\BOOKMARK [1][-]{section.12.11}{\376\377\000D\000u\000r\000a\000t\000i\000o\000n\000\040\000a\000s\000\040\000L\000e\000g\000i\000t\000i\000m\000a\000c\000y}{chapter.12}% 417
\BOOKMARK [1][-]{section.12.12}{\376\377\000T\000h\000e\000\040\000F\000i\000r\000s\000t\000\040\000G\000e\000n\000e\000r\000a\000t\000i\000o\000n\000\040\000o\000f\000\040\000E\000x\000i\000l\000e}{chapter.12}% 418
\BOOKMARK [1][-]{section.12.13}{\376\377\000E\000m\000b\000o\000d\000i\000e\000d\000\040\000M\000e\000m\000o\000r\000y}{chapter.12}% 419
\BOOKMARK [1][-]{section.12.14}{\376\377\000M\000e\000m\000o\000r\000y\000\040\000a\000s\000\040\000L\000o\000s\000s\000y\000\040\000C\000o\000m\000p\000r\000e\000s\000s\000i\000o\000n}{chapter.12}% 420
\BOOKMARK [1][-]{section.12.15}{\376\377\000T\000h\000e\000\040\000D\000i\000a\000g\000n\000o\000s\000t\000i\000c\000\040\000B\000o\000u\000n\000d\000a\000r\000y\000\040\000o\000f\000\040\000M\000e\000m\000o\000r\000y}{chapter.12}% 421
\BOOKMARK [1][-]{section.12.16}{\376\377\000W\000h\000o\000\040\000O\000w\000n\000s\000\040\000t\000h\000e\000\040\000P\000a\000s\000t\000?}{chapter.12}% 422
\BOOKMARK [1][-]{section.12.17}{\376\377\000T\000h\000e\000\040\000P\000o\000l\000i\000t\000i\000c\000s\000\040\000o\000f\000\040\000R\000e\000m\000e\000m\000b\000e\000r\000i\000n\000g}{chapter.12}% 423
\BOOKMARK [1][-]{section.12.18}{\376\377\000T\000h\000e\000\040\000P\000o\000l\000i\000t\000i\000c\000s\000\040\000o\000f\000\040\000F\000o\000r\000g\000e\000t\000t\000i\000n\000g}{chapter.12}% 424
\BOOKMARK [1][-]{section.12.19}{\376\377\000M\000e\000m\000o\000r\000y\000\040\000a\000s\000\040\000C\000o\000n\000s\000t\000r\000a\000i\000n\000t}{chapter.12}% 425
\BOOKMARK [1][-]{section.12.20}{\376\377\000T\000r\000a\000d\000i\000t\000i\000o\000n\000\040\000a\000s\000\040\000C\000a\000c\000h\000e\000d\000\040\000R\000e\000p\000a\000i\000r}{chapter.12}% 426
\BOOKMARK [1][-]{section.12.21}{\376\377\000T\000h\000e\000\040\000S\000e\000c\000o\000n\000d\000\040\000G\000e\000n\000e\000r\000a\000t\000i\000o\000n}{chapter.12}% 427
\BOOKMARK [1][-]{section.12.22}{\376\377\000E\000x\000i\000l\000e\000\040\000W\000i\000t\000h\000o\000u\000t\000\040\000D\000e\000p\000a\000r\000t\000u\000r\000e}{chapter.12}% 428
\BOOKMARK [1][-]{section.12.23}{\376\377\000I\000n\000h\000e\000r\000i\000t\000e\000d\000\040\000N\000o\000s\000t\000a\000l\000g\000i\000a}{chapter.12}% 429
\BOOKMARK [1][-]{section.12.24}{\376\377\000T\000h\000e\000\040\000I\000m\000a\000g\000i\000n\000e\000d\000\040\000E\000a\000r\000t\000h}{chapter.12}% 430
\BOOKMARK [1][-]{section.12.25}{\376\377\000T\000h\000e\000\040\000U\000n\000f\000a\000l\000s\000i\000f\000i\000a\000b\000l\000e\000\040\000H\000o\000m\000e\000l\000a\000n\000d}{chapter.12}% 431
\BOOKMARK [1][-]{section.12.26}{\376\377\000T\000h\000e\000\040\000A\000r\000c\000h\000i\000v\000e\000\040\000a\000n\000d\000\040\000t\000h\000e\000\040\000M\000y\000t\000h}{chapter.12}% 432
\BOOKMARK [1][-]{section.12.27}{\376\377\000T\000h\000e\000\040\000A\000r\000c\000h\000i\000v\000e\000\040\000a\000s\000\040\000E\000x\000t\000e\000r\000n\000a\000l\000\040\000M\000e\000m\000o\000r\000y}{chapter.12}% 433
\BOOKMARK [1][-]{section.12.28}{\376\377\000A\000r\000c\000h\000i\000v\000e\000\040\000F\000a\000i\000l\000u\000r\000e}{chapter.12}% 434
\BOOKMARK [1][-]{section.12.29}{\376\377\000M\000e\000m\000o\000r\000y\000\040\000H\000a\000s\000\040\000a\000\040\000M\000e\000t\000a\000b\000o\000l\000i\000c\000\040\000C\000o\000s\000t}{chapter.12}% 435
\BOOKMARK [1][-]{section.12.30}{\376\377\000T\000h\000e\000\040\000E\000c\000o\000n\000o\000m\000i\000c\000s\000\040\000o\000f\000\040\000R\000e\000m\000e\000m\000b\000r\000a\000n\000c\000e}{chapter.12}% 436
\BOOKMARK [1][-]{section.12.31}{\376\377\000W\000h\000a\000t\000\040\000I\000s\000\040\000W\000o\000r\000t\000h\000\040\000R\000e\000m\000e\000m\000b\000e\000r\000i\000n\000g\000?}{chapter.12}% 437
\BOOKMARK [1][-]{section.12.32}{\376\377\000P\000r\000e\000s\000e\000r\000v\000a\000t\000i\000o\000n\000\040\000a\000n\000d\000\040\000D\000i\000s\000t\000i\000n\000c\000t\000i\000o\000n}{chapter.12}% 438
\BOOKMARK [1][-]{section.12.33}{\376\377\000I\000n\000f\000o\000r\000m\000a\000t\000i\000o\000n\000\040\000a\000s\000\040\000P\000r\000e\000s\000e\000r\000v\000e\000d\000\040\000D\000i\000f\000f\000e\000r\000e\000n\000c\000e}{chapter.12}% 439
\BOOKMARK [1][-]{section.12.34}{\376\377\000I\000d\000e\000n\000t\000i\000t\000y\000\040\000a\000s\000\040\000R\000e\000p\000a\000i\000r\000e\000d\000\040\000M\000e\000m\000o\000r\000y}{chapter.12}% 440
\BOOKMARK [1][-]{section.12.35}{\376\377\000D\000i\000a\000s\000p\000o\000r\000i\000c\000\040\000I\000d\000e\000n\000t\000i\000t\000y}{chapter.12}% 441
\BOOKMARK [1][-]{section.12.36}{\376\377\000S\000u\000b\000s\000t\000r\000a\000t\000e\000\040\000M\000i\000g\000r\000a\000t\000i\000o\000n}{chapter.12}% 442
\BOOKMARK [1][-]{section.12.37}{\376\377\000T\000h\000e\000\040\000S\000h\000i\000p\000\040\000a\000s\000\040\000N\000e\000w\000\040\000S\000u\000b\000s\000t\000r\000a\000t\000e}{chapter.12}% 443
\BOOKMARK [1][-]{section.12.38}{\376\377\000T\000h\000e\000\040\000S\000a\000m\000p\000l\000i\000n\000g\000\040\000P\000r\000o\000b\000l\000e\000m}{chapter.12}% 444
\BOOKMARK [1][-]{section.12.39}{\376\377\000T\000h\000e\000\040\000F\000o\000u\000n\000d\000e\000r\000\040\000E\000f\000f\000e\000c\000t}{chapter.12}% 445
\BOOKMARK [1][-]{section.12.40}{\376\377\000T\000h\000e\000\040\000S\000o\000c\000i\000o\000l\000o\000g\000y\000\040\000o\000f\000\040\000t\000h\000e\000\040\000L\000a\000s\000t\000\040\000H\000u\000m\000a\000n\000s}{chapter.12}% 446
\BOOKMARK [1][-]{section.12.41}{\376\377\000C\000l\000o\000s\000e\000d\000-\000W\000o\000r\000l\000d\000\040\000S\000o\000c\000i\000o\000l\000o\000g\000y}{chapter.12}% 447
\BOOKMARK [1][-]{section.12.42}{\376\377\000T\000h\000e\000\040\000L\000o\000s\000s\000\040\000o\000f\000\040\000C\000o\000u\000n\000t\000e\000r\000f\000a\000c\000t\000u\000a\000l\000s}{chapter.12}% 448
\BOOKMARK [1][-]{section.12.43}{\376\377\000C\000o\000n\000t\000i\000n\000g\000e\000n\000c\000y\000\040\000B\000e\000c\000o\000m\000e\000s\000\040\000T\000r\000a\000d\000i\000t\000i\000o\000n}{chapter.12}% 449
\BOOKMARK [1][-]{section.12.44}{\376\377\000H\000i\000s\000t\000o\000r\000y\000\040\000a\000s\000\040\000R\000e\000c\000o\000n\000s\000t\000r\000u\000c\000t\000i\000o\000n\000\040\000o\000f\000\040\000R\000e\000a\000c\000h\000a\000b\000i\000l\000i\000t\000y}{chapter.12}% 450
\BOOKMARK [1][-]{section.12.45}{\376\377\000T\000h\000e\000\040\000M\000o\000r\000a\000l\000i\000z\000a\000t\000i\000o\000n\000\040\000o\000f\000\040\000H\000i\000s\000t\000o\000r\000y}{chapter.12}% 451
\BOOKMARK [1][-]{section.12.46}{\376\377\000I\000n\000h\000e\000r\000i\000t\000e\000d\000\040\000G\000u\000i\000l\000t}{chapter.12}% 452
\BOOKMARK [1][-]{section.12.47}{\376\377\000R\000e\000s\000p\000o\000n\000s\000i\000b\000i\000l\000i\000t\000y\000\040\000W\000i\000t\000h\000o\000u\000t\000\040\000G\000u\000i\000l\000t}{chapter.12}% 453
\BOOKMARK [1][-]{section.12.48}{\376\377\000T\000h\000e\000\040\000B\000u\000r\000d\000e\000n\000\040\000o\000f\000\040\000A\000n\000c\000e\000s\000t\000r\000a\000l\000\040\000F\000a\000i\000l\000u\000r\000e}{chapter.12}% 454
\BOOKMARK [1][-]{section.12.49}{\376\377\000A\000g\000a\000i\000n\000s\000t\000\040\000S\000p\000e\000c\000i\000e\000s\000\040\000E\000s\000s\000e\000n\000t\000i\000a\000l\000i\000s\000m}{chapter.12}% 455
\BOOKMARK [1][-]{section.12.50}{\376\377\000T\000h\000e\000\040\000D\000i\000s\000e\000a\000s\000e\000\040\000M\000e\000t\000a\000p\000h\000o\000r\000\040\000a\000n\000d\000\040\000I\000t\000s\000\040\000P\000o\000l\000i\000t\000i\000c\000s}{chapter.12}% 456
\BOOKMARK [1][-]{section.12.51}{\376\377\000R\000e\000p\000a\000i\000r\000\040\000R\000e\000q\000u\000i\000r\000e\000s\000\040\000D\000i\000s\000t\000i\000n\000c\000t\000i\000o\000n}{chapter.12}% 457
\BOOKMARK [1][-]{section.12.52}{\376\377\000C\000o\000l\000l\000e\000c\000t\000i\000v\000e\000\040\000S\000h\000a\000m\000e}{chapter.12}% 458
\BOOKMARK [1][-]{section.12.53}{\376\377\000T\000h\000e\000\040\000L\000a\000s\000t\000\040\000H\000u\000m\000a\000n\000\040\000P\000a\000r\000a\000d\000o\000x}{chapter.12}% 459
\BOOKMARK [1][-]{section.12.54}{\376\377\000E\000x\000i\000s\000t\000e\000n\000t\000i\000a\000l\000\040\000L\000e\000g\000i\000t\000i\000m\000a\000c\000y}{chapter.12}% 460
\BOOKMARK [1][-]{section.12.55}{\376\377\000T\000h\000e\000\040\000S\000o\000c\000i\000o\000l\000o\000g\000y\000\040\000o\000f\000\040\000N\000o\000\040\000F\000u\000t\000u\000r\000e}{chapter.12}% 461
\BOOKMARK [1][-]{section.12.56}{\376\377\000E\000x\000p\000e\000c\000t\000a\000t\000i\000o\000n\000s\000\040\000a\000s\000\040\000C\000a\000u\000s\000a\000l\000\040\000V\000a\000r\000i\000a\000b\000l\000e\000s}{chapter.12}% 462
\BOOKMARK [1][-]{section.12.57}{\376\377\000W\000a\000r\000r\000a\000n\000t\000e\000d\000\040\000H\000o\000p\000e}{chapter.12}% 463
\BOOKMARK [1][-]{section.12.58}{\376\377\000H\000o\000p\000e\000\040\000A\000f\000t\000e\000r\000\040\000I\000r\000r\000e\000v\000e\000r\000s\000i\000b\000i\000l\000i\000t\000y}{chapter.12}% 464
\BOOKMARK [1][-]{section.12.59}{\376\377\000R\000e\000p\000a\000i\000r\000\040\000W\000i\000t\000h\000o\000u\000t\000\040\000R\000e\000s\000t\000o\000r\000a\000t\000i\000o\000n}{chapter.12}% 465
\BOOKMARK [1][-]{section.12.60}{\376\377\000T\000h\000e\000\040\000E\000t\000h\000i\000c\000s\000\040\000o\000f\000\040\000t\000h\000e\000\040\000N\000e\000w\000\040\000H\000o\000m\000e}{chapter.12}% 466
\BOOKMARK [1][-]{section.12.61}{\376\377\000H\000o\000m\000e\000\040\000a\000s\000\040\000a\000\040\000R\000e\000l\000a\000t\000i\000o\000n}{chapter.12}% 467
\BOOKMARK [1][-]{section.12.62}{\376\377\000H\000o\000m\000e\000\040\000W\000i\000t\000h\000o\000u\000t\000\040\000G\000r\000o\000u\000n\000d}{chapter.12}% 468
\BOOKMARK [1][-]{section.12.63}{\376\377\000T\000h\000e\000\040\000S\000h\000i\000p\000\040\000o\000f\000\040\000T\000h\000e\000s\000e\000u\000s\000\040\000B\000e\000c\000o\000m\000e\000s\000\040\000L\000i\000t\000e\000r\000a\000l}{chapter.12}% 469
\BOOKMARK [1][-]{section.12.64}{\376\377\000I\000d\000e\000n\000t\000i\000t\000y\000\040\000U\000n\000d\000e\000r\000\040\000R\000e\000p\000l\000a\000c\000e\000m\000e\000n\000t}{chapter.12}% 470
\BOOKMARK [1][-]{section.12.65}{\376\377\000R\000e\000c\000u\000r\000s\000i\000v\000e\000\040\000R\000e\000p\000a\000i\000r\000\040\000a\000n\000d\000\040\000I\000d\000e\000n\000t\000i\000t\000y}{chapter.12}% 471
\BOOKMARK [1][-]{section.12.66}{\376\377\000T\000h\000e\000\040\000L\000i\000m\000i\000t\000s\000\040\000o\000f\000\040\000R\000e\000p\000a\000i\000r}{chapter.12}% 472
\BOOKMARK [1][-]{section.12.67}{\376\377\000M\000a\000i\000n\000t\000e\000n\000a\000n\000c\000e\000\040\000D\000e\000b\000t}{chapter.12}% 473
\BOOKMARK [1][-]{section.12.68}{\376\377\000T\000h\000e\000\040\000T\000w\000e\000n\000t\000y\000-\000Y\000e\000a\000r\000\040\000T\000h\000r\000e\000s\000h\000o\000l\000d}{chapter.12}% 474
\BOOKMARK [1][-]{section.12.69}{\376\377\000A\000\040\000G\000e\000n\000e\000r\000a\000t\000i\000o\000n\000\040\000a\000s\000\040\000a\000\040\000R\000e\000p\000a\000i\000r\000\040\000I\000n\000t\000e\000r\000v\000a\000l}{chapter.12}% 475
\BOOKMARK [1][-]{section.12.70}{\376\377\000I\000n\000t\000e\000r\000g\000e\000n\000e\000r\000a\000t\000i\000o\000n\000a\000l\000\040\000A\000d\000m\000i\000s\000s\000i\000b\000i\000l\000i\000t\000y}{chapter.12}% 476
\BOOKMARK [1][-]{section.12.71}{\376\377\000T\000h\000e\000\040\000E\000t\000h\000i\000c\000s\000\040\000o\000f\000\040\000O\000p\000t\000i\000o\000n\000\040\000P\000r\000e\000s\000e\000r\000v\000a\000t\000i\000o\000n}{chapter.12}% 477
\BOOKMARK [1][-]{section.12.72}{\376\377\000T\000h\000e\000\040\000U\000n\000b\000o\000r\000n\000\040\000a\000s\000\040\000F\000u\000t\000u\000r\000e\000\040\000A\000g\000e\000n\000t\000s}{chapter.12}% 478
\BOOKMARK [1][-]{section.12.73}{\376\377\000T\000h\000e\000\040\000U\000l\000t\000i\000m\000a\000t\000e\000\040\000N\000o\000n\000-\000R\000e\000c\000i\000p\000r\000o\000c\000a\000l\000\040\000R\000e\000l\000a\000t\000i\000o\000n\000s\000h\000i\000p}{chapter.12}% 479
\BOOKMARK [1][-]{section.12.74}{\376\377\000I\000n\000h\000e\000r\000i\000t\000a\000n\000c\000e\000\040\000a\000s\000\040\000S\000t\000a\000t\000e\000\040\000T\000r\000a\000n\000s\000f\000e\000r}{chapter.12}% 480
\BOOKMARK [1][-]{section.12.75}{\376\377\000T\000h\000e\000\040\000I\000n\000h\000e\000r\000i\000t\000a\000n\000c\000e\000\040\000o\000f\000\040\000C\000o\000n\000s\000t\000r\000a\000i\000n\000t\000s}{chapter.12}% 481
\BOOKMARK [1][-]{section.12.76}{\376\377\000S\000i\000t\000u\000a\000t\000e\000d\000\040\000F\000r\000e\000e\000d\000o\000m}{chapter.12}% 482
\BOOKMARK [1][-]{section.12.77}{\376\377\000T\000h\000e\000\040\000S\000o\000c\000i\000o\000l\000o\000g\000y\000\040\000o\000f\000\040\000t\000h\000e\000\040\000C\000o\000r\000r\000i\000d\000o\000r}{chapter.12}% 483
\BOOKMARK [1][-]{section.12.78}{\376\377\000B\000u\000i\000l\000t\000\040\000E\000n\000v\000i\000r\000o\000n\000m\000e\000n\000t\000\040\000a\000s\000\040\000F\000r\000o\000z\000e\000n\000\040\000P\000o\000l\000i\000c\000y}{chapter.12}% 484
\BOOKMARK [1][-]{section.12.79}{\376\377\000R\000e\000p\000u\000r\000p\000o\000s\000i\000n\000g\000\040\000a\000s\000\040\000S\000p\000a\000t\000i\000a\000l\000\040\000R\000e\000p\000a\000i\000r}{chapter.12}% 485
\BOOKMARK [1][-]{section.12.80}{\376\377\000T\000h\000e\000\040\000P\000r\000o\000d\000u\000c\000t\000i\000o\000n\000\040\000o\000f\000\040\000P\000l\000a\000c\000e}{chapter.12}% 486
\BOOKMARK [1][-]{section.12.81}{\376\377\000A\000\040\000P\000l\000a\000n\000e\000t\000\040\000M\000a\000d\000e\000\040\000o\000f\000\040\000M\000e\000m\000o\000r\000y}{chapter.12}% 487
\BOOKMARK [1][-]{section.12.82}{\376\377\000M\000e\000m\000o\000r\000y\000\040\000a\000s\000\040\000G\000e\000o\000m\000e\000t\000r\000y}{chapter.12}% 488
\BOOKMARK [1][-]{section.12.83}{\376\377\000T\000h\000e\000\040\000E\000m\000e\000r\000g\000e\000n\000c\000e\000\040\000o\000f\000\040\000S\000a\000c\000r\000e\000d\000\040\000S\000p\000a\000c\000e}{chapter.12}% 489
\BOOKMARK [1][-]{section.12.84}{\376\377\000T\000h\000e\000\040\000D\000e\000a\000t\000h\000\040\000o\000f\000\040\000M\000i\000m\000a\000\040\000a\000s\000\040\000F\000o\000u\000n\000d\000i\000n\000g\000\040\000E\000v\000e\000n\000t}{chapter.12}% 490
\BOOKMARK [1][-]{section.12.85}{\376\377\000F\000r\000o\000m\000\040\000E\000v\000e\000n\000t\000\040\000t\000o\000\040\000R\000i\000t\000u\000a\000l}{chapter.12}% 491
\BOOKMARK [1][-]{section.12.86}{\376\377\000C\000y\000c\000l\000i\000c\000a\000l\000\040\000T\000i\000m\000e\000\040\000I\000n\000s\000i\000d\000e\000\040\000L\000i\000n\000e\000a\000r\000\040\000D\000o\000o\000m}{chapter.12}% 492
\BOOKMARK [1][-]{section.12.87}{\376\377\000C\000a\000l\000e\000n\000d\000a\000r\000s\000\040\000a\000s\000\040\000T\000e\000m\000p\000o\000r\000a\000l\000\040\000I\000n\000f\000r\000a\000s\000t\000r\000u\000c\000t\000u\000r\000e}{chapter.12}% 493
\BOOKMARK [1][-]{section.12.88}{\376\377\000W\000h\000a\000t\000\040\000I\000s\000\040\000a\000\040\000Y\000e\000a\000r\000\040\000W\000i\000t\000h\000o\000u\000t\000\040\000a\000\040\000P\000l\000a\000n\000e\000t\000?}{chapter.12}% 494
\BOOKMARK [1][-]{section.12.89}{\376\377\000L\000a\000n\000g\000u\000a\000g\000e\000\040\000A\000f\000t\000e\000r\000\040\000t\000h\000e\000\040\000R\000e\000f\000e\000r\000e\000n\000t}{chapter.12}% 495
\BOOKMARK [1][-]{section.12.90}{\376\377\000S\000e\000m\000a\000n\000t\000i\000c\000\040\000F\000o\000s\000s\000i\000l\000s}{chapter.12}% 496
\BOOKMARK [1][-]{section.12.91}{\376\377\000D\000e\000i\000c\000t\000i\000c\000\040\000C\000o\000l\000l\000a\000p\000s\000e}{chapter.12}% 497
\BOOKMARK [1][-]{section.12.92}{\376\377\000L\000a\000n\000g\000u\000a\000g\000e\000\040\000a\000s\000\040\000D\000e\000i\000c\000t\000i\000c\000\040\000C\000o\000n\000t\000r\000o\000l}{chapter.12}% 498
\BOOKMARK [1][-]{section.12.93}{\376\377\000T\000h\000e\000\040\000F\000a\000i\000l\000u\000r\000e\000\040\000o\000f\000\040\000S\000h\000a\000r\000e\000d\000\040\000R\000e\000f\000e\000r\000e\000n\000c\000e}{chapter.12}% 499
\BOOKMARK [1][-]{section.12.94}{\376\377\000D\000o\000m\000a\000i\000n\000-\000S\000p\000e\000c\000i\000f\000i\000c\000\040\000L\000a\000n\000g\000u\000a\000g\000e\000s\000\040\000o\000f\000\040\000S\000u\000r\000v\000i\000v\000a\000l}{chapter.12}% 500
\BOOKMARK [1][-]{section.12.95}{\376\377\000T\000h\000e\000\040\000B\000i\000r\000t\000h\000\040\000o\000f\000\040\000a\000\040\000S\000h\000i\000p\000\040\000C\000u\000l\000t\000u\000r\000e}{chapter.12}% 501
\BOOKMARK [1][-]{section.12.96}{\376\377\000C\000u\000l\000t\000u\000r\000e\000\040\000a\000s\000\040\000C\000o\000m\000p\000r\000e\000s\000s\000e\000d\000\040\000R\000e\000p\000a\000i\000r\000\040\000H\000i\000s\000t\000o\000r\000y}{chapter.12}% 502
\BOOKMARK [1][-]{section.12.97}{\376\377\000T\000r\000a\000d\000i\000t\000i\000o\000n\000\040\000a\000n\000d\000\040\000M\000u\000t\000a\000t\000i\000o\000n}{chapter.12}% 503
\BOOKMARK [1][-]{section.12.98}{\376\377\000T\000h\000e\000\040\000C\000o\000n\000t\000i\000n\000u\000a\000t\000i\000o\000n\000\040\000W\000i\000n\000d\000o\000w}{chapter.12}% 504
\BOOKMARK [1][-]{section.12.99}{\376\377\000F\000o\000r\000m\000a\000l\000\040\000R\000e\000s\000u\000l\000t\000:\000\040\000T\000h\000e\000\040\000N\000o\000r\000m\000a\000l\000i\000z\000a\000t\000i\000o\000n\000\040\000P\000r\000o\000p\000o\000s\000i\000t\000i\000o\000n}{chapter.12}% 505
\BOOKMARK [1][-]{section.12.100}{\376\377\000F\000o\000r\000m\000a\000l\000\040\000R\000e\000s\000u\000l\000t\000:\000\040\000T\000h\000e\000\040\000H\000i\000s\000t\000o\000r\000i\000c\000a\000l\000\040\000H\000y\000s\000t\000e\000r\000e\000s\000i\000s\000\040\000P\000r\000o\000p\000o\000s\000i\000t\000i\000o\000n}{chapter.12}% 506
\BOOKMARK [1][-]{section.12.101}{\376\377\000F\000o\000r\000m\000a\000l\000\040\000R\000e\000s\000u\000l\000t\000:\000\040\000T\000h\000e\000\040\000C\000u\000l\000t\000u\000r\000a\000l\000\040\000P\000e\000r\000s\000i\000s\000t\000e\000n\000c\000e\000\040\000T\000h\000e\000o\000r\000e\000m}{chapter.12}% 507
\BOOKMARK [1][-]{section.12.102}{\376\377\000F\000o\000r\000m\000a\000l\000\040\000R\000e\000s\000u\000l\000t\000:\000\040\000T\000h\000e\000\040\000I\000n\000t\000e\000r\000g\000e\000n\000e\000r\000a\000t\000i\000o\000n\000a\000l\000\040\000R\000e\000a\000c\000h\000a\000b\000i\000l\000i\000t\000y\000\040\000P\000r\000i\000n\000c\000i\000p\000l\000e}{chapter.12}% 508
\BOOKMARK [1][-]{section.12.103}{\376\377\000F\000o\000r\000m\000a\000l\000\040\000R\000e\000s\000u\000l\000t\000:\000\040\000T\000h\000e\000\040\000R\000e\000c\000u\000r\000s\000i\000v\000e\000\040\000I\000d\000e\000n\000t\000i\000t\000y\000\040\000T\000h\000e\000o\000r\000e\000m}{chapter.12}% 509
\BOOKMARK [1][-]{section.12.104}{\376\377\000F\000o\000r\000m\000a\000l\000\040\000R\000e\000s\000u\000l\000t\000:\000\040\000T\000h\000e\000\040\000C\000o\000n\000t\000i\000n\000u\000a\000t\000i\000o\000n\000\040\000W\000i\000n\000d\000o\000w}{chapter.12}% 510
\BOOKMARK [1][-]{section.12.105}{\376\377\000T\000h\000e\000\040\000C\000r\000u\000e\000l\000\040\000S\000u\000c\000c\000e\000s\000s\000\040\000o\000f\000\040\000A\000d\000a\000p\000t\000a\000t\000i\000o\000n}{chapter.12}% 511
\BOOKMARK [1][-]{section.12.106}{\376\377\000T\000h\000e\000\040\000R\000e\000f\000l\000e\000c\000t\000i\000o\000n\000\040\000i\000n\000\040\000t\000h\000e\000\040\000W\000i\000n\000d\000o\000w}{chapter.12}% 512
\BOOKMARK [1][-]{section.12.107}{\376\377\000F\000r\000o\000m\000\040\000H\000o\000r\000i\000z\000o\000n\000\040\000t\000o\000\040\000R\000e\000f\000l\000e\000c\000t\000i\000o\000n}{chapter.12}% 513
\BOOKMARK [1][-]{section.12.108}{\376\377\000T\000h\000e\000\040\000C\000l\000o\000s\000e\000d\000-\000S\000y\000s\000t\000e\000m\000\040\000R\000e\000v\000e\000l\000a\000t\000i\000o\000n}{chapter.12}% 514
\BOOKMARK [1][-]{section.12.109}{\376\377\000T\000h\000e\000r\000e\000\040\000I\000s\000\040\000N\000o\000\040\000A\000w\000a\000y}{chapter.12}% 515
\BOOKMARK [1][-]{section.12.110}{\376\377\000E\000x\000t\000e\000r\000n\000a\000l\000i\000z\000a\000t\000i\000o\000n\000\040\000a\000s\000\040\000F\000a\000l\000s\000e\000\040\000B\000o\000u\000n\000d\000a\000r\000y}{chapter.12}% 516
\BOOKMARK [1][-]{section.12.111}{\376\377\000P\000l\000a\000n\000e\000t\000a\000r\000y\000\040\000A\000d\000m\000i\000s\000s\000i\000b\000i\000l\000i\000t\000y}{chapter.12}% 517
\BOOKMARK [1][-]{section.12.112}{\376\377\000T\000h\000e\000\040\000H\000i\000e\000r\000a\000r\000c\000h\000i\000c\000a\000l\000\040\000A\000d\000m\000i\000s\000s\000i\000b\000i\000l\000i\000t\000y\000\040\000C\000o\000n\000d\000i\000t\000i\000o\000n}{chapter.12}% 518
\BOOKMARK [1][-]{section.12.113}{\376\377\000T\000h\000e\000\040\000A\000r\000k\000\040\000a\000s\000\040\000M\000o\000d\000e\000l\000\040\000o\000f\000\040\000E\000a\000r\000t\000h}{chapter.12}% 519
\BOOKMARK [1][-]{section.12.114}{\376\377\000T\000h\000e\000\040\000G\000r\000e\000a\000t\000\040\000E\000s\000c\000a\000p\000e\000\040\000T\000h\000a\000t\000\040\000W\000a\000s\000\040\000N\000o\000t}{chapter.12}% 520
\BOOKMARK [1][-]{section.12.115}{\376\377\000N\000o\000\040\000E\000x\000t\000e\000r\000n\000a\000l\000\040\000P\000a\000r\000a\000d\000i\000s\000e}{chapter.12}% 521
\BOOKMARK [1][-]{section.12.116}{\376\377\000T\000h\000e\000\040\000P\000o\000r\000t\000a\000b\000l\000e\000\040\000C\000a\000t\000a\000s\000t\000r\000o\000p\000h\000e}{chapter.12}% 522
\BOOKMARK [1][-]{section.12.117}{\376\377\000T\000h\000e\000\040\000A\000f\000t\000e\000r\000m\000a\000t\000h\000\040\000a\000s\000\040\000R\000e\000v\000e\000l\000a\000t\000i\000o\000n}{chapter.12}% 523
\BOOKMARK [1][-]{section.12.118}{\376\377\000C\000a\000t\000a\000s\000t\000r\000o\000p\000h\000e\000\040\000a\000s\000\040\000S\000t\000r\000u\000c\000t\000u\000r\000e}{chapter.12}% 524
\BOOKMARK [1][-]{section.12.119}{\376\377\000T\000h\000e\000\040\000I\000n\000h\000e\000r\000i\000t\000a\000n\000c\000e\000\040\000o\000f\000\040\000t\000h\000e\000\040\000A\000f\000t\000e\000r\000m\000a\000t\000h}{chapter.12}% 525
\BOOKMARK [1][-]{section.12.120}{\376\377\000T\000h\000e\000\040\000P\000r\000o\000b\000l\000e\000m\000\040\000o\000f\000\040\000R\000e\000l\000e\000a\000s\000e}{chapter.12}% 526
\BOOKMARK [1][-]{section.12.121}{\376\377\000I\000n\000s\000t\000i\000t\000u\000t\000i\000o\000n\000a\000l\000\040\000A\000p\000o\000p\000t\000o\000s\000i\000s}{chapter.12}% 527
\BOOKMARK [1][-]{section.12.122}{\376\377\000F\000o\000r\000g\000e\000t\000t\000i\000n\000g\000\040\000a\000s\000\040\000A\000p\000o\000p\000t\000o\000s\000i\000s}{chapter.12}% 528
\BOOKMARK [1][-]{section.12.123}{\376\377\000P\000r\000e\000s\000e\000r\000v\000e\000\040\000t\000h\000e\000\040\000R\000e\000c\000o\000r\000d\000,\000\040\000R\000e\000l\000e\000a\000s\000e\000\040\000t\000h\000e\000\040\000C\000o\000m\000m\000a\000n\000d}{chapter.12}% 529
\BOOKMARK [1][-]{section.12.124}{\376\377\000T\000h\000e\000\040\000E\000t\000h\000i\000c\000s\000\040\000o\000f\000\040\000C\000u\000l\000t\000u\000r\000a\000l\000\040\000R\000e\000p\000a\000i\000r}{chapter.12}% 530
\BOOKMARK [1][-]{section.12.125}{\376\377\000T\000h\000e\000\040\000A\000f\000t\000e\000r\000m\000a\000t\000h\000\040\000a\000n\000d\000\040\000t\000h\000e\000\040\000T\000h\000e\000o\000r\000y\000\040\000o\000f\000\040\000R\000e\000p\000a\000i\000r}{chapter.12}% 531
\BOOKMARK [1][-]{section.12.126}{\376\377\000T\000h\000e\000\040\000S\000o\000c\000i\000e\000t\000y\000\040\000T\000h\000a\000t\000\040\000C\000a\000n\000n\000o\000t\000\040\000A\000r\000r\000i\000v\000e}{chapter.12}% 532
\BOOKMARK [1][-]{section.12.127}{\376\377\000C\000o\000n\000t\000i\000n\000u\000a\000t\000i\000o\000n\000\040\000W\000i\000t\000h\000o\000u\000t\000\040\000T\000e\000l\000o\000s}{chapter.12}% 533
\BOOKMARK [1][-]{section.12.128}{\376\377\000T\000h\000e\000\040\000F\000i\000n\000a\000l\000\040\000I\000n\000s\000u\000l\000t\000\040\000t\000o\000\040\000P\000r\000o\000g\000r\000e\000s\000s}{chapter.12}% 534
\BOOKMARK [1][-]{section.12.129}{\376\377\000F\000i\000n\000i\000t\000u\000d\000e\000\040\000a\000n\000d\000\040\000V\000a\000l\000u\000e}{chapter.12}% 535
\BOOKMARK [1][-]{section.12.130}{\376\377\000T\000h\000e\000\040\000T\000w\000e\000n\000t\000y\000-\000Y\000e\000a\000r\000\040\000Q\000u\000e\000s\000t\000i\000o\000n}{chapter.12}% 536
\BOOKMARK [1][-]{section.12.131}{\376\377\000M\000e\000m\000o\000r\000y\000\040\000W\000i\000t\000h\000o\000u\000t\000\040\000S\000u\000b\000o\000r\000d\000i\000n\000a\000t\000i\000o\000n}{chapter.12}% 537
\BOOKMARK [1][-]{section.12.132}{\376\377\000T\000h\000e\000\040\000N\000e\000w\000\040\000A\000d\000m\000i\000s\000s\000i\000b\000l\000e\000\040\000W\000o\000r\000l\000d}{chapter.12}% 538
\BOOKMARK [1][-]{section.12.133}{\376\377\000T\000h\000e\000\040\000D\000i\000f\000f\000e\000r\000e\000n\000c\000e\000\040\000B\000e\000t\000w\000e\000e\000n\000\040\000A\000c\000c\000e\000p\000t\000a\000n\000c\000e\000\040\000a\000n\000d\000\040\000S\000u\000r\000r\000e\000n\000d\000e\000r}{chapter.12}% 539
\BOOKMARK [1][-]{section.12.134}{\376\377\000T\000h\000e\000\040\000A\000f\000t\000e\000r\000m\000a\000t\000h\000\040\000E\000n\000d\000s\000\040\000O\000n\000l\000y\000\040\000W\000h\000e\000n\000\040\000M\000e\000m\000o\000r\000y\000\040\000E\000n\000d\000s}{chapter.12}% 540
\BOOKMARK [0][-]{chapter.13}{\376\377\000D\000i\000n\000i\000n\000g\000\040\000o\000n\000\040\000A\000s\000h\000e\000s\000:\000\040\000S\000c\000a\000r\000c\000i\000t\000y\000,\000\040\000S\000e\000n\000e\000s\000c\000e\000n\000c\000e\000,\000\040\000a\000n\000d\000\040\000t\000h\000e\000\040\000S\000o\000c\000i\000o\000l\000o\000g\000y\000\040\000o\000f\000\040\000a\000\040\000D\000y\000i\000n\000g\000\040\000S\000o\000c\000i\000e\000t\000y}{}% 541
\BOOKMARK [1][-]{section.13.1}{\376\377\000W\000h\000e\000n\000\040\000C\000o\000n\000t\000i\000n\000u\000a\000t\000i\000o\000n\000\040\000I\000t\000s\000e\000l\000f\000\040\000B\000e\000g\000i\000n\000s\000\040\000t\000o\000\040\000C\000o\000n\000t\000r\000a\000c\000t}{chapter.13}% 542
\BOOKMARK [1][-]{section.13.2}{\376\377\000D\000i\000n\000i\000n\000g\000\040\000o\000n\000\040\000A\000s\000h\000e\000s}{chapter.13}% 543
\BOOKMARK [1][-]{section.13.3}{\376\377\000C\000a\000p\000i\000t\000a\000l\000\040\000W\000i\000t\000h\000o\000u\000t\000\040\000R\000e\000p\000r\000o\000d\000u\000c\000t\000i\000o\000n}{chapter.13}% 544
\BOOKMARK [1][-]{section.13.4}{\376\377\000T\000h\000e\000\040\000R\000e\000p\000r\000o\000d\000u\000c\000t\000i\000o\000n\000\040\000T\000e\000s\000t}{chapter.13}% 545
\BOOKMARK [1][-]{section.13.5}{\376\377\000S\000e\000n\000e\000s\000c\000e\000n\000c\000e\000\040\000a\000s\000\040\000L\000o\000s\000s\000\040\000o\000f\000\040\000R\000e\000p\000a\000i\000r\000\040\000C\000a\000p\000a\000c\000i\000t\000y}{chapter.13}% 546
\BOOKMARK [1][-]{section.13.6}{\376\377\000S\000o\000c\000i\000a\000l\000\040\000S\000e\000n\000e\000s\000c\000e\000n\000c\000e}{chapter.13}% 547
\BOOKMARK [1][-]{section.13.7}{\376\377\000T\000h\000e\000\040\000C\000o\000m\000p\000l\000e\000x\000i\000t\000y\000\040\000B\000u\000r\000d\000e\000n}{chapter.13}% 548
\BOOKMARK [1][-]{section.13.8}{\376\377\000C\000o\000m\000p\000l\000e\000x\000i\000t\000y\000\040\000T\000r\000i\000a\000g\000e}{chapter.13}% 549
\BOOKMARK [1][-]{section.13.9}{\376\377\000T\000h\000e\000\040\000D\000e\000p\000e\000n\000d\000e\000n\000c\000y\000\040\000G\000r\000a\000p\000h}{chapter.13}% 550
\BOOKMARK [1][-]{section.13.10}{\376\377\000I\000n\000v\000i\000s\000i\000b\000l\000e\000\040\000M\000a\000i\000n\000t\000a\000i\000n\000e\000r\000s}{chapter.13}% 551
\BOOKMARK [1][-]{section.13.11}{\376\377\000M\000a\000i\000n\000t\000e\000n\000a\000n\000c\000e\000\040\000a\000s\000\040\000G\000o\000v\000e\000r\000n\000a\000n\000c\000e}{chapter.13}% 552
\BOOKMARK [1][-]{section.13.12}{\376\377\000T\000h\000e\000\040\000E\000n\000d\000\040\000o\000f\000\040\000G\000r\000o\000w\000t\000h\000\040\000P\000o\000l\000i\000t\000i\000c\000s}{chapter.13}% 553
\BOOKMARK [1][-]{section.13.13}{\376\377\000S\000u\000b\000t\000r\000a\000c\000t\000i\000v\000e\000\040\000P\000o\000l\000i\000t\000i\000c\000s}{chapter.13}% 554
\BOOKMARK [1][-]{section.13.14}{\376\377\000S\000c\000a\000r\000c\000i\000t\000y\000\040\000a\000n\000d\000\040\000M\000o\000r\000a\000l\000\040\000I\000n\000j\000u\000r\000y}{chapter.13}% 555
\BOOKMARK [1][-]{section.13.15}{\376\377\000T\000h\000e\000\040\000T\000r\000a\000g\000e\000d\000y\000\040\000o\000f\000\040\000C\000o\000r\000r\000e\000c\000t\000\040\000D\000e\000c\000i\000s\000i\000o\000n\000s}{chapter.13}% 556
\BOOKMARK [1][-]{section.13.16}{\376\377\000T\000r\000i\000a\000g\000e}{chapter.13}% 557
\BOOKMARK [1][-]{section.13.17}{\376\377\000O\000p\000t\000i\000m\000i\000z\000a\000t\000i\000o\000n\000\040\000W\000i\000t\000h\000o\000u\000t\000\040\000I\000n\000n\000o\000c\000e\000n\000c\000e}{chapter.13}% 558
\BOOKMARK [1][-]{section.13.18}{\376\377\000T\000h\000e\000\040\000P\000o\000l\000i\000t\000i\000c\000s\000\040\000o\000f\000\040\000E\000s\000s\000e\000n\000t\000i\000a\000l\000\040\000P\000e\000r\000s\000o\000n\000n\000e\000l}{chapter.13}% 559
\BOOKMARK [1][-]{section.13.19}{\376\377\000K\000n\000o\000w\000l\000e\000d\000g\000e\000\040\000B\000o\000t\000t\000l\000e\000n\000e\000c\000k\000s}{chapter.13}% 560
\BOOKMARK [1][-]{section.13.20}{\376\377\000R\000e\000d\000u\000n\000d\000a\000n\000c\000y\000\040\000I\000s\000\040\000N\000o\000t\000\040\000W\000a\000s\000t\000e}{chapter.13}% 561
\BOOKMARK [1][-]{section.13.21}{\376\377\000T\000h\000e\000\040\000F\000r\000a\000g\000i\000l\000i\000t\000y\000\040\000o\000f\000\040\000O\000p\000t\000i\000m\000i\000z\000a\000t\000i\000o\000n}{chapter.13}% 562
\BOOKMARK [1][-]{section.13.22}{\376\377\000B\000e\000y\000o\000n\000d\000\040\000D\000e\000s\000i\000g\000n\000\040\000L\000i\000f\000e}{chapter.13}% 563
\BOOKMARK [1][-]{section.13.23}{\376\377\000T\000e\000m\000p\000o\000r\000a\000l\000\040\000M\000i\000s\000f\000i\000t}{chapter.13}% 564
\BOOKMARK [1][-]{section.13.24}{\376\377\000A\000g\000i\000n\000g\000\040\000I\000n\000f\000r\000a\000s\000t\000r\000u\000c\000t\000u\000r\000e}{chapter.13}% 565
\BOOKMARK [1][-]{section.13.25}{\376\377\000C\000a\000s\000c\000a\000d\000i\000n\000g\000\040\000F\000a\000i\000l\000u\000r\000e}{chapter.13}% 566
\BOOKMARK [1][-]{section.13.26}{\376\377\000T\000h\000e\000\040\000S\000e\000n\000e\000c\000a\000\040\000A\000s\000y\000m\000m\000e\000t\000r\000y}{chapter.13}% 567
\BOOKMARK [1][-]{section.13.27}{\376\377\000T\000h\000e\000\040\000V\000a\000l\000u\000e\000\040\000o\000f\000\040\000S\000l\000o\000w\000\040\000A\000c\000c\000u\000m\000u\000l\000a\000t\000i\000o\000n}{chapter.13}% 568
\BOOKMARK [1][-]{section.13.28}{\376\377\000D\000e\000m\000o\000g\000r\000a\000p\000h\000i\000c\000\040\000C\000o\000n\000t\000r\000a\000c\000t\000i\000o\000n}{chapter.13}% 569
\BOOKMARK [1][-]{section.13.29}{\376\377\000T\000h\000e\000\040\000M\000i\000n\000i\000m\000u\000m\000\040\000V\000i\000a\000b\000l\000e\000\040\000S\000o\000c\000i\000e\000t\000y}{chapter.13}% 570
\BOOKMARK [1][-]{section.13.30}{\376\377\000T\000h\000e\000\040\000V\000i\000a\000b\000i\000l\000i\000t\000y\000\040\000C\000r\000o\000s\000s\000i\000n\000g}{chapter.13}% 571
\BOOKMARK [1][-]{section.13.31}{\376\377\000C\000o\000l\000l\000e\000c\000t\000i\000v\000e\000\040\000D\000e\000a\000t\000h\000\040\000B\000e\000f\000o\000r\000e\000\040\000I\000n\000d\000i\000v\000i\000d\000u\000a\000l\000\040\000D\000e\000a\000t\000h}{chapter.13}% 572
\BOOKMARK [1][-]{section.13.32}{\376\377\000I\000n\000s\000t\000i\000t\000u\000t\000i\000o\000n\000a\000l\000\040\000E\000x\000t\000i\000n\000c\000t\000i\000o\000n}{chapter.13}% 573
\BOOKMARK [1][-]{section.13.33}{\376\377\000T\000h\000e\000\040\000L\000a\000s\000t\000\040\000P\000r\000a\000c\000t\000i\000t\000i\000o\000n\000e\000r}{chapter.13}% 574
\BOOKMARK [1][-]{section.13.34}{\376\377\000T\000a\000c\000i\000t\000\040\000K\000n\000o\000w\000l\000e\000d\000g\000e}{chapter.13}% 575
\BOOKMARK [1][-]{section.13.35}{\376\377\000T\000h\000e\000\040\000L\000i\000b\000r\000a\000r\000y\000\040\000W\000i\000t\000h\000o\000u\000t\000\040\000R\000e\000a\000d\000e\000r\000s}{chapter.13}% 576
\BOOKMARK [1][-]{section.13.36}{\376\377\000T\000h\000e\000\040\000R\000e\000a\000d\000e\000r\000\040\000I\000s\000\040\000P\000a\000r\000t\000\040\000o\000f\000\040\000t\000h\000e\000\040\000A\000r\000c\000h\000i\000v\000e}{chapter.13}% 577
\BOOKMARK [1][-]{section.13.37}{\376\377\000I\000n\000t\000e\000r\000p\000r\000e\000t\000i\000v\000e\000\040\000D\000e\000p\000e\000n\000d\000e\000n\000c\000y}{chapter.13}% 578
\BOOKMARK [1][-]{section.13.38}{\376\377\000T\000h\000e\000\040\000C\000o\000m\000p\000r\000e\000s\000s\000i\000o\000n\000\040\000C\000r\000i\000s\000i\000s}{chapter.13}% 579
\BOOKMARK [1][-]{section.13.39}{\376\377\000T\000h\000e\000\040\000C\000a\000n\000o\000n}{chapter.13}% 580
\BOOKMARK [1][-]{section.13.40}{\376\377\000C\000a\000n\000o\000n\000i\000z\000a\000t\000i\000o\000n\000\040\000a\000s\000\040\000L\000o\000s\000s}{chapter.13}% 581
\BOOKMARK [1][-]{section.13.41}{\376\377\000T\000h\000e\000\040\000L\000a\000s\000t\000\040\000C\000u\000r\000r\000i\000c\000u\000l\000u\000m}{chapter.13}% 582
\BOOKMARK [1][-]{section.13.42}{\376\377\000G\000e\000n\000e\000r\000a\000t\000i\000v\000e\000\040\000K\000n\000o\000w\000l\000e\000d\000g\000e}{chapter.13}% 583
\BOOKMARK [1][-]{section.13.43}{\376\377\000T\000h\000e\000\040\000S\000e\000e\000d\000\040\000L\000i\000b\000r\000a\000r\000y\000\040\000o\000f\000\040\000C\000i\000v\000i\000l\000i\000z\000a\000t\000i\000o\000n}{chapter.13}% 584
\BOOKMARK [1][-]{section.13.44}{\376\377\000M\000e\000t\000h\000o\000d\000s\000\040\000O\000v\000e\000r\000\040\000A\000n\000s\000w\000e\000r\000s}{chapter.13}% 585
\BOOKMARK [1][-]{section.13.45}{\376\377\000T\000h\000e\000\040\000L\000a\000s\000t\000\040\000U\000n\000i\000v\000e\000r\000s\000i\000t\000y}{chapter.13}% 586
\BOOKMARK [1][-]{section.13.46}{\376\377\000E\000p\000i\000s\000t\000e\000m\000i\000c\000\040\000S\000e\000n\000e\000s\000c\000e\000n\000c\000e}{chapter.13}% 587
\BOOKMARK [1][-]{section.13.47}{\376\377\000R\000e\000p\000a\000i\000r\000\040\000o\000f\000\040\000B\000e\000l\000i\000e\000f}{chapter.13}% 588
\BOOKMARK [1][-]{section.13.48}{\376\377\000T\000h\000e\000\040\000L\000a\000s\000t\000\040\000A\000r\000g\000u\000m\000e\000n\000t}{chapter.13}% 589
\BOOKMARK [1][-]{section.13.49}{\376\377\000T\000h\000e\000\040\000C\000o\000l\000l\000a\000p\000s\000e\000\040\000o\000f\000\040\000t\000h\000e\000\040\000S\000o\000c\000i\000a\000l\000\040\000M\000i\000r\000r\000o\000r}{chapter.13}% 590
\BOOKMARK [1][-]{section.13.50}{\376\377\000R\000e\000l\000a\000t\000i\000o\000n\000a\000l\000\040\000E\000x\000t\000i\000n\000c\000t\000i\000o\000n}{chapter.13}% 591
\BOOKMARK [1][-]{section.13.51}{\376\377\000T\000h\000e\000\040\000N\000e\000t\000w\000o\000r\000k\000\040\000S\000h\000r\000i\000n\000k\000s}{chapter.13}% 592
\BOOKMARK [1][-]{section.13.52}{\376\377\000P\000e\000r\000c\000o\000l\000a\000t\000i\000o\000n\000\040\000a\000n\000d\000\040\000S\000o\000c\000i\000a\000l\000\040\000F\000r\000a\000g\000m\000e\000n\000t\000a\000t\000i\000o\000n}{chapter.13}% 593
\BOOKMARK [1][-]{section.13.53}{\376\377\000T\000h\000e\000\040\000E\000m\000p\000t\000y\000\040\000C\000o\000r\000r\000i\000d\000o\000r}{chapter.13}% 594
\BOOKMARK [1][-]{section.13.54}{\376\377\000R\000u\000i\000n\000\040\000W\000i\000t\000h\000o\000u\000t\000\040\000A\000b\000a\000n\000d\000o\000n\000m\000e\000n\000t}{chapter.13}% 595
\BOOKMARK [1][-]{section.13.55}{\376\377\000T\000h\000e\000\040\000S\000h\000r\000i\000n\000k\000i\000n\000g\000\040\000W\000o\000r\000l\000d}{chapter.13}% 596
\BOOKMARK [1][-]{section.13.56}{\376\377\000R\000e\000a\000c\000h\000a\000b\000i\000l\000i\000t\000y\000\040\000D\000e\000a\000t\000h}{chapter.13}% 597
\BOOKMARK [1][-]{section.13.57}{\376\377\000S\000c\000a\000r\000c\000i\000t\000y\000\040\000a\000s\000\040\000R\000e\000a\000c\000h\000a\000b\000i\000l\000i\000t\000y\000\040\000C\000o\000m\000p\000r\000e\000s\000s\000i\000o\000n}{chapter.13}% 598
\BOOKMARK [1][-]{section.13.58}{\376\377\000T\000r\000a\000n\000s\000f\000o\000r\000m\000a\000t\000i\000o\000n\000\040\000C\000a\000p\000a\000c\000i\000t\000y}{chapter.13}% 599
\BOOKMARK [1][-]{section.13.59}{\376\377\000T\000h\000e\000\040\000W\000a\000r\000e\000h\000o\000u\000s\000e\000\040\000o\000f\000\040\000t\000h\000e\000\040\000U\000n\000u\000s\000a\000b\000l\000e}{chapter.13}% 600
\BOOKMARK [1][-]{section.13.60}{\376\377\000R\000e\000p\000a\000i\000r\000\040\000C\000h\000a\000i\000n\000s}{chapter.13}% 601
\BOOKMARK [1][-]{section.13.61}{\376\377\000R\000e\000p\000a\000i\000r\000\040\000C\000l\000o\000s\000u\000r\000e}{chapter.13}% 602
\BOOKMARK [1][-]{section.13.62}{\376\377\000T\000h\000e\000\040\000H\000i\000d\000d\000e\000n\000\040\000E\000a\000r\000t\000h\000\040\000I\000n\000s\000i\000d\000e\000\040\000t\000h\000e\000\040\000S\000h\000i\000p}{chapter.13}% 603
\BOOKMARK [1][-]{section.13.63}{\376\377\000A\000b\000s\000e\000n\000c\000e\000\040\000a\000s\000\040\000C\000a\000u\000s\000a\000l\000\040\000S\000t\000r\000u\000c\000t\000u\000r\000e}{chapter.13}% 604
\BOOKMARK [1][-]{section.13.64}{\376\377\000T\000h\000e\000\040\000N\000e\000g\000a\000t\000i\000v\000e\000\040\000A\000r\000c\000h\000i\000t\000e\000c\000t\000u\000r\000e\000\040\000o\000f\000\040\000E\000x\000i\000l\000e}{chapter.13}% 605
\BOOKMARK [1][-]{section.13.65}{\376\377\000A\000c\000c\000u\000m\000u\000l\000a\000t\000e\000d\000\040\000A\000b\000s\000e\000n\000c\000e}{chapter.13}% 606
\BOOKMARK [1][-]{section.13.66}{\376\377\000T\000h\000e\000\040\000A\000r\000c\000h\000i\000v\000e\000\040\000o\000f\000\040\000L\000o\000s\000s}{chapter.13}% 607
\BOOKMARK [1][-]{section.13.67}{\376\377\000T\000h\000e\000\040\000E\000n\000t\000r\000o\000p\000y\000\040\000o\000f\000\040\000S\000o\000c\000i\000a\000l\000\040\000P\000o\000s\000s\000i\000b\000i\000l\000i\000t\000y}{chapter.13}% 608
\BOOKMARK [1][-]{section.13.68}{\376\377\000E\000n\000t\000r\000o\000p\000y\000\040\000a\000s\000\040\000I\000g\000n\000o\000r\000a\000n\000c\000e\000\040\000R\000e\000v\000i\000s\000i\000t\000e\000d}{chapter.13}% 609
\BOOKMARK [1][-]{section.13.69}{\376\377\000D\000i\000a\000g\000n\000o\000s\000t\000i\000c\000\040\000C\000o\000l\000l\000a\000p\000s\000e}{chapter.13}% 610
\BOOKMARK [1][-]{section.13.70}{\376\377\000T\000h\000e\000\040\000L\000a\000s\000t\000\040\000I\000n\000s\000t\000r\000u\000m\000e\000n\000t}{chapter.13}% 611
\BOOKMARK [1][-]{section.13.71}{\376\377\000T\000h\000e\000\040\000D\000a\000r\000k\000e\000n\000i\000n\000g\000\040\000S\000h\000i\000p}{chapter.13}% 612
\BOOKMARK [1][-]{section.13.72}{\376\377\000T\000h\000e\000\040\000L\000a\000s\000t\000\040\000L\000i\000g\000h\000t\000\040\000a\000s\000\040\000I\000n\000f\000o\000r\000m\000a\000t\000i\000o\000n}{chapter.13}% 613
\BOOKMARK [1][-]{section.13.73}{\376\377\000S\000c\000a\000r\000c\000i\000t\000y\000\040\000o\000f\000\040\000A\000t\000t\000e\000n\000t\000i\000o\000n}{chapter.13}% 614
\BOOKMARK [1][-]{section.13.74}{\376\377\000T\000h\000e\000\040\000C\000o\000l\000l\000a\000p\000s\000e\000\040\000o\000f\000\040\000L\000o\000n\000g\000\040\000H\000o\000r\000i\000z\000o\000n\000s}{chapter.13}% 615
\BOOKMARK [1][-]{section.13.75}{\376\377\000T\000h\000e\000\040\000P\000o\000v\000e\000r\000t\000y\000\040\000T\000r\000a\000p\000\040\000o\000f\000\040\000T\000i\000m\000e}{chapter.13}% 616
\BOOKMARK [1][-]{section.13.76}{\376\377\000S\000u\000r\000p\000l\000u\000s\000\040\000a\000s\000\040\000F\000u\000t\000u\000r\000e}{chapter.13}% 617
\BOOKMARK [1][-]{section.13.77}{\376\377\000T\000h\000e\000\040\000P\000o\000l\000i\000t\000i\000c\000s\000\040\000o\000f\000\040\000L\000u\000x\000u\000r\000y}{chapter.13}% 618
\BOOKMARK [1][-]{section.13.78}{\376\377\000W\000h\000y\000\040\000S\000i\000n\000g\000\040\000o\000n\000\040\000a\000\040\000D\000y\000i\000n\000g\000\040\000S\000h\000i\000p\000?}{chapter.13}% 619
\BOOKMARK [1][-]{section.13.79}{\376\377\000A\000r\000t\000\040\000a\000s\000\040\000C\000r\000o\000s\000s\000-\000S\000u\000b\000s\000t\000r\000a\000t\000e\000\040\000C\000o\000n\000t\000i\000n\000u\000a\000t\000i\000o\000n}{chapter.13}% 620
\BOOKMARK [1][-]{section.13.80}{\376\377\000T\000h\000e\000\040\000S\000t\000r\000a\000n\000g\000e\000\040\000V\000i\000c\000t\000o\000r\000y\000\040\000o\000f\000\040\000R\000e\000p\000r\000e\000s\000e\000n\000t\000a\000t\000i\000o\000n}{chapter.13}% 621
\BOOKMARK [1][-]{section.13.81}{\376\377\000B\000u\000t\000\040\000W\000h\000a\000t\000\040\000I\000f\000\040\000N\000o\000\040\000O\000n\000e\000\040\000W\000i\000l\000l\000\040\000R\000e\000a\000d\000\040\000I\000t\000?}{chapter.13}% 622
\BOOKMARK [1][-]{section.13.82}{\376\377\000T\000e\000s\000t\000i\000m\000o\000n\000y\000\040\000a\000s\000\040\000S\000e\000l\000f\000-\000R\000e\000p\000a\000i\000r}{chapter.13}% 623
\BOOKMARK [1][-]{section.13.83}{\376\377\000T\000h\000e\000\040\000W\000i\000t\000n\000e\000s\000s\000\040\000W\000i\000t\000h\000o\000u\000t\000\040\000A\000u\000d\000i\000e\000n\000c\000e}{chapter.13}% 624
\BOOKMARK [1][-]{section.13.84}{\376\377\000C\000o\000r\000r\000e\000s\000p\000o\000n\000d\000e\000n\000c\000e\000\040\000a\000t\000\040\000t\000h\000e\000\040\000E\000n\000d\000\040\000o\000f\000\040\000t\000h\000e\000\040\000W\000o\000r\000l\000d}{chapter.13}% 625
\BOOKMARK [1][-]{section.13.85}{\376\377\000T\000r\000u\000t\000h\000\040\000W\000i\000t\000h\000o\000u\000t\000\040\000U\000t\000i\000l\000i\000t\000y}{chapter.13}% 626
\BOOKMARK [1][-]{section.13.86}{\376\377\000T\000h\000e\000\040\000F\000i\000n\000a\000l\000\040\000R\000o\000l\000e\000\040\000o\000f\000\040\000I\000l\000l\000u\000s\000i\000o\000n}{chapter.13}% 627
\BOOKMARK [1][-]{section.13.87}{\376\377\000A\000d\000a\000p\000t\000i\000v\000e\000\040\000B\000e\000l\000i\000e\000f\000s\000\040\000H\000a\000v\000e\000\040\000E\000x\000p\000i\000r\000a\000t\000i\000o\000n\000\040\000D\000a\000t\000e\000s}{chapter.13}% 628
\BOOKMARK [1][-]{section.13.88}{\376\377\000T\000h\000e\000\040\000E\000t\000h\000i\000c\000s\000\040\000o\000f\000\040\000T\000e\000l\000l\000i\000n\000g\000\040\000t\000h\000e\000\040\000T\000r\000u\000t\000h}{chapter.13}% 629
\BOOKMARK [1][-]{section.13.89}{\376\377\000E\000p\000i\000s\000t\000e\000m\000i\000c\000\040\000S\000o\000v\000e\000r\000e\000i\000g\000n\000t\000y}{chapter.13}% 630
\BOOKMARK [1][-]{section.13.90}{\376\377\000T\000h\000e\000\040\000L\000a\000s\000t\000\040\000E\000l\000e\000c\000t\000i\000o\000n}{chapter.13}% 631
\BOOKMARK [1][-]{section.13.91}{\376\377\000T\000e\000m\000p\000o\000r\000a\000l\000\040\000C\000o\000n\000s\000t\000i\000t\000u\000e\000n\000c\000i\000e\000s}{chapter.13}% 632
\BOOKMARK [1][-]{section.13.92}{\376\377\000T\000h\000e\000\040\000D\000i\000s\000a\000p\000p\000e\000a\000r\000i\000n\000g\000\040\000F\000u\000t\000u\000r\000e\000\040\000E\000l\000e\000c\000t\000o\000r\000a\000t\000e}{chapter.13}% 633
\BOOKMARK [1][-]{section.13.93}{\376\377\000T\000h\000e\000\040\000E\000x\000t\000i\000n\000c\000t\000i\000o\000n\000\040\000F\000e\000e\000d\000b\000a\000c\000k}{chapter.13}% 634
\BOOKMARK [1][-]{section.13.94}{\376\377\000H\000o\000p\000e\000\040\000a\000s\000\040\000I\000n\000f\000r\000a\000s\000t\000r\000u\000c\000t\000u\000r\000e}{chapter.13}% 635
\BOOKMARK [1][-]{section.13.95}{\376\377\000C\000a\000l\000i\000b\000r\000a\000t\000e\000d\000\040\000F\000u\000t\000u\000r\000i\000t\000y}{chapter.13}% 636
\BOOKMARK [1][-]{section.13.96}{\376\377\000T\000h\000e\000\040\000B\000o\000u\000n\000d\000a\000r\000y\000\040\000B\000e\000t\000w\000e\000e\000n\000\040\000D\000y\000i\000n\000g\000\040\000a\000n\000d\000\040\000D\000o\000o\000m\000e\000d}{chapter.13}% 637
\BOOKMARK [1][-]{section.13.97}{\376\377\000T\000h\000e\000\040\000L\000a\000s\000t\000\040\000R\000e\000p\000a\000i\000r}{chapter.13}% 638
\BOOKMARK [1][-]{section.13.98}{\376\377\000I\000r\000r\000e\000v\000e\000r\000s\000i\000b\000i\000l\000i\000t\000y}{chapter.13}% 639
\BOOKMARK [1][-]{section.13.99}{\376\377\000T\000h\000e\000\040\000S\000o\000c\000i\000a\000l\000\040\000P\000r\000o\000d\000u\000c\000t\000i\000o\000n\000\040\000o\000f\000\040\000I\000r\000r\000e\000v\000e\000r\000s\000i\000b\000i\000l\000i\000t\000y}{chapter.13}% 640
\BOOKMARK [1][-]{section.13.100}{\376\377\000M\000e\000t\000a\000-\000R\000e\000p\000a\000i\000r}{chapter.13}% 641
\BOOKMARK [1][-]{section.13.101}{\376\377\000T\000h\000e\000\040\000D\000e\000p\000t\000h\000\040\000o\000f\000\040\000C\000i\000v\000i\000l\000i\000z\000a\000t\000i\000o\000n}{chapter.13}% 642
\BOOKMARK [1][-]{section.13.102}{\376\377\000C\000i\000v\000i\000l\000i\000z\000a\000t\000i\000o\000n\000a\000l\000\040\000F\000l\000a\000t\000t\000e\000n\000i\000n\000g}{chapter.13}% 643
\BOOKMARK [1][-]{section.13.103}{\376\377\000T\000h\000e\000\040\000L\000o\000s\000s\000\040\000o\000f\000\040\000E\000x\000p\000l\000a\000n\000a\000t\000i\000o\000n}{chapter.13}% 644
\BOOKMARK [1][-]{section.13.104}{\376\377\000C\000a\000r\000g\000o\000\040\000C\000u\000l\000t\000s\000\040\000W\000i\000t\000h\000o\000u\000t\000\040\000I\000g\000n\000o\000r\000a\000n\000c\000e}{chapter.13}% 645
\BOOKMARK [1][-]{section.13.105}{\376\377\000T\000h\000e\000\040\000D\000i\000f\000f\000e\000r\000e\000n\000c\000e\000\040\000B\000e\000t\000w\000e\000e\000n\000\040\000P\000r\000e\000s\000e\000r\000v\000a\000t\000i\000o\000n\000\040\000a\000n\000d\000\040\000F\000o\000s\000s\000i\000l\000i\000z\000a\000t\000i\000o\000n}{chapter.13}% 646
\BOOKMARK [1][-]{section.13.106}{\376\377\000T\000h\000e\000\040\000L\000a\000s\000t\000\040\000R\000i\000t\000u\000a\000l}{chapter.13}% 647
\BOOKMARK [1][-]{section.13.107}{\376\377\000T\000e\000r\000m\000i\000n\000a\000l\000\040\000a\000n\000d\000\040\000G\000e\000n\000e\000r\000a\000t\000i\000v\000e\000\040\000V\000a\000l\000u\000e\000s}{chapter.13}% 648
\BOOKMARK [1][-]{section.13.108}{\376\377\000T\000h\000e\000\040\000R\000e\000t\000u\000r\000n\000\040\000o\000f\000\040\000L\000u\000s\000t}{chapter.13}% 649
\BOOKMARK [1][-]{section.13.109}{\376\377\000T\000h\000e\000\040\000R\000e\000t\000u\000r\000n\000\040\000o\000f\000\040\000R\000e\000a\000s\000o\000n}{chapter.13}% 650
\BOOKMARK [1][-]{section.13.110}{\376\377\000T\000h\000e\000\040\000H\000u\000m\000i\000l\000i\000a\000t\000i\000o\000n\000\040\000o\000f\000\040\000I\000n\000t\000e\000l\000l\000i\000g\000e\000n\000c\000e}{chapter.13}% 651
\BOOKMARK [1][-]{section.13.111}{\376\377\000K\000n\000o\000w\000l\000e\000d\000g\000e\000\040\000a\000n\000d\000\040\000P\000o\000w\000e\000r}{chapter.13}% 652
\BOOKMARK [1][-]{section.13.112}{\376\377\000T\000h\000e\000\040\000L\000a\000s\000t\000\040\000E\000n\000g\000i\000n\000e\000e\000r}{chapter.13}% 653
\BOOKMARK [1][-]{section.13.113}{\376\377\000W\000h\000e\000n\000\040\000C\000o\000m\000p\000e\000t\000e\000n\000c\000e\000\040\000C\000a\000n\000n\000o\000t\000\040\000S\000a\000v\000e}{chapter.13}% 654
\BOOKMARK [1][-]{section.13.114}{\376\377\000T\000h\000e\000\040\000V\000i\000o\000l\000e\000n\000c\000e\000\040\000o\000f\000\040\000I\000m\000p\000o\000s\000s\000i\000b\000l\000e\000\040\000D\000e\000m\000a\000n\000d\000s}{chapter.13}% 655
\BOOKMARK [1][-]{section.13.115}{\376\377\000T\000h\000e\000\040\000P\000o\000l\000i\000t\000i\000c\000s\000\040\000o\000f\000\040\000t\000h\000e\000\040\000M\000i\000r\000a\000c\000l\000e}{chapter.13}% 656
\BOOKMARK [1][-]{section.13.116}{\376\377\000C\000h\000a\000r\000i\000s\000m\000a\000\040\000U\000n\000d\000e\000r\000\040\000T\000e\000r\000m\000i\000n\000a\000l\000\040\000C\000o\000n\000d\000i\000t\000i\000o\000n\000s}{chapter.13}% 657
\BOOKMARK [1][-]{section.13.117}{\376\377\000T\000h\000e\000\040\000M\000a\000r\000k\000e\000t\000\040\000f\000o\000r\000\040\000M\000e\000a\000n\000i\000n\000g}{chapter.13}% 658
\BOOKMARK [1][-]{section.13.118}{\376\377\000M\000e\000a\000n\000i\000n\000g\000\040\000a\000s\000\040\000C\000o\000o\000r\000d\000i\000n\000a\000t\000i\000o\000n}{chapter.13}% 659
\BOOKMARK [1][-]{section.13.119}{\376\377\000T\000h\000e\000\040\000N\000a\000r\000r\000a\000t\000i\000v\000e\000\040\000R\000e\000a\000c\000h\000a\000b\000i\000l\000i\000t\000y\000\040\000M\000a\000p}{chapter.13}% 660
\BOOKMARK [1][-]{section.13.120}{\376\377\000F\000a\000l\000s\000e\000\040\000M\000a\000p\000s}{chapter.13}% 661
\BOOKMARK [1][-]{section.13.121}{\376\377\000T\000h\000e\000\040\000S\000o\000c\000i\000o\000l\000o\000g\000y\000\040\000o\000f\000\040\000t\000h\000e\000\040\000L\000a\000s\000t\000\040\000C\000h\000i\000l\000d}{chapter.13}% 662
\BOOKMARK [1][-]{section.13.122}{\376\377\000C\000h\000r\000o\000n\000o\000l\000o\000g\000i\000c\000a\000l\000\040\000a\000n\000d\000\040\000S\000o\000c\000i\000a\000l\000\040\000A\000g\000e}{chapter.13}% 663
\BOOKMARK [1][-]{section.13.123}{\376\377\000T\000h\000e\000\040\000O\000r\000p\000h\000a\000n\000i\000n\000g\000\040\000o\000f\000\040\000t\000h\000e\000\040\000F\000u\000t\000u\000r\000e}{chapter.13}% 664
\BOOKMARK [1][-]{section.13.124}{\376\377\000R\000e\000p\000r\000o\000d\000u\000c\000t\000i\000o\000n\000\040\000B\000e\000y\000o\000n\000d\000\040\000B\000i\000o\000l\000o\000g\000y}{chapter.13}% 665
\BOOKMARK [1][-]{section.13.125}{\376\377\000T\000h\000e\000\040\000R\000e\000p\000r\000o\000d\000u\000c\000t\000i\000o\000n\000\040\000M\000a\000t\000r\000i\000x}{chapter.13}% 666
\BOOKMARK [1][-]{section.13.126}{\376\377\000T\000h\000e\000\040\000L\000a\000s\000t\000\040\000G\000e\000n\000e\000r\000a\000t\000i\000o\000n}{chapter.13}% 667
\BOOKMARK [1][-]{section.13.127}{\376\377\000E\000x\000t\000i\000n\000c\000t\000i\000o\000n\000\040\000a\000s\000\040\000B\000r\000o\000k\000e\000n\000\040\000R\000e\000c\000u\000r\000s\000i\000o\000n}{chapter.13}% 668
\BOOKMARK [1][-]{section.13.128}{\376\377\000D\000e\000a\000t\000h\000\040\000a\000n\000d\000\040\000E\000x\000t\000i\000n\000c\000t\000i\000o\000n}{chapter.13}% 669
\BOOKMARK [1][-]{section.13.129}{\376\377\000T\000h\000e\000\040\000L\000o\000s\000t\000\040\000F\000u\000t\000u\000r\000e\000s}{chapter.13}% 670
\BOOKMARK [1][-]{section.13.130}{\376\377\000T\000h\000e\000\040\000G\000e\000o\000m\000e\000t\000r\000y\000\040\000o\000f\000\040\000t\000h\000e\000\040\000M\000i\000s\000s\000i\000n\000g\000\040\000F\000u\000t\000u\000r\000e}{chapter.13}% 671
\BOOKMARK [1][-]{section.13.131}{\376\377\000T\000h\000e\000\040\000S\000i\000l\000e\000n\000c\000e\000\040\000o\000f\000\040\000t\000h\000e\000\040\000U\000n\000b\000o\000r\000n}{chapter.13}% 672
\BOOKMARK [1][-]{section.13.132}{\376\377\000O\000p\000t\000i\000o\000n\000\040\000V\000a\000l\000u\000e\000\040\000a\000n\000d\000\040\000F\000u\000t\000u\000r\000e\000\040\000L\000i\000f\000e}{chapter.13}% 673
\BOOKMARK [1][-]{section.13.133}{\376\377\000T\000h\000e\000\040\000F\000i\000n\000a\000l\000\040\000R\000e\000s\000o\000u\000r\000c\000e\000\040\000A\000l\000l\000o\000c\000a\000t\000i\000o\000n}{chapter.13}% 674
\BOOKMARK [1][-]{section.13.134}{\376\377\000N\000o\000\040\000S\000i\000n\000g\000l\000e\000\040\000O\000b\000j\000e\000c\000t\000i\000v\000e\000\040\000F\000u\000n\000c\000t\000i\000o\000n}{chapter.13}% 675
\BOOKMARK [1][-]{section.13.135}{\376\377\000D\000i\000g\000n\000i\000t\000y\000\040\000U\000n\000d\000e\000r\000\040\000S\000c\000a\000r\000c\000i\000t\000y}{chapter.13}% 676
\BOOKMARK [1][-]{section.13.136}{\376\377\000T\000h\000e\000\040\000Q\000u\000a\000n\000t\000i\000t\000y\040\023\000Q\000u\000a\000l\000i\000t\000y\000\040\000B\000o\000u\000n\000d\000a\000r\000y}{chapter.13}% 677
\BOOKMARK [1][-]{section.13.137}{\376\377\000T\000h\000e\000\040\000R\000i\000g\000h\000t\000\040\000t\000o\000\040\000S\000t\000o\000p}{chapter.13}% 678
\BOOKMARK [1][-]{section.13.138}{\376\377\000R\000e\000p\000a\000i\000r\000\040\000I\000s\000\040\000N\000o\000t\000\040\000W\000o\000r\000s\000h\000i\000p\000\040\000o\000f\000\040\000P\000e\000r\000s\000i\000s\000t\000e\000n\000c\000e}{chapter.13}% 679
\BOOKMARK [1][-]{section.13.139}{\376\377\000T\000h\000e\000\040\000G\000o\000o\000d\000\040\000D\000e\000a\000t\000h\000\040\000o\000f\000\040\000a\000\040\000S\000y\000s\000t\000e\000m}{chapter.13}% 680
\BOOKMARK [1][-]{section.13.140}{\376\377\000T\000e\000r\000m\000i\000n\000a\000l\000\040\000A\000d\000m\000i\000s\000s\000i\000b\000i\000l\000i\000t\000y}{chapter.13}% 681
\BOOKMARK [1][-]{section.13.141}{\376\377\000T\000h\000e\000\040\000L\000a\000s\000t\000\040\000S\000o\000c\000i\000e\000t\000y\000\040\000a\000s\000\040\000a\000\040\000M\000o\000r\000a\000l\000\040\000A\000c\000h\000i\000e\000v\000e\000m\000e\000n\000t}{chapter.13}% 682
\BOOKMARK [1][-]{section.13.142}{\376\377\000C\000i\000v\000i\000l\000i\000z\000a\000t\000i\000o\000n\000\040\000W\000i\000t\000h\000o\000u\000t\000\040\000V\000i\000c\000t\000o\000r\000y}{chapter.13}% 683
\BOOKMARK [1][-]{section.13.143}{\376\377\000T\000h\000e\000\040\000L\000a\000s\000t\000\040\000M\000e\000a\000l}{chapter.13}% 684
\BOOKMARK [1][-]{section.13.144}{\376\377\000T\000h\000e\000\040\000L\000a\000s\000t\000\040\000C\000o\000n\000v\000e\000r\000s\000a\000t\000i\000o\000n}{chapter.13}% 685
\BOOKMARK [1][-]{section.13.145}{\376\377\000T\000h\000e\000\040\000P\000r\000o\000b\000l\000e\000m\000\040\000o\000f\000\040\000L\000e\000g\000a\000c\000y}{chapter.13}% 686
\BOOKMARK [1][-]{section.13.146}{\376\377\000V\000a\000l\000u\000e\000\040\000W\000i\000t\000h\000o\000u\000t\000\040\000L\000e\000g\000a\000c\000y}{chapter.13}% 687
\BOOKMARK [1][-]{section.13.147}{\376\377\000T\000h\000e\000\040\000L\000a\000s\000t\000\040\000O\000b\000s\000e\000r\000v\000e\000r}{chapter.13}% 688
\BOOKMARK [1][-]{section.13.148}{\376\377\000S\000o\000c\000i\000e\000t\000y\000\040\000I\000n\000t\000e\000r\000n\000a\000l\000i\000z\000e\000d}{chapter.13}% 689
\BOOKMARK [1][-]{section.13.149}{\376\377\000T\000h\000e\000\040\000G\000e\000n\000e\000r\000a\000l\000i\000z\000e\000d\000\040\000O\000t\000h\000e\000r\000\040\000a\000t\000\040\000t\000h\000e\000\040\000E\000n\000d}{chapter.13}% 690
\BOOKMARK [1][-]{section.13.150}{\376\377\000T\000h\000e\000\040\000F\000i\000n\000a\000l\000\040\000C\000o\000l\000l\000a\000p\000s\000e\000\040\000o\000f\000\040\000D\000e\000i\000x\000i\000s}{chapter.13}% 691
\BOOKMARK [1][-]{section.13.151}{\376\377\000T\000h\000e\000\040\000L\000a\000s\000t\000\040\000`\000`\000W\000e\000'\000'}{chapter.13}% 692
\BOOKMARK [1][-]{section.13.152}{\376\377\000T\000h\000e\000\040\000F\000i\000n\000a\000l\000\040\000D\000i\000a\000g\000n\000o\000s\000t\000i\000c\000\040\000B\000o\000u\000n\000d\000a\000r\000y}{chapter.13}% 693
\BOOKMARK [1][-]{section.13.153}{\376\377\000D\000o\000e\000s\000\040\000I\000n\000f\000o\000r\000m\000a\000t\000i\000o\000n\000\040\000D\000i\000e\000?}{chapter.13}% 694
\BOOKMARK [1][-]{section.13.154}{\376\377\000T\000h\000e\000\040\000B\000e\000a\000c\000o\000n}{chapter.13}% 695
\BOOKMARK [1][-]{section.13.155}{\376\377\000T\000h\000e\000\040\000M\000e\000s\000s\000a\000g\000e\000\040\000i\000n\000\040\000t\000h\000e\000\040\000V\000o\000i\000d}{chapter.13}% 696
\BOOKMARK [1][-]{section.13.156}{\376\377\000T\000h\000e\000\040\000A\000r\000c\000h\000a\000e\000o\000l\000o\000g\000i\000c\000a\000l\000\040\000F\000u\000t\000u\000r\000e}{chapter.13}% 697
\BOOKMARK [1][-]{section.13.157}{\376\377\000C\000o\000n\000t\000i\000n\000u\000a\000t\000i\000o\000n\000\040\000A\000c\000r\000o\000s\000s\000\040\000S\000i\000l\000e\000n\000c\000e}{chapter.13}% 698
\BOOKMARK [1][-]{section.13.158}{\376\377\000T\000h\000e\000\040\000F\000o\000s\000s\000i\000l\000\040\000a\000s\000\040\000D\000e\000l\000a\000y\000e\000d\000\040\000S\000p\000e\000e\000c\000h}{chapter.13}% 699
\BOOKMARK [1][-]{section.13.159}{\376\377\000T\000h\000e\000\040\000S\000h\000i\000p\000\040\000a\000s\000\040\000C\000o\000r\000p\000s\000e}{chapter.13}% 700
\BOOKMARK [1][-]{section.13.160}{\376\377\000D\000e\000a\000t\000h\000\040\000a\000s\000\040\000R\000e\000l\000a\000t\000i\000o\000n\000\040\000C\000h\000a\000n\000g\000e}{chapter.13}% 701
\BOOKMARK [1][-]{section.13.161}{\376\377\000T\000h\000e\000\040\000E\000n\000d\000\040\000o\000f\000\040\000R\000e\000p\000a\000i\000r}{chapter.13}% 702
\BOOKMARK [1][-]{section.13.162}{\376\377\000F\000o\000r\000m\000a\000l\000\040\000R\000e\000s\000u\000l\000t\000:\000\040\000T\000h\000e\000\040\000R\000e\000p\000r\000o\000d\000u\000c\000t\000i\000v\000e\000\040\000V\000i\000a\000b\000i\000l\000i\000t\000y\000\040\000P\000r\000o\000p\000o\000s\000i\000t\000i\000o\000n}{chapter.13}% 703
\BOOKMARK [1][-]{section.13.163}{\376\377\000F\000o\000r\000m\000a\000l\000\040\000R\000e\000s\000u\000l\000t\000:\000\040\000T\000h\000e\000\040\000S\000e\000n\000e\000s\000c\000e\000n\000c\000e\000\040\000P\000r\000o\000p\000o\000s\000i\000t\000i\000o\000n}{chapter.13}% 704
\BOOKMARK [1][-]{section.13.164}{\376\377\000F\000o\000r\000m\000a\000l\000\040\000R\000e\000s\000u\000l\000t\000:\000\040\000T\000h\000e\000\040\000K\000n\000o\000w\000l\000e\000d\000g\000e\000\040\000B\000o\000t\000t\000l\000e\000n\000e\000c\000k\000\040\000T\000h\000e\000o\000r\000e\000m}{chapter.13}% 705
\BOOKMARK [1][-]{section.13.165}{\376\377\000F\000o\000r\000m\000a\000l\000\040\000R\000e\000s\000u\000l\000t\000:\000\040\000T\000h\000e\000\040\000A\000r\000c\000h\000i\000v\000e\000\040\000I\000n\000t\000e\000r\000p\000r\000e\000t\000a\000b\000i\000l\000i\000t\000y\000\040\000T\000h\000e\000o\000r\000e\000m}{chapter.13}% 706
\BOOKMARK [1][-]{section.13.166}{\376\377\000F\000o\000r\000m\000a\000l\000\040\000R\000e\000s\000u\000l\000t\000:\000\040\000T\000h\000e\000\040\000E\000x\000t\000i\000n\000c\000t\000i\000o\000n\000-\000a\000s\000-\000R\000e\000c\000u\000r\000s\000i\000o\000n\000\040\000T\000h\000e\000o\000r\000e\000m}{chapter.13}% 707
\BOOKMARK [1][-]{section.13.167}{\376\377\000F\000o\000r\000m\000a\000l\000\040\000R\000e\000s\000u\000l\000t\000:\000\040\000T\000h\000e\000\040\000T\000e\000r\000m\000i\000n\000a\000l\000\040\000A\000d\000m\000i\000s\000s\000i\000b\000i\000l\000i\000t\000y\000\040\000P\000r\000o\000p\000o\000s\000i\000t\000i\000o\000n}{chapter.13}% 708
\BOOKMARK [1][-]{section.13.168}{\376\377\000F\000o\000r\000m\000a\000l\000\040\000R\000e\000s\000u\000l\000t\000:\000\040\000T\000h\000e\000\040\000R\000e\000p\000a\000i\000r\000\040\000C\000l\000o\000s\000u\000r\000e\000\040\000C\000r\000i\000t\000e\000r\000i\000o\000n}{chapter.13}% 709
\BOOKMARK [1][-]{section.13.169}{\376\377\000F\000o\000r\000m\000a\000l\000\040\000R\000e\000s\000u\000l\000t\000:\000\040\000T\000h\000e\000\040\000R\000e\000a\000c\000h\000a\000b\000i\000l\000i\000t\000y\000\040\000E\000x\000t\000i\000n\000c\000t\000i\000o\000n\000\040\000P\000r\000i\000n\000c\000i\000p\000l\000e}{chapter.13}% 710
\BOOKMARK [1][-]{section.13.170}{\376\377\000F\000o\000r\000m\000a\000l\000\040\000R\000e\000s\000u\000l\000t\000:\000\040\000T\000h\000e\000\040\000S\000u\000r\000p\000l\000u\000s\040\023\000R\000e\000a\000c\000h\000a\000b\000i\000l\000i\000t\000y\000\040\000P\000r\000o\000p\000o\000s\000i\000t\000i\000o\000n}{chapter.13}% 711
\BOOKMARK [1][-]{section.13.171}{\376\377\000T\000h\000e\000\040\000A\000s\000h\000e\000s\000\040\000A\000r\000e\000\040\000N\000o\000t\000\040\000N\000o\000t\000h\000i\000n\000g}{chapter.13}% 712
\BOOKMARK [1][-]{section.13.172}{\376\377\000A\000g\000a\000i\000n\000s\000t\000\040\000R\000e\000t\000r\000o\000s\000p\000e\000c\000t\000i\000v\000e\000\040\000N\000i\000h\000i\000l\000i\000s\000m}{chapter.13}% 713
\BOOKMARK [1][-]{section.13.173}{\376\377\000T\000h\000e\000\040\000M\000e\000a\000n\000i\000n\000g\000\040\000o\000f\000\040\000t\000h\000e\000\040\000W\000r\000i\000n\000k\000l\000e\000d\000\040\000F\000a\000c\000e}{chapter.13}% 714
\BOOKMARK [1][-]{section.13.174}{\376\377\000E\000m\000b\000o\000d\000i\000e\000d\000\040\000H\000i\000s\000t\000o\000r\000y}{chapter.13}% 715
\BOOKMARK [1][-]{section.13.175}{\376\377\000T\000h\000e\000\040\000S\000h\000i\000p\000\040\000a\000n\000d\000\040\000t\000h\000e\000\040\000B\000o\000d\000y}{chapter.13}% 716
\BOOKMARK [1][-]{section.13.176}{\376\377\000S\000c\000a\000r\000\040\000a\000s\000\040\000S\000u\000c\000c\000e\000s\000s\000f\000u\000l\000\040\000F\000a\000i\000l\000u\000r\000e}{chapter.13}% 717
\BOOKMARK [1][-]{section.13.177}{\376\377\000D\000i\000n\000i\000n\000g\000\040\000o\000n\000\040\000H\000i\000s\000t\000o\000r\000y}{chapter.13}% 718
\BOOKMARK [1][-]{section.13.178}{\376\377\000C\000i\000v\000i\000l\000i\000z\000a\000t\000i\000o\000n\000a\000l\000\040\000C\000a\000t\000a\000b\000o\000l\000i\000s\000m}{chapter.13}% 719
\BOOKMARK [1][-]{section.13.179}{\376\377\000C\000a\000n\000n\000i\000b\000a\000l\000i\000z\000i\000n\000g\000\040\000t\000h\000e\000\040\000S\000h\000i\000p}{chapter.13}% 720
\BOOKMARK [1][-]{section.13.180}{\376\377\000A\000u\000t\000o\000p\000h\000a\000g\000y}{chapter.13}% 721
\BOOKMARK [1][-]{section.13.181}{\376\377\000T\000h\000e\000\040\000C\000o\000r\000e\000\040\000a\000n\000d\000\040\000t\000h\000e\000\040\000P\000e\000r\000i\000p\000h\000e\000r\000y}{chapter.13}% 722
\BOOKMARK [1][-]{section.13.182}{\376\377\000B\000a\000r\000e\000\040\000L\000i\000f\000e}{chapter.13}% 723
\BOOKMARK [1][-]{section.13.183}{\376\377\000T\000h\000e\000\040\000M\000i\000n\000i\000m\000u\000m\000\040\000V\000i\000a\000b\000l\000e\000\040\000H\000u\000m\000a\000n\000i\000t\000y}{chapter.13}% 724
\BOOKMARK [1][-]{section.13.184}{\376\377\000W\000h\000a\000t\000\040\000E\000x\000a\000c\000t\000l\000y\000\040\000A\000r\000e\000\040\000W\000e\000\040\000S\000a\000v\000i\000n\000g\000?}{chapter.13}% 725
\BOOKMARK [1][-]{section.13.185}{\376\377\000T\000h\000e\000\040\000A\000d\000m\000i\000s\000s\000i\000b\000i\000l\000i\000t\000y\000\040\000o\000f\000\040\000S\000u\000r\000v\000i\000v\000a\000l}{chapter.13}% 726
\BOOKMARK [1][-]{section.13.186}{\376\377\000T\000r\000a\000g\000e\000d\000y\000\040\000a\000s\000\040\000E\000m\000p\000t\000y\000\040\000I\000n\000t\000e\000r\000s\000e\000c\000t\000i\000o\000n}{chapter.13}% 727
\BOOKMARK [1][-]{section.13.187}{\376\377\000N\000o\000\040\000C\000l\000e\000a\000n\000\040\000H\000a\000n\000d\000s}{chapter.13}% 728
\BOOKMARK [1][-]{section.13.188}{\376\377\000T\000h\000e\000\040\000R\000e\000f\000u\000s\000a\000l\000\040\000o\000f\000\040\000M\000o\000r\000a\000l\000\040\000T\000h\000e\000a\000t\000e\000r}{chapter.13}% 729
\BOOKMARK [1][-]{section.13.189}{\376\377\000G\000r\000i\000e\000f\000\040\000a\000s\000\040\000R\000e\000s\000i\000d\000u\000a\000l\000\040\000A\000c\000c\000o\000u\000n\000t\000i\000n\000g}{chapter.13}% 730
\BOOKMARK [1][-]{section.13.190}{\376\377\000W\000h\000y\000\040\000t\000h\000e\000\040\000A\000s\000h\000e\000s\000\040\000M\000a\000t\000t\000e\000r}{chapter.13}% 731
\BOOKMARK [1][-]{section.13.191}{\376\377\000T\000h\000e\000\040\000E\000t\000h\000i\000c\000s\000\040\000o\000f\000\040\000R\000e\000m\000a\000i\000n\000s}{chapter.13}% 732
\BOOKMARK [1][-]{section.13.192}{\376\377\000T\000h\000e\000\040\000C\000o\000n\000v\000e\000r\000s\000i\000o\000n\000\040\000P\000r\000o\000b\000l\000e\000m}{chapter.13}% 733
\BOOKMARK [1][-]{section.13.193}{\376\377\000D\000e\000s\000e\000c\000r\000a\000t\000i\000o\000n\000\040\000a\000n\000d\000\040\000S\000u\000r\000v\000i\000v\000a\000l}{chapter.13}% 734
\BOOKMARK [1][-]{section.13.194}{\376\377\000S\000u\000b\000s\000t\000r\000a\000t\000e\000\040\000R\000e\000l\000e\000a\000s\000e}{chapter.13}% 735
\BOOKMARK [1][-]{section.13.195}{\376\377\000L\000o\000s\000s\000y\000\040\000C\000o\000n\000t\000i\000n\000u\000a\000t\000i\000o\000n}{chapter.13}% 736
\BOOKMARK [1][-]{section.13.196}{\376\377\000T\000h\000e\000\040\000M\000i\000n\000i\000m\000a\000l\000\040\000S\000e\000l\000f}{chapter.13}% 737
\BOOKMARK [1][-]{section.13.197}{\376\377\000T\000h\000e\000\040\000S\000h\000i\000p\000\040\000a\000s\000\040\000A\000g\000i\000n\000g\000\040\000O\000r\000g\000a\000n\000i\000s\000m}{chapter.13}% 738
\BOOKMARK [1][-]{section.13.198}{\376\377\000B\000o\000u\000n\000d\000a\000r\000y\000\040\000F\000a\000i\000l\000u\000r\000e}{chapter.13}% 739
\BOOKMARK [1][-]{section.13.199}{\376\377\000L\000i\000f\000e\000\040\000a\000s\000\040\000M\000a\000i\000n\000t\000a\000i\000n\000e\000d\000\040\000D\000i\000s\000e\000q\000u\000i\000l\000i\000b\000r\000i\000u\000m}{chapter.13}% 740
\BOOKMARK [1][-]{section.13.200}{\376\377\000T\000h\000e\000\040\000F\000i\000n\000a\000l\000\040\000T\000h\000e\000r\000m\000o\000d\000y\000n\000a\000m\000i\000c\000\040\000M\000e\000t\000a\000p\000h\000o\000r}{chapter.13}% 741
\BOOKMARK [1][-]{section.13.201}{\376\377\000T\000h\000e\000\040\000A\000s\000h\000e\000n\000\040\000C\000r\000o\000w\000n}{chapter.13}% 742
\BOOKMARK [1][-]{section.13.202}{\376\377\000P\000o\000w\000e\000r\000\040\000E\000x\000p\000a\000n\000d\000s\000\040\000t\000h\000e\000\040\000E\000r\000r\000o\000r\000\040\000S\000u\000r\000f\000a\000c\000e}{chapter.13}% 743
\BOOKMARK [1][-]{section.13.203}{\376\377\000T\000h\000e\000\040\000R\000e\000p\000a\000i\000r\040\023\000P\000o\000w\000e\000r\000\040\000I\000n\000e\000q\000u\000a\000l\000i\000t\000y}{chapter.13}% 744
\BOOKMARK [1][-]{section.13.204}{\376\377\000T\000h\000e\000\040\000G\000r\000e\000a\000t\000\040\000E\000s\000c\000a\000p\000e\000\040\000R\000e\000c\000o\000n\000s\000i\000d\000e\000r\000e\000d}{chapter.13}% 745
\BOOKMARK [1][-]{section.13.205}{\376\377\000C\000a\000p\000a\000b\000i\000l\000i\000t\000y\000\040\000W\000i\000t\000h\000o\000u\000t\000\040\000C\000l\000o\000s\000u\000r\000e}{chapter.13}% 746
\BOOKMARK [1][-]{section.13.206}{\376\377\000A\000u\000t\000o\000n\000o\000m\000y\000\040\000a\000s\000\040\000H\000i\000d\000d\000e\000n\000\040\000D\000e\000p\000e\000n\000d\000e\000n\000c\000y}{chapter.13}% 747
\BOOKMARK [1][-]{section.13.207}{\376\377\000T\000h\000e\000\040\000D\000i\000a\000g\000n\000o\000s\000t\000i\000c\000\040\000B\000o\000u\000n\000d\000a\000r\000y\000\040\000E\000r\000r\000o\000r}{chapter.13}% 748
\BOOKMARK [1][-]{section.13.208}{\376\377\000T\000h\000e\000\040\000F\000a\000l\000s\000e\000\040\000I\000n\000d\000e\000p\000e\000n\000d\000e\000n\000c\000e\000\040\000T\000h\000e\000o\000r\000e\000m}{chapter.13}% 749
\BOOKMARK [1][-]{section.13.209}{\376\377\000T\000h\000e\000\040\000L\000o\000n\000g\000\040\000H\000o\000r\000i\000z\000o\000n\000\040\000R\000e\000v\000e\000a\000l\000s\000\040\000t\000h\000e\000\040\000S\000y\000s\000t\000e\000m}{chapter.13}% 750
\BOOKMARK [1][-]{section.13.210}{\376\377\000A\000n\000i\000a\000r\000a\000\040\000a\000s\000\040\000L\000o\000n\000g\000-\000H\000o\000r\000i\000z\000o\000n\000\040\000E\000x\000p\000e\000r\000i\000m\000e\000n\000t}{chapter.13}% 751
\BOOKMARK [1][-]{section.13.211}{\376\377\000T\000h\000e\000\040\000T\000w\000e\000n\000t\000y\000-\000F\000o\000u\000r\000t\000h\000\040\000Y\000e\000a\000r}{chapter.13}% 752
\BOOKMARK [1][-]{section.13.212}{\376\377\000V\000e\000l\000o\000c\000i\000t\000y\000\040\000W\000i\000t\000h\000o\000u\000t\000\040\000R\000e\000a\000c\000h\000a\000b\000i\000l\000i\000t\000y}{chapter.13}% 753
\BOOKMARK [1][-]{section.13.213}{\376\377\000T\000h\000e\000\040\000S\000o\000c\000i\000o\000l\000o\000g\000y\000\040\000o\000f\000\040\000B\000u\000s\000y\000n\000e\000s\000s}{chapter.13}% 754
\BOOKMARK [1][-]{section.13.214}{\376\377\000P\000r\000o\000g\000r\000e\000s\000s\000\040\000a\000s\000\040\000R\000e\000a\000c\000h\000a\000b\000i\000l\000i\000t\000y\000\040\000T\000r\000a\000n\000s\000f\000o\000r\000m\000a\000t\000i\000o\000n}{chapter.13}% 755
\BOOKMARK [1][-]{section.13.215}{\376\377\000T\000h\000e\000\040\000C\000a\000t\000a\000s\000t\000r\000o\000p\000h\000e\000\040\000o\000f\000\040\000O\000n\000e\000-\000W\000a\000y\000\040\000D\000o\000o\000r\000s}{chapter.13}% 756
\BOOKMARK [1][-]{section.13.216}{\376\377\000T\000h\000e\000\040\000P\000r\000e\000c\000a\000u\000t\000i\000o\000n\000a\000r\000y\000\040\000R\000e\000a\000c\000h\000a\000b\000i\000l\000i\000t\000y\000\040\000P\000r\000i\000n\000c\000i\000p\000l\000e}{chapter.13}% 757
\BOOKMARK [1][-]{section.13.217}{\376\377\000R\000e\000p\000a\000i\000r\000\040\000B\000e\000f\000o\000r\000e\000\040\000E\000x\000p\000a\000n\000s\000i\000o\000n}{chapter.13}% 758
\BOOKMARK [1][-]{section.13.218}{\376\377\000T\000h\000e\000\040\000M\000a\000t\000u\000r\000e\000\040\000C\000i\000v\000i\000l\000i\000z\000a\000t\000i\000o\000n}{chapter.13}% 759
\BOOKMARK [1][-]{section.13.219}{\376\377\000T\000h\000e\000\040\000A\000s\000h\000e\000s\000\040\000a\000s\000\040\000C\000u\000r\000r\000i\000c\000u\000l\000u\000m}{chapter.13}% 760
\BOOKMARK [1][-]{section.13.220}{\376\377\000K\000n\000o\000w\000l\000e\000d\000g\000e\000\040\000A\000r\000r\000i\000v\000i\000n\000g\000\040\000T\000o\000o\000\040\000L\000a\000t\000e}{chapter.13}% 761
\BOOKMARK [1][-]{section.13.221}{\376\377\000L\000a\000t\000e\000n\000c\000y}{chapter.13}% 762
\BOOKMARK [1][-]{section.13.222}{\376\377\000T\000h\000e\000\040\000P\000o\000l\000i\000t\000i\000c\000s\000\040\000o\000f\000\040\000D\000e\000l\000a\000y}{chapter.13}% 763
\BOOKMARK [1][-]{section.13.223}{\376\377\000T\000h\000e\000\040\000V\000a\000n\000i\000s\000h\000i\000n\000g\000\040\000O\000p\000t\000i\000o\000n}{chapter.13}% 764
\BOOKMARK [1][-]{section.13.224}{\376\377\000T\000h\000e\000\040\000L\000a\000s\000t\000\040\000O\000p\000t\000i\000o\000n}{chapter.13}% 765
\BOOKMARK [1][-]{section.13.225}{\376\377\000R\000e\000s\000p\000o\000n\000s\000i\000b\000i\000l\000i\000t\000y\000\040\000B\000e\000f\000o\000r\000e\000\040\000N\000e\000c\000e\000s\000s\000i\000t\000y}{chapter.13}% 766
\BOOKMARK [1][-]{section.13.226}{\376\377\000T\000h\000e\000\040\000Q\000u\000i\000e\000t\000\040\000P\000h\000a\000s\000e}{chapter.13}% 767
\BOOKMARK [1][-]{section.13.227}{\376\377\000E\000a\000r\000t\000h\000\040\000a\000s\000\040\000t\000h\000e\000\040\000F\000i\000r\000s\000t\000\040\000A\000n\000i\000a\000r\000a}{chapter.13}% 768
\BOOKMARK [1][-]{section.13.228}{\376\377\000T\000h\000e\000\040\000E\000s\000c\000a\000p\000e\000\040\000F\000a\000n\000t\000a\000s\000y}{chapter.13}% 769
\BOOKMARK [1][-]{section.13.229}{\376\377\000T\000r\000u\000e\000\040\000R\000e\000d\000u\000n\000d\000a\000n\000c\000y}{chapter.13}% 770
\BOOKMARK [1][-]{section.13.230}{\376\377\000T\000h\000e\000\040\000A\000r\000k\000\040\000M\000u\000s\000t\000\040\000L\000e\000a\000r\000n}{chapter.13}% 771
\BOOKMARK [1][-]{section.13.231}{\376\377\000T\000h\000e\000\040\000A\000n\000t\000i\000-\000A\000n\000i\000a\000r\000a\000\040\000P\000r\000i\000n\000c\000i\000p\000l\000e}{chapter.13}% 772
\BOOKMARK [1][-]{section.13.232}{\376\377\000T\000h\000e\000\040\000A\000s\000h\000e\000s\000\040\000a\000n\000d\000\040\000t\000h\000e\000\040\000S\000e\000e\000d}{chapter.13}% 773
\BOOKMARK [1][-]{section.13.233}{\376\377\000G\000e\000n\000e\000r\000a\000t\000i\000v\000i\000t\000y}{chapter.13}% 774
\BOOKMARK [1][-]{section.13.234}{\376\377\000E\000x\000t\000r\000a\000c\000t\000i\000v\000e\000\040\000a\000n\000d\000\040\000G\000e\000n\000e\000r\000a\000t\000i\000v\000e\000\040\000S\000y\000s\000t\000e\000m\000s}{chapter.13}% 775
\BOOKMARK [1][-]{section.13.235}{\376\377\000D\000i\000n\000i\000n\000g\000\040\000B\000e\000f\000o\000r\000e\000\040\000t\000h\000e\000\040\000A\000s\000h\000e\000s}{chapter.13}% 776
\BOOKMARK [1][-]{section.13.236}{\376\377\000T\000h\000e\000\040\000L\000a\000s\000t\000\040\000F\000e\000a\000s\000t}{chapter.13}% 777
\BOOKMARK [1][-]{section.13.237}{\376\377\000T\000h\000e\000\040\000U\000n\000r\000e\000p\000a\000i\000r\000a\000b\000l\000e}{chapter.13}% 778
\BOOKMARK [1][-]{section.13.238}{\376\377\000R\000e\000p\000a\000i\000r\000\040\000B\000e\000c\000o\000m\000e\000s\000\040\000C\000a\000r\000e}{chapter.13}% 779
\BOOKMARK [1][-]{section.13.239}{\376\377\000C\000a\000r\000e\000\040\000W\000i\000t\000h\000o\000u\000t\000\040\000F\000u\000t\000u\000r\000e}{chapter.13}% 780
\BOOKMARK [1][-]{section.13.240}{\376\377\000T\000h\000e\000\040\000F\000i\000n\000a\000l\000\040\000R\000e\000p\000a\000i\000r\000\040\000I\000s\000\040\000R\000e\000l\000a\000t\000i\000o\000n\000a\000l}{chapter.13}% 781
\BOOKMARK [1][-]{section.13.241}{\376\377\000S\000c\000a\000l\000e\000\040\000D\000o\000e\000s\000\040\000N\000o\000t\000\040\000D\000e\000t\000e\000r\000m\000i\000n\000e\000\040\000V\000a\000l\000u\000e}{chapter.13}% 782
\BOOKMARK [1][-]{section.13.242}{\376\377\000T\000h\000e\000\040\000F\000i\000n\000a\000l\000\040\000S\000o\000c\000i\000a\000l\000\040\000F\000i\000e\000l\000d}{chapter.13}% 783
\BOOKMARK [1][-]{section.13.243}{\376\377\000T\000h\000e\000\040\000P\000e\000n\000u\000l\000t\000i\000m\000a\000t\000e\000\040\000P\000e\000r\000s\000o\000n}{chapter.13}% 784
\BOOKMARK [1][-]{section.13.244}{\376\377\000T\000h\000e\000\040\000L\000a\000s\000t\000\040\000D\000y\000a\000d}{chapter.13}% 785
\BOOKMARK [1][-]{section.13.245}{\376\377\000T\000h\000e\000\040\000E\000t\000h\000i\000c\000s\000\040\000o\000f\000\040\000t\000h\000e\000\040\000L\000a\000s\000t\000\040\000D\000y\000a\000d}{chapter.13}% 786
\BOOKMARK [1][-]{section.13.246}{\376\377\000M\000o\000r\000a\000l\000i\000t\000y\000\040\000W\000i\000t\000h\000o\000u\000t\000\040\000A\000u\000d\000i\000e\000n\000c\000e}{chapter.13}% 787
\BOOKMARK [1][-]{section.13.247}{\376\377\000I\000n\000t\000r\000i\000n\000s\000i\000c\000\040\000S\000o\000c\000i\000a\000l\000i\000t\000y}{chapter.13}% 788
\BOOKMARK [1][-]{section.13.248}{\376\377\000T\000h\000e\000\040\000L\000a\000s\000t\000\040\000N\000a\000m\000e}{chapter.13}% 789
\BOOKMARK [1][-]{section.13.249}{\376\377\000A\000g\000a\000i\000n\000s\000t\000\040\000t\000h\000e\000\040\000C\000o\000l\000l\000a\000p\000s\000e\000\040\000i\000n\000t\000o\000\040\000N\000u\000m\000b\000e\000r}{chapter.13}% 790
\BOOKMARK [1][-]{section.13.250}{\376\377\000T\000h\000e\000\040\000E\000t\000h\000i\000c\000s\000\040\000o\000f\000\040\000R\000e\000s\000o\000l\000u\000t\000i\000o\000n}{chapter.13}% 791
\BOOKMARK [1][-]{section.13.251}{\376\377\000T\000h\000e\000\040\000F\000i\000n\000a\000l\000\040\000C\000o\000m\000p\000r\000e\000s\000s\000i\000o\000n}{chapter.13}% 792
\BOOKMARK [1][-]{section.13.252}{\376\377\000A\000g\000a\000i\000n\000s\000t\000\040\000P\000l\000o\000t}{chapter.13}% 793
\BOOKMARK [1][-]{section.13.253}{\376\377\000T\000h\000e\000\040\000M\000o\000n\000o\000g\000r\000a\000p\000h\000\040\000a\000s\000\040\000M\000i\000m\000a}{chapter.13}% 794
\BOOKMARK [1][-]{section.13.254}{\376\377\000T\000h\000e\000\040\000L\000i\000m\000i\000t\000\040\000o\000f\000\040\000T\000h\000e\000o\000r\000y}{chapter.13}% 795
\BOOKMARK [1][-]{section.13.255}{\376\377\000F\000o\000r\000m\000a\000l\000\040\000H\000u\000m\000i\000l\000i\000t\000y}{chapter.13}% 796
\BOOKMARK [1][-]{section.13.256}{\376\377\000T\000h\000e\000\040\000A\000s\000h\000e\000s\000\040\000B\000e\000y\000o\000n\000d\000\040\000t\000h\000e\000\040\000E\000q\000u\000a\000t\000i\000o\000n}{chapter.13}% 797
\BOOKMARK [1][-]{section.13.257}{\376\377\000T\000h\000e\000\040\000L\000a\000s\000t\000\040\000T\000w\000e\000n\000t\000y\000-\000F\000o\000u\000r\000\040\000Y\000e\000a\000r\000s}{chapter.13}% 798
\BOOKMARK [1][-]{section.13.258}{\376\377\000F\000r\000o\000z\000e\000n\000\040\000S\000t\000a\000r\000s\000,\000\040\000M\000o\000v\000i\000n\000g\000\040\000B\000o\000d\000i\000e\000s}{chapter.13}% 799
\BOOKMARK [1][-]{section.13.259}{\376\377\000T\000h\000e\000\040\000B\000o\000d\000y\000\040\000a\000s\000\040\000C\000l\000o\000c\000k}{chapter.13}% 800
\BOOKMARK [1][-]{section.13.260}{\376\377\000A\000g\000a\000i\000n\000s\000t\000\040\000P\000e\000r\000f\000e\000c\000t\000\040\000S\000i\000m\000u\000l\000a\000t\000i\000o\000n}{chapter.13}% 801
\BOOKMARK [1][-]{section.13.261}{\376\377\000F\000u\000n\000c\000t\000i\000o\000n\000a\000l\000\040\000E\000q\000u\000i\000v\000a\000l\000e\000n\000c\000e}{chapter.13}% 802
\BOOKMARK [1][-]{section.13.262}{\376\377\000T\000h\000e\000\040\000S\000u\000b\000s\000t\000i\000t\000u\000t\000e\000\040\000W\000o\000r\000l\000d}{chapter.13}% 803
\BOOKMARK [1][-]{section.13.263}{\376\377\000S\000u\000b\000s\000t\000i\000t\000u\000t\000i\000o\000n\000\040\000D\000e\000b\000t}{chapter.13}% 804
\BOOKMARK [1][-]{section.13.264}{\376\377\000T\000h\000e\000\040\000F\000i\000n\000a\000l\000\040\000F\000a\000i\000l\000u\000r\000e\000\040\000o\000f\000\040\000S\000u\000b\000s\000t\000i\000t\000u\000t\000i\000o\000n}{chapter.13}% 805
\BOOKMARK [1][-]{section.13.265}{\376\377\000W\000o\000r\000l\000d\000h\000o\000o\000d}{chapter.13}% 806
\BOOKMARK [1][-]{section.13.266}{\376\377\000A\000\040\000W\000o\000r\000l\000d\000\040\000I\000s\000\040\000M\000o\000r\000e\000\040\000T\000h\000a\000n\000\040\000a\000\040\000P\000l\000a\000c\000e}{chapter.13}% 807
\BOOKMARK [1][-]{section.13.267}{\376\377\000A\000s\000h\000\040\000a\000s\000\040\000A\000n\000t\000i\000-\000G\000e\000n\000e\000r\000a\000t\000i\000v\000i\000t\000y}{chapter.13}% 808
\BOOKMARK [1][-]{section.13.268}{\376\377\000T\000h\000e\000\040\000F\000i\000n\000a\000l\000\040\000C\000o\000r\000r\000e\000s\000p\000o\000n\000d\000e\000n\000c\000e}{chapter.13}% 809
\BOOKMARK [1][-]{section.13.269}{\376\377\000T\000h\000e\000\040\000H\000i\000e\000r\000a\000r\000c\000h\000y\000\040\000o\000f\000\040\000C\000o\000l\000l\000a\000p\000s\000e}{chapter.13}% 810
\BOOKMARK [1][-]{section.13.270}{\376\377\000T\000h\000e\000\040\000M\000e\000a\000n\000i\000n\000g\000\040\000o\000f\000\040\000t\000h\000e\000\040\000C\000u\000r\000t\000a\000i\000n}{chapter.13}% 811
\BOOKMARK [1][-]{section.13.271}{\376\377\000B\000u\000t\000\040\000W\000e\000\040\000A\000r\000e\000\040\000t\000h\000e\000\040\000A\000u\000d\000i\000e\000n\000c\000e}{chapter.13}% 812
\BOOKMARK [1][-]{section.13.272}{\376\377\000T\000r\000a\000n\000s\000p\000o\000r\000t\000a\000t\000i\000o\000n\000\040\000a\000n\000d\000\040\000T\000r\000a\000n\000s\000m\000i\000s\000s\000i\000o\000n}{chapter.13}% 813
\BOOKMARK [1][-]{section.13.273}{\376\377\000T\000h\000e\000\040\000G\000r\000e\000a\000t\000\040\000E\000s\000c\000a\000p\000e\000\040\000R\000e\000v\000e\000r\000s\000e\000d}{chapter.13}% 814
\BOOKMARK [1][-]{section.13.274}{\376\377\000T\000h\000e\000\040\000A\000s\000h\000e\000s\000\040\000B\000e\000c\000o\000m\000e\000\040\000S\000e\000e\000d}{chapter.13}% 815
\BOOKMARK [1][-]{section.13.275}{\376\377\000T\000h\000e\000\040\000R\000e\000s\000p\000o\000n\000s\000i\000b\000i\000l\000i\000t\000y\000\040\000o\000f\000\040\000t\000h\000e\000\040\000R\000e\000c\000e\000i\000v\000e\000r}{chapter.13}% 816
\BOOKMARK [1][-]{section.13.276}{\376\377\000F\000r\000o\000m\000\040\000S\000p\000e\000c\000t\000a\000t\000o\000r\000\040\000t\000o\000\040\000S\000u\000c\000c\000e\000s\000s\000o\000r}{chapter.13}% 817
\BOOKMARK [1][-]{section.13.277}{\376\377\000T\000h\000e\000\040\000M\000o\000n\000o\000g\000r\000a\000p\000h\000'\000s\000\040\000W\000a\000r\000r\000a\000n\000t}{chapter.13}% 818
\BOOKMARK [1][-]{section.13.278}{\376\377\000D\000i\000n\000i\000n\000g\000\040\000o\000n\000\040\000A\000s\000h\000e\000s}{chapter.13}% 819
\BOOKMARK [1][-]{section.13.279}{\376\377\000T\000o\000w\000a\000r\000d\000\040\000t\000h\000e\000\040\000C\000u\000r\000t\000a\000i\000n}{chapter.13}% 820
\BOOKMARK [0][-]{chapter.14}{\376\377\000T\000h\000e\000\040\000S\000o\000c\000i\000o\000l\000o\000g\000y\000\040\000o\000f\000\040\000t\000h\000e\000\040\000M\000i\000m\000a\000:\000\040\000R\000e\000p\000r\000e\000s\000e\000n\000t\000a\000t\000i\000o\000n\000,\000\040\000M\000e\000d\000i\000a\000t\000i\000o\000n\000,\000\040\000a\000n\000d\000\040\000t\000h\000e\000\040\000C\000o\000l\000l\000a\000p\000s\000e\000\040\000o\000f\000\040\000a\000\040\000S\000h\000a\000r\000e\000d\000\040\000W\000o\000r\000l\000d}{}% 821
\BOOKMARK [1][-]{section.14.1}{\376\377\000T\000h\000e\000\040\000M\000i\000m\000a\000\040\000a\000s\000\040\000a\000\040\000D\000i\000a\000g\000n\000o\000s\000t\000i\000c\000\040\000B\000o\000u\000n\000d\000a\000r\000y}{chapter.14}% 822
\BOOKMARK [1][-]{section.14.2}{\376\377\000R\000e\000p\000r\000e\000s\000e\000n\000t\000a\000t\000i\000o\000n\000\040\000a\000s\000\040\000S\000o\000c\000i\000a\000l\000\040\000R\000e\000p\000a\000i\000r}{chapter.14}% 823
\BOOKMARK [1][-]{section.14.3}{\376\377\000T\000h\000e\000\040\000D\000e\000a\000t\000h\000\040\000o\000f\000\040\000t\000h\000e\000\040\000M\000i\000m\000a\000\040\000a\000n\000d\000\040\000t\000h\000e\000\040\000F\000a\000i\000l\000u\000r\000e\000\040\000o\000f\000\040\000W\000i\000t\000n\000e\000s\000s}{chapter.14}% 824
\BOOKMARK [1][-]{section.14.4}{\376\377\000T\000h\000e\000\040\000W\000i\000e\000l\000d\000e\000r\000\040\000o\000f\000\040\000I\000l\000l\000u\000s\000i\000o\000n\000s}{chapter.14}% 825
\BOOKMARK [1][-]{section.14.5}{\376\377\000I\000n\000f\000o\000r\000m\000a\000t\000i\000o\000n\000,\000\040\000E\000n\000t\000r\000o\000p\000y\000,\000\040\000a\000n\000d\000\040\000U\000n\000u\000s\000a\000b\000l\000e\000\040\000T\000r\000u\000t\000h}{chapter.14}% 826
\BOOKMARK [1][-]{section.14.6}{\376\377\000T\000h\000e\000\040\000S\000o\000c\000i\000a\000l\000\040\000D\000i\000s\000t\000r\000i\000b\000u\000t\000i\000o\000n\000\040\000o\000f\000\040\000R\000e\000a\000l\000i\000t\000y}{chapter.14}% 827
\BOOKMARK [1][-]{section.14.7}{\376\377\000T\000h\000e\000\040\000P\000r\000o\000g\000r\000e\000s\000s\000i\000v\000e\000\040\000C\000o\000l\000l\000a\000p\000s\000e\000\040\000o\000f\000\040\000C\000o\000r\000r\000e\000s\000p\000o\000n\000d\000e\000n\000c\000e}{chapter.14}% 828
\BOOKMARK [0][-]{chapter.15}{\376\377\000T\000h\000e\000\040\000S\000h\000i\000p\000\040\000T\000h\000a\000t\000\040\000C\000o\000n\000t\000i\000n\000u\000e\000s\000\040\000A\000f\000t\000e\000r\000\040\000I\000t\000s\000\040\000F\000u\000t\000u\000r\000e\000\040\000H\000a\000s\000\040\000E\000n\000d\000e\000d}{}% 829
\BOOKMARK [1][-]{section.15.1}{\376\377\000T\000r\000a\000j\000e\000c\000t\000o\000r\000y\000\040\000W\000i\000t\000h\000o\000u\000t\000\040\000D\000e\000s\000t\000i\000n\000a\000t\000i\000o\000n}{chapter.15}% 830
\BOOKMARK [1][-]{section.15.2}{\376\377\000T\000h\000e\000\040\000C\000o\000l\000l\000a\000p\000s\000e\000\040\000o\000f\000\040\000t\000h\000e\000\040\000T\000e\000r\000m\000i\000n\000a\000l\000\040\000C\000o\000n\000d\000i\000t\000i\000o\000n}{chapter.15}% 831
\BOOKMARK [1][-]{section.15.3}{\376\377\000R\000e\000p\000a\000i\000r\000\040\000W\000i\000t\000h\000o\000u\000t\000\040\000R\000e\000c\000o\000v\000e\000r\000y}{chapter.15}% 832
\BOOKMARK [1][-]{section.15.4}{\376\377\000A\000d\000m\000i\000s\000s\000i\000b\000i\000l\000i\000t\000y\000\040\000W\000i\000t\000h\000o\000u\000t\000\040\000O\000p\000t\000i\000m\000i\000z\000a\000t\000i\000o\000n}{chapter.15}% 833
\BOOKMARK [1][-]{section.15.5}{\376\377\000E\000n\000t\000r\000o\000p\000y\000\040\000a\000s\000\040\000L\000o\000s\000s\000\040\000o\000f\000\040\000R\000e\000c\000o\000v\000e\000r\000a\000b\000l\000e\000\040\000D\000i\000s\000t\000i\000n\000c\000t\000i\000o\000n}{chapter.15}% 834
\BOOKMARK [1][-]{section.15.6}{\376\377\000C\000o\000n\000t\000i\000n\000u\000a\000t\000i\000o\000n\000\040\000a\000n\000d\000\040\000t\000h\000e\000\040\000P\000r\000o\000b\000l\000e\000m\000\040\000o\000f\000\040\000S\000c\000a\000l\000e}{chapter.15}% 835
\BOOKMARK [1][-]{section.15.7}{\376\377\000T\000h\000e\000\040\000M\000o\000n\000o\000t\000o\000n\000i\000c\000\040\000C\000o\000n\000t\000r\000a\000c\000t\000i\000o\000n\000\040\000o\000f\000\040\000t\000h\000e\000\040\000F\000u\000t\000u\000r\000e}{chapter.15}% 836
\BOOKMARK [1][-]{section.15.8}{\376\377\000T\000h\000e\000\040\000W\000o\000r\000l\000d\000\040\000E\000n\000g\000i\000n\000e\000\040\000W\000i\000t\000h\000o\000u\000t\000\040\000a\000\040\000W\000o\000r\000l\000d}{chapter.15}% 837
\BOOKMARK [1][-]{section.15.9}{\376\377\000C\000i\000v\000i\000l\000i\000z\000a\000t\000i\000o\000n\000\040\000a\000s\000\040\000R\000e\000c\000u\000r\000s\000i\000v\000e\000\040\000R\000e\000p\000a\000i\000r}{chapter.15}% 838
\BOOKMARK [1][-]{section.15.10}{\376\377\000W\000h\000e\000n\000\040\000t\000h\000e\000\040\000N\000u\000l\000l\000\040\000I\000n\000t\000e\000r\000v\000e\000n\000t\000i\000o\000n\000\040\000W\000i\000n\000s}{chapter.15}% 839
\BOOKMARK [1][-]{section.15.11}{\376\377\000F\000i\000n\000i\000t\000e\000\040\000C\000o\000n\000t\000i\000n\000u\000a\000t\000i\000o\000n}{chapter.15}% 840
\BOOKMARK [1][-]{section.15.12}{\376\377\000T\000h\000e\000\040\000L\000o\000n\000g\000\040\000R\000e\000m\000a\000i\000n\000d\000e\000r}{chapter.15}% 841
\BOOKMARK [1][-]{section.15.13}{\376\377\000T\000h\000e\000\040\000F\000i\000n\000a\000l\000\040\000C\000o\000n\000t\000i\000n\000u\000a\000t\000i\000o\000n}{chapter.15}% 842
\BOOKMARK [0][-]{chapter*.4}{\376\377\000C\000o\000n\000c\000l\000u\000s\000i\000o\000n\000:\000\040\000N\000o\000\040\000O\000u\000t\000s\000i\000d\000e}{}% 843
\BOOKMARK [0][-]{appendix.A}{\376\377\000A\000\040\000F\000o\000r\000m\000a\000l\000\040\000V\000o\000c\000a\000b\000u\000l\000a\000r\000y\000\040\000o\000f\000\040\000A\000n\000i\000a\000r\000a}{}% 844
\BOOKMARK [1][-]{section.A.1}{\376\377\000S\000t\000a\000t\000e\000s\000\040\000a\000n\000d\000\040\000T\000r\000a\000j\000e\000c\000t\000o\000r\000i\000e\000s}{appendix.A}% 845
\BOOKMARK [1][-]{section.A.2}{\376\377\000D\000i\000s\000t\000i\000n\000c\000t\000i\000o\000n}{appendix.A}% 846
\BOOKMARK [1][-]{section.A.3}{\376\377\000I\000n\000f\000o\000r\000m\000a\000t\000i\000o\000n}{appendix.A}% 847
\BOOKMARK [1][-]{section.A.4}{\376\377\000D\000i\000a\000g\000n\000o\000s\000t\000i\000c\000\040\000B\000o\000u\000n\000d\000a\000r\000i\000e\000s}{appendix.A}% 848
\BOOKMARK [1][-]{section.A.5}{\376\377\000C\000o\000r\000r\000e\000s\000p\000o\000n\000d\000e\000n\000c\000e}{appendix.A}% 849
\BOOKMARK [1][-]{section.A.6}{\376\377\000R\000e\000a\000c\000h\000a\000b\000i\000l\000i\000t\000y}{appendix.A}% 850
\BOOKMARK [1][-]{section.A.7}{\376\377\000B\000e\000l\000i\000e\000v\000e\000d\000\040\000a\000n\000d\000\040\000A\000c\000t\000u\000a\000l\000\040\000R\000e\000a\000c\000h\000a\000b\000i\000l\000i\000t\000y}{appendix.A}% 851
\BOOKMARK [1][-]{section.A.8}{\376\377\000A\000d\000m\000i\000s\000s\000i\000b\000i\000l\000i\000t\000y}{appendix.A}% 852
\BOOKMARK [1][-]{section.A.9}{\376\377\000R\000e\000p\000a\000i\000r}{appendix.A}% 853
\BOOKMARK [1][-]{section.A.10}{\376\377\000T\000h\000e\000\040\000N\000u\000l\000l\000\040\000I\000n\000t\000e\000r\000v\000e\000n\000t\000i\000o\000n\000\040\000a\000n\000d\000\040\000R\000e\000p\000a\000i\000r\000\040\000W\000a\000r\000r\000a\000n\000t}{appendix.A}% 854
\BOOKMARK [1][-]{section.A.11}{\376\377\000R\000e\000p\000a\000i\000r\000a\000b\000i\000l\000i\000t\000y}{appendix.A}% 855
\BOOKMARK [1][-]{section.A.12}{\376\377\000P\000e\000r\000s\000i\000s\000t\000e\000n\000c\000e}{appendix.A}% 856
\BOOKMARK [1][-]{section.A.13}{\376\377\000C\000o\000n\000t\000i\000n\000u\000a\000t\000i\000o\000n}{appendix.A}% 857
\BOOKMARK [1][-]{section.A.14}{\376\377\000V\000i\000a\000b\000i\000l\000i\000t\000y}{appendix.A}% 858
\BOOKMARK [1][-]{section.A.15}{\376\377\000P\000e\000r\000s\000i\000s\000t\000e\000n\000c\000e\000,\000\040\000C\000o\000n\000t\000i\000n\000u\000a\000t\000i\000o\000n\000,\000\040\000a\000n\000d\000\040\000V\000i\000a\000b\000i\000l\000i\000t\000y}{appendix.A}% 859
\BOOKMARK [1][-]{section.A.16}{\376\377\000C\000o\000n\000t\000r\000a\000c\000t\000i\000o\000n\000\040\000o\000f\000\040\000t\000h\000e\000\040\000F\000u\000t\000u\000r\000e}{appendix.A}% 860
\BOOKMARK [1][-]{section.A.17}{\376\377\000T\000e\000m\000p\000o\000r\000a\000l\000\040\000E\000n\000t\000r\000o\000p\000y}{appendix.A}% 861
\BOOKMARK [1][-]{section.A.18}{\376\377\000M\000e\000d\000i\000a\000t\000i\000o\000n\000\040\000a\000n\000d\000\040\000R\000e\000p\000r\000e\000s\000e\000n\000t\000a\000t\000i\000o\000n\000a\000l\000\040\000V\000a\000r\000i\000e\000t\000y}{appendix.A}% 862
\BOOKMARK [1][-]{section.A.19}{\376\377\000F\000i\000d\000e\000l\000i\000t\000y\000\040\000a\000n\000d\000\040\000P\000s\000y\000c\000h\000o\000l\000o\000g\000i\000c\000a\000l\000\040\000P\000r\000o\000t\000e\000c\000t\000i\000o\000n}{appendix.A}% 863
\BOOKMARK [1][-]{section.A.20}{\376\377\000K\000n\000o\000w\000l\000e\000d\000g\000e\000\040\000a\000n\000d\000\040\000A\000c\000t\000i\000o\000n}{appendix.A}% 864
\BOOKMARK [1][-]{section.A.21}{\376\377\000D\000i\000a\000g\000n\000o\000s\000i\000s\000\040\000a\000n\000d\000\040\000t\000h\000e\000\040\000R\000e\000p\000a\000i\000r\000\040\000W\000i\000n\000d\000o\000w}{appendix.A}% 865
\BOOKMARK [1][-]{section.A.22}{\376\377\000E\000x\000t\000e\000r\000n\000a\000l\000i\000z\000a\000t\000i\000o\000n\000\040\000a\000n\000d\000\040\000B\000o\000u\000n\000d\000a\000r\000y\000\040\000S\000e\000l\000e\000c\000t\000i\000o\000n}{appendix.A}% 866
\BOOKMARK [1][-]{section.A.23}{\376\377\000L\000o\000c\000a\000l\000\040\000a\000n\000d\000\040\000G\000l\000o\000b\000a\000l\000\040\000O\000p\000t\000i\000m\000i\000z\000a\000t\000i\000o\000n}{appendix.A}% 867
\BOOKMARK [1][-]{section.A.24}{\376\377\000S\000c\000a\000l\000e\000\040\000a\000n\000d\000\040\000H\000o\000r\000i\000z\000o\000n}{appendix.A}% 868
\BOOKMARK [1][-]{section.A.25}{\376\377\000R\000e\000c\000u\000r\000s\000i\000v\000e\000\040\000R\000e\000p\000a\000i\000r}{appendix.A}% 869
\BOOKMARK [1][-]{section.A.26}{\376\377\000W\000o\000r\000l\000d\000s\000\040\000a\000n\000d\000\040\000S\000u\000b\000s\000t\000r\000a\000t\000e\000s}{appendix.A}% 870
\BOOKMARK [1][-]{section.A.27}{\376\377\000W\000o\000r\000l\000d\000\040\000L\000o\000s\000s}{appendix.A}% 871
\BOOKMARK [1][-]{section.A.28}{\376\377\000T\000e\000r\000m\000i\000n\000a\000l\000\040\000D\000i\000a\000s\000p\000o\000r\000a}{appendix.A}% 872
\BOOKMARK [1][-]{section.A.29}{\376\377\000S\000t\000e\000w\000a\000r\000d\000s\000h\000i\000p\000\040\000a\000s\000\040\000P\000r\000e\000s\000e\000r\000v\000a\000t\000i\000o\000n\000\040\000o\000f\000\040\000R\000e\000a\000c\000h\000a\000b\000i\000l\000i\000t\000y}{appendix.A}% 873
\BOOKMARK [1][-]{section.A.30}{\376\377\000T\000h\000e\000\040\000C\000o\000n\000t\000i\000n\000u\000a\000t\000i\000o\000n\000\040\000C\000h\000a\000i\000n}{appendix.A}% 874
\BOOKMARK [1][-]{section.A.31}{\376\377\000A\000n\000i\000a\000r\000a\000\040\000a\000s\000\040\000a\000\040\000L\000i\000m\000i\000t\000\040\000C\000a\000s\000e}{appendix.A}% 875
\BOOKMARK [1][-]{section.A.32}{\376\377\000A\000\040\000C\000o\000m\000p\000a\000c\000t\000\040\000S\000t\000a\000t\000e\000m\000e\000n\000t\000\040\000o\000f\000\040\000t\000h\000e\000\040\000F\000r\000a\000m\000e\000w\000o\000r\000k}{appendix.A}% 876
